question_id,step,attempt,tool,target,called_at_utc,latency_ms,status,result_count,data_age_min,differs_from_db,cost_usd
Q00001,1,1,get_shipment,CBTU2724228,2026-08-10T00:00:53.929Z,86,ok,,0,,0
Q00001,2,1,carrier_track,CBTU2724228,2026-08-10T00:00:54.684Z,1691,ok,,0,0,0.004
Q00002,1,1,get_shipment,ORBU5351419,2026-08-10T00:41:33.193Z,49,ok,,39,,0
Q00003,1,1,list_shipments,status=in_transit,2026-08-10T01:03:02.925Z,121,ok,104,,,0
Q00003,2,1,get_shipment,SNDU4059205,2026-08-10T01:03:04.209Z,77,ok,,61,,0
Q00003,3,1,carrier_track,SNDU4059205,2026-08-10T01:03:05.227Z,2633,ok,,61,0,0.004
Q00003,4,1,get_shipment,SNDU7583025,2026-08-10T01:03:08.718Z,80,ok,,61,,0
Q00003,5,1,carrier_track,SNDU7583025,2026-08-10T01:03:09.506Z,2513,ok,,61,0,0.004
Q00003,6,1,get_shipment,ORBU8954941,2026-08-10T01:03:12.847Z,62,ok,,62,,0
Q00003,7,1,carrier_track,ORBU8954941,2026-08-10T01:03:13.816Z,2721,ok,,62,0,0.004
Q00003,8,1,get_shipment,KSTU9862688,2026-08-10T01:03:17.409Z,81,ok,,63,,0
Q00003,9,1,get_shipment,SNDU7152201,2026-08-10T01:03:18.612Z,72,ok,,61,,0
Q00003,10,1,carrier_track,SNDU7152201,2026-08-10T01:03:19.600Z,2074,ok,,61,0,0.004
Q00003,11,1,get_shipment,SNDU6530860,2026-08-10T01:03:23.103Z,76,ok,,63,,0
Q00003,12,1,get_shipment,ORBU2351205,2026-08-10T01:03:24.366Z,48,ok,,62,,0
Q00003,13,1,get_shipment,ZNTU2424708,2026-08-10T01:03:25.452Z,41,ok,,63,,0
Q00003,14,1,carrier_track,ZNTU2424708,2026-08-10T01:03:26.307Z,1104,ok,,63,0,0.004
Q00003,15,1,get_shipment,KSTU1469656,2026-08-10T01:03:28.372Z,100,ok,,61,,0
Q00003,16,1,carrier_track,KSTU1469656,2026-08-10T01:03:29.431Z,1589,ok,,61,0,0.004
Q00003,17,1,get_shipment,ORBU5351419,2026-08-10T01:03:31.968Z,44,ok,,61,,0
Q00003,18,1,get_shipment,SNDU3193843,2026-08-10T01:03:32.929Z,60,ok,,62,,0
Q00003,19,1,get_shipment,SNDU3018913,2026-08-10T01:03:33.829Z,66,ok,,61,,0
Q00003,20,1,carrier_track,SNDU3018913,2026-08-10T01:03:35.007Z,3477,ok,,61,0,0.004
Q00003,21,1,get_shipment,KSTU7990009,2026-08-10T01:03:39.166Z,68,ok,,61,,0
Q00003,22,1,carrier_track,KSTU7990009,2026-08-10T01:03:40.321Z,3074,ok,,61,0,0.004
Q00003,23,1,get_shipment,KSTU8186330,2026-08-10T01:03:44.337Z,79,ok,,63,,0
Q00003,24,1,carrier_track,KSTU8186330,2026-08-10T01:03:45.269Z,2467,ok,,63,0,0.004
Q00003,25,1,get_shipment,KSTU7143536,2026-08-10T01:03:48.536Z,42,ok,,62,,0
Q00004,1,1,list_shipments,status=in_transit,2026-08-10T01:03:07.662Z,95,ok,104,,,0
Q00004,2,1,get_shipment,SNDU4059205,2026-08-10T01:03:08.479Z,44,ok,,61,,0
Q00004,3,1,carrier_track,SNDU4059205,2026-08-10T01:03:09.285Z,1722,ok,,61,0,0.004
Q00004,4,1,get_shipment,SNDU7583025,2026-08-10T01:03:11.741Z,102,ok,,61,,0
Q00004,5,1,carrier_track,SNDU7583025,2026-08-10T01:03:12.714Z,2970,ok,,61,0,0.004
Q00004,6,1,get_shipment,ORBU8954941,2026-08-10T01:03:16.808Z,70,ok,,62,,0
Q00004,7,1,carrier_track,ORBU8954941,2026-08-10T01:03:17.749Z,1950,ok,,62,0,0.004
Q00004,8,1,get_shipment,KSTU9862688,2026-08-10T01:03:21.119Z,38,ok,,63,,0
Q00004,9,1,carrier_track,KSTU9862688,2026-08-10T01:03:22.018Z,4280,ok,,63,0,0.004
Q00004,10,1,get_shipment,SNDU7152201,2026-08-10T01:03:27.045Z,77,ok,,61,,0
Q00004,11,1,carrier_track,SNDU7152201,2026-08-10T01:03:27.806Z,4284,ok,,61,0,0.004
Q00004,12,1,get_shipment,SNDU6530860,2026-08-10T01:03:32.800Z,49,ok,,63,,0
Q00004,13,1,carrier_track,SNDU6530860,2026-08-10T01:03:33.592Z,1935,ok,,63,0,0.004
Q00004,14,1,get_shipment,ORBU2351205,2026-08-10T01:03:36.561Z,69,ok,,62,,0
Q00004,15,1,get_shipment,ZNTU2424708,2026-08-10T01:03:37.379Z,70,ok,,63,,0
Q00004,16,1,get_shipment,KSTU1469656,2026-08-10T01:03:38.434Z,53,ok,,61,,0
Q00004,17,1,carrier_track,KSTU1469656,2026-08-10T01:03:39.079Z,2070,ok,,61,0,0.004
Q00004,18,1,get_shipment,ORBU5351419,2026-08-10T01:03:41.949Z,76,ok,,61,,0
Q00004,19,1,get_shipment,SNDU3193843,2026-08-10T01:03:43.052Z,62,ok,,62,,0
Q00004,20,1,carrier_track,SNDU3193843,2026-08-10T01:03:44.423Z,1386,ok,,62,0,0.004
Q00004,21,1,get_shipment,SNDU3018913,2026-08-10T01:03:47.067Z,44,ok,,61,,0
Q00004,22,1,carrier_track,SNDU3018913,2026-08-10T01:03:48.478Z,2389,ok,,61,0,0.004
Q00004,23,1,get_shipment,KSTU7990009,2026-08-10T01:03:52.339Z,40,ok,,61,,0
Q00004,24,1,get_shipment,KSTU8186330,2026-08-10T01:03:53.229Z,96,ok,,63,,0
Q00004,25,1,carrier_track,KSTU8186330,2026-08-10T01:03:54.542Z,2517,ok,,63,0,0.004
Q00005,1,1,list_shipments,status=in_transit,2026-08-10T01:03:10.627Z,85,ok,104,,,0
Q00005,2,1,get_shipment,SNDU4059205,2026-08-10T01:03:12.041Z,45,ok,,61,,0
Q00005,3,1,carrier_track,SNDU4059205,2026-08-10T01:03:12.911Z,2476,ok,,61,0,0.004
Q00005,4,1,get_shipment,SNDU7583025,2026-08-10T01:03:16.349Z,76,ok,,61,,0
Q00005,5,1,get_shipment,ORBU8954941,2026-08-10T01:03:17.377Z,96,ok,,62,,0
Q00005,6,1,get_shipment,KSTU9862688,2026-08-10T01:03:18.230Z,45,ok,,63,,0
Q00005,7,1,get_shipment,SNDU7152201,2026-08-10T01:03:19.100Z,39,ok,,61,,0
Q00005,8,1,get_shipment,SNDU6530860,2026-08-10T01:03:19.835Z,55,ok,,63,,0
Q00005,9,1,carrier_track,SNDU6530860,2026-08-10T01:03:20.582Z,3928,ok,,63,0,0.004
Q00005,10,1,get_shipment,ORBU2351205,2026-08-10T01:03:25.546Z,49,ok,,62,,0
Q00005,11,1,get_shipment,ZNTU2424708,2026-08-10T01:03:26.422Z,46,ok,,63,,0
Q00005,12,1,get_shipment,KSTU1469656,2026-08-10T01:03:27.475Z,67,ok,,61,,0
Q00005,13,1,get_shipment,ORBU5351419,2026-08-10T01:03:28.400Z,35,ok,,61,,0
Q00005,14,1,get_shipment,SNDU3193843,2026-08-10T01:03:29.667Z,27,ok,,62,,0
Q00005,15,1,carrier_track,SNDU3193843,2026-08-10T01:03:30.691Z,4100,ok,,62,0,0.004
Q00005,16,1,get_shipment,SNDU3018913,2026-08-10T01:03:35.650Z,57,ok,,61,,0
Q00005,17,1,carrier_track,SNDU3018913,2026-08-10T01:03:36.739Z,3521,ok,,61,0,0.004
Q00005,18,1,get_shipment,KSTU7990009,2026-08-10T01:03:41.440Z,91,ok,,61,,0
Q00005,19,1,get_shipment,KSTU8186330,2026-08-10T01:03:42.331Z,59,ok,,63,,0
Q00005,20,1,get_shipment,KSTU7143536,2026-08-10T01:03:43.186Z,42,ok,,62,,0
Q00005,21,1,carrier_track,KSTU7143536,2026-08-10T01:03:44.141Z,3619,ok,,62,0,0.004
Q00005,22,1,get_shipment,KSTU3708950,2026-08-10T01:03:48.902Z,55,ok,,62,,0
Q00005,23,1,get_shipment,ZNTU4284050,2026-08-10T01:03:49.839Z,59,ok,,63,,0
Q00005,24,1,get_shipment,QVRU2410314,2026-08-10T01:03:50.821Z,40,ok,,63,,0
Q00005,25,1,get_shipment,ORBU3173581,2026-08-10T01:03:52.173Z,74,ok,,62,,0
Q00006,1,1,list_shipments,status=in_transit,2026-08-10T01:03:15.151Z,173,ok,104,,,0
Q00006,2,1,get_shipment,SNDU4059205,2026-08-10T01:03:16.564Z,42,ok,,61,,0
Q00006,3,1,carrier_track,SNDU4059205,2026-08-10T01:03:17.199Z,2912,ok,,61,0,0.004
Q00006,4,1,get_shipment,SNDU7583025,2026-08-10T01:03:20.874Z,62,ok,,61,,0
Q00006,5,1,get_shipment,ORBU8954941,2026-08-10T01:03:21.842Z,62,ok,,62,,0
Q00006,6,1,carrier_track,ORBU8954941,2026-08-10T01:03:23.022Z,1837,ok,,62,0,0.004
Q00006,7,1,get_shipment,KSTU9862688,2026-08-10T01:03:25.689Z,37,ok,,63,,0
Q00006,8,1,carrier_track,KSTU9862688,2026-08-10T01:03:26.794Z,2022,ok,,63,0,0.004
Q00006,9,1,get_shipment,SNDU7152201,2026-08-10T01:03:29.787Z,95,ok,,61,,0
Q00006,10,1,carrier_track,SNDU7152201,2026-08-10T01:03:30.816Z,1341,ok,,61,0,0.004
Q00006,11,1,get_shipment,SNDU6530860,2026-08-10T01:03:33.220Z,94,ok,,63,,0
Q00006,12,1,carrier_track,SNDU6530860,2026-08-10T01:03:34.503Z,1073,ok,,63,0,0.004
Q00006,13,1,get_shipment,ORBU2351205,2026-08-10T01:03:36.740Z,86,ok,,62,,0
Q00006,14,1,carrier_track,ORBU2351205,2026-08-10T01:03:37.812Z,1528,ok,,62,0,0.004
Q00006,15,1,get_shipment,ZNTU2424708,2026-08-10T01:03:40.584Z,43,ok,,63,,0
Q00006,16,1,get_shipment,KSTU1469656,2026-08-10T01:03:41.429Z,75,ok,,61,,0
Q00006,17,1,carrier_track,KSTU1469656,2026-08-10T01:03:42.649Z,1990,ok,,61,0,0.004
Q00006,18,1,get_shipment,ORBU5351419,2026-08-10T01:03:45.625Z,63,ok,,61,,0
Q00006,19,1,carrier_track,ORBU5351419,2026-08-10T01:03:46.754Z,2453,ok,,61,0,0.004
Q00006,20,1,get_shipment,SNDU3193843,2026-08-10T01:03:50.126Z,54,ok,,62,,0
Q00006,21,1,get_shipment,SNDU3018913,2026-08-10T01:03:51.065Z,55,ok,,61,,0
Q00006,22,1,carrier_track,SNDU3018913,2026-08-10T01:03:52.053Z,1337,ok,,61,0,0.004
Q00006,23,1,get_shipment,KSTU7990009,2026-08-10T01:03:54.433Z,75,ok,,61,,0
Q00006,24,1,get_shipment,KSTU8186330,2026-08-10T01:03:55.327Z,70,ok,,63,,0
Q00006,25,1,carrier_track,KSTU8186330,2026-08-10T01:03:56.252Z,2127,ok,,63,0,0.004
Q00007,1,1,list_shipments,status=in_transit,2026-08-10T01:03:21.362Z,129,ok,104,,,0
Q00007,2,1,get_shipment,SNDU4059205,2026-08-10T01:03:22.406Z,85,ok,,61,,0
Q00007,3,1,get_shipment,SNDU7583025,2026-08-10T01:03:23.551Z,83,ok,,61,,0
Q00007,4,1,get_shipment,ORBU8954941,2026-08-10T01:03:24.332Z,55,ok,,62,,0
Q00007,5,1,carrier_track,ORBU8954941,2026-08-10T01:03:25.030Z,2827,ok,,62,0,0.004
Q00007,6,1,get_shipment,KSTU9862688,2026-08-10T01:03:28.852Z,29,ok,,63,,0
Q00007,7,1,carrier_track,KSTU9862688,2026-08-10T01:03:29.682Z,1769,ok,,63,0,0.004
Q00007,8,1,get_shipment,SNDU7152201,2026-08-10T01:03:31.967Z,54,ok,,61,,0
Q00007,9,1,carrier_track,SNDU7152201,2026-08-10T01:03:32.816Z,912,ok,,61,0,0.004
Q00007,10,1,get_shipment,SNDU6530860,2026-08-10T01:03:34.398Z,67,ok,,63,,0
Q00007,11,1,carrier_track,SNDU6530860,2026-08-10T01:03:35.245Z,3299,ok,,63,0,0.004
Q00007,12,1,get_shipment,ORBU2351205,2026-08-10T01:03:39.286Z,39,ok,,62,,0
Q00007,13,1,carrier_track,ORBU2351205,2026-08-10T01:03:40.278Z,2283,ok,,62,0,0.004
Q00007,14,1,get_shipment,ZNTU2424708,2026-08-10T01:03:43.567Z,56,ok,,63,,0
Q00007,15,1,get_shipment,KSTU1469656,2026-08-10T01:03:44.832Z,59,ok,,61,,0
Q00007,16,1,carrier_track,KSTU1469656,2026-08-10T01:03:45.654Z,1490,ok,,61,0,0.004
Q00007,17,1,get_shipment,ORBU5351419,2026-08-10T01:03:48.159Z,66,ok,,61,,0
Q00007,18,1,carrier_track,ORBU5351419,2026-08-10T01:03:49.438Z,2079,ok,,61,0,0.004
Q00007,19,1,get_shipment,SNDU3193843,2026-08-10T01:03:52.579Z,59,ok,,62,,0
Q00007,20,1,carrier_track,SNDU3193843,2026-08-10T01:03:53.429Z,1942,ok,,62,0,0.004
Q00007,21,1,get_shipment,SNDU3018913,2026-08-10T01:03:56.245Z,77,ok,,61,,0
Q00007,22,1,carrier_track,SNDU3018913,2026-08-10T01:03:57.089Z,1740,ok,,61,0,0.004
Q00007,23,1,get_shipment,KSTU7990009,2026-08-10T01:03:59.816Z,40,ok,,61,,0
Q00007,24,1,get_shipment,KSTU8186330,2026-08-10T01:04:00.991Z,50,ok,,64,,0
Q00007,25,1,carrier_track,KSTU8186330,2026-08-10T01:04:01.767Z,4306,ok,,64,0,0.004
Q00008,1,1,search_docs,BK803834,2026-08-10T01:03:25.472Z,524,ok,,,,0
Q00009,1,1,list_shipments,status=in_transit,2026-08-10T01:03:25.247Z,111,ok,104,,,0
Q00009,2,1,get_shipment,SNDU4059205,2026-08-10T01:03:26.225Z,48,ok,,61,,0
Q00009,3,1,carrier_track,SNDU4059205,2026-08-10T01:03:27.177Z,2776,ok,,61,0,0.004
Q00009,4,1,get_shipment,SNDU7583025,2026-08-10T01:03:30.880Z,63,ok,,61,,0
Q00009,5,1,carrier_track,SNDU7583025,2026-08-10T01:03:31.595Z,2007,ok,,61,0,0.004
Q00009,6,1,get_shipment,ORBU8954941,2026-08-10T01:03:34.369Z,63,ok,,62,,0
Q00009,7,1,carrier_track,ORBU8954941,2026-08-10T01:03:35.309Z,1697,ok,,62,0,0.004
Q00009,8,1,get_shipment,KSTU9862688,2026-08-10T01:03:37.975Z,47,ok,,63,,0
Q00009,9,1,carrier_track,KSTU9862688,2026-08-10T01:03:38.914Z,2368,ok,,63,0,0.004
Q00009,10,1,get_shipment,SNDU7152201,2026-08-10T01:03:42.496Z,83,ok,,61,,0
Q00009,11,1,get_shipment,SNDU6530860,2026-08-10T01:03:43.322Z,75,ok,,63,,0
Q00009,12,1,carrier_track,SNDU6530860,2026-08-10T01:03:44.523Z,2649,ok,,63,0,0.004
Q00009,13,1,get_shipment,ORBU2351205,2026-08-10T01:03:48.143Z,31,ok,,62,,0
Q00009,14,1,carrier_track,ORBU2351205,2026-08-10T01:03:48.967Z,1946,ok,,62,0,0.004
Q00009,15,1,get_shipment,ZNTU2424708,2026-08-10T01:03:51.835Z,113,ok,,63,,0
Q00009,16,1,carrier_track,ZNTU2424708,2026-08-10T01:03:53.170Z,2429,ok,,63,0,0.004
Q00009,17,1,get_shipment,KSTU1469656,2026-08-10T01:03:56.348Z,40,ok,,61,,0
Q00009,18,1,carrier_track,KSTU1469656,2026-08-10T01:03:57.773Z,82,429,,,,0
Q00009,18,2,carrier_track,KSTU1469656,2026-08-10T01:03:58.155Z,65,429,,,,0
Q00009,18,3,carrier_track,KSTU1469656,2026-08-10T01:03:58.520Z,93,429,,,,0
Q00009,19,1,get_shipment,ORBU5351419,2026-08-10T01:03:59.959Z,42,ok,,61,,0
Q00009,20,1,get_shipment,SNDU3193843,2026-08-10T01:04:01.142Z,116,ok,,63,,0
Q00009,21,1,carrier_track,SNDU3193843,2026-08-10T01:04:02.458Z,2789,ok,,63,0,0.004
Q00009,22,1,get_shipment,SNDU3018913,2026-08-10T01:04:06.414Z,74,ok,,62,,0
Q00009,23,1,get_shipment,KSTU7990009,2026-08-10T01:04:07.602Z,81,ok,,62,,0
Q00009,24,1,carrier_track,KSTU7990009,2026-08-10T01:04:09.272Z,2372,ok,,62,0,0.004
Q00009,25,1,get_shipment,KSTU8186330,2026-08-10T01:04:12.456Z,74,ok,,64,,0
Q00010,1,1,list_shipments,status=in_transit,2026-08-10T01:03:32.499Z,106,ok,104,,,0
Q00010,2,1,get_shipment,SNDU4059205,2026-08-10T01:03:33.481Z,50,ok,,61,,0
Q00010,3,1,carrier_track,SNDU4059205,2026-08-10T01:03:34.242Z,1568,ok,,61,0,0.004
Q00010,4,1,get_shipment,SNDU7583025,2026-08-10T01:03:36.589Z,87,ok,,61,,0
Q00010,5,1,get_shipment,ORBU8954941,2026-08-10T01:03:37.826Z,103,ok,,62,,0
Q00010,6,1,get_shipment,KSTU9862688,2026-08-10T01:03:38.575Z,38,ok,,63,,0
Q00010,7,1,get_shipment,SNDU7152201,2026-08-10T01:03:39.301Z,35,ok,,61,,0
Q00010,8,1,get_shipment,SNDU6530860,2026-08-10T01:03:40.142Z,66,ok,,63,,0
Q00010,9,1,carrier_track,SNDU6530860,2026-08-10T01:03:41.269Z,1185,ok,,63,0,0.004
Q00010,10,1,get_shipment,ORBU2351205,2026-08-10T01:03:43.332Z,98,ok,,62,,0
Q00010,11,1,carrier_track,ORBU2351205,2026-08-10T01:03:44.164Z,1931,ok,,62,0,0.004
Q00010,12,1,get_shipment,ZNTU2424708,2026-08-10T01:03:47.108Z,60,ok,,63,,0
Q00010,13,1,carrier_track,ZNTU2424708,2026-08-10T01:03:47.940Z,2867,ok,,63,0,0.004
Q00010,14,1,get_shipment,KSTU1469656,2026-08-10T01:03:51.934Z,44,ok,,61,,0
Q00010,15,1,get_shipment,ORBU5351419,2026-08-10T01:03:52.820Z,49,ok,,61,,0
Q00010,16,1,carrier_track,ORBU5351419,2026-08-10T01:03:53.679Z,1719,ok,,61,0,0.004
Q00010,17,1,get_shipment,SNDU3193843,2026-08-10T01:03:56.616Z,47,ok,,62,,0
Q00010,18,1,carrier_track,SNDU3193843,2026-08-10T01:03:57.703Z,1689,ok,,62,0,0.004
Q00010,19,1,get_shipment,SNDU3018913,2026-08-10T01:04:00.367Z,95,ok,,62,,0
Q00010,20,1,carrier_track,SNDU3018913,2026-08-10T01:04:01.314Z,1028,ok,,62,0,0.004
Q00010,21,1,get_shipment,KSTU7990009,2026-08-10T01:04:03.249Z,77,ok,,62,,0
Q00010,22,1,get_shipment,KSTU8186330,2026-08-10T01:04:04.806Z,61,ok,,64,,0
Q00010,23,1,carrier_track,KSTU8186330,2026-08-10T01:04:05.926Z,1691,ok,,64,0,0.004
Q00010,24,1,get_shipment,KSTU7143536,2026-08-10T01:04:08.858Z,58,ok,,63,,0
Q00010,25,1,get_shipment,KSTU3708950,2026-08-10T01:04:09.856Z,58,ok,,63,,0
Q00011,1,1,list_shipments,status=in_transit,2026-08-10T01:03:38.392Z,193,ok,104,,,0
Q00011,2,1,get_shipment,SNDU4059205,2026-08-10T01:03:39.916Z,79,ok,,61,,0
Q00011,3,1,carrier_track,SNDU4059205,2026-08-10T01:03:40.981Z,1994,ok,,61,0,0.004
Q00011,4,1,get_shipment,SNDU7583025,2026-08-10T01:03:43.796Z,61,ok,,61,,0
Q00011,5,1,carrier_track,SNDU7583025,2026-08-10T01:03:44.902Z,2230,ok,,61,0,0.004
Q00011,6,1,get_shipment,ORBU8954941,2026-08-10T01:03:48.026Z,66,ok,,62,,0
Q00011,7,1,carrier_track,ORBU8954941,2026-08-10T01:03:49.114Z,1895,ok,,62,0,0.004
Q00011,8,1,get_shipment,KSTU9862688,2026-08-10T01:03:51.842Z,77,ok,,63,,0
Q00011,9,1,get_shipment,SNDU7152201,2026-08-10T01:03:52.819Z,87,ok,,61,,0
Q00011,10,1,carrier_track,SNDU7152201,2026-08-10T01:03:53.632Z,2236,ok,,61,0,0.004
Q00011,11,1,get_shipment,SNDU6530860,2026-08-10T01:03:56.837Z,82,ok,,63,,0
Q00011,12,1,carrier_track,SNDU6530860,2026-08-10T01:03:57.802Z,83,429,,,,0
Q00011,12,2,carrier_track,SNDU6530860,2026-08-10T01:03:58.185Z,65,429,,,,0
Q00011,12,3,carrier_track,SNDU6530860,2026-08-10T01:03:58.550Z,99,429,,,,0
Q00011,13,1,get_shipment,ORBU2351205,2026-08-10T01:04:00.095Z,40,ok,,63,,0
Q00011,14,1,get_shipment,ZNTU2424708,2026-08-10T01:04:01.107Z,39,ok,,64,,0
Q00011,15,1,carrier_track,ZNTU2424708,2026-08-10T01:04:02.262Z,1151,ok,,64,0,0.004
Q00011,16,1,get_shipment,KSTU1469656,2026-08-10T01:04:04.118Z,46,ok,,62,,0
Q00011,17,1,get_shipment,ORBU5351419,2026-08-10T01:04:05.337Z,62,ok,,62,,0
Q00011,18,1,get_shipment,SNDU3193843,2026-08-10T01:04:06.402Z,81,ok,,63,,0
Q00011,19,1,carrier_track,SNDU3193843,2026-08-10T01:04:07.539Z,1674,ok,,63,0,0.004
Q00011,20,1,get_shipment,SNDU3018913,2026-08-10T01:04:10.249Z,78,ok,,62,,0
Q00011,21,1,get_shipment,KSTU7990009,2026-08-10T01:04:11.670Z,63,ok,,62,,0
Q00011,22,1,carrier_track,KSTU7990009,2026-08-10T01:04:12.686Z,1700,ok,,62,0,0.004
Q00011,23,1,get_shipment,KSTU8186330,2026-08-10T01:04:15.702Z,67,ok,,64,,0
Q00011,24,1,carrier_track,KSTU8186330,2026-08-10T01:04:17.084Z,1885,ok,,64,0,0.004
Q00011,25,1,get_shipment,KSTU7143536,2026-08-10T01:04:20.222Z,40,ok,,63,,0
Q00012,1,1,list_shipments,status=in_transit,2026-08-10T01:04:23.786Z,103,ok,104,,,0
Q00012,2,1,get_shipment,SNDU4059205,2026-08-10T01:04:24.975Z,41,ok,,62,,0
Q00012,3,1,get_shipment,SNDU7583025,2026-08-10T01:04:25.892Z,115,ok,,62,,0
Q00012,4,1,carrier_track,SNDU7583025,2026-08-10T01:04:26.917Z,2069,ok,,62,0,0.004
Q00012,5,1,get_shipment,ORBU8954941,2026-08-10T01:04:29.730Z,57,ok,,63,,0
Q00012,6,1,carrier_track,ORBU8954941,2026-08-10T01:04:30.577Z,3167,ok,,63,0,0.004
Q00012,7,1,get_shipment,KSTU9862688,2026-08-10T01:04:35.030Z,54,ok,,64,,0
Q00012,8,1,carrier_track,KSTU9862688,2026-08-10T01:04:36.123Z,1795,ok,,64,0,0.004
Q00012,9,1,get_shipment,SNDU7152201,2026-08-10T01:04:38.870Z,70,ok,,62,,0
Q00012,10,1,carrier_track,SNDU7152201,2026-08-10T01:04:39.803Z,1809,ok,,62,0,0.004
Q00012,11,1,get_shipment,SNDU6530860,2026-08-10T01:04:42.799Z,54,ok,,64,,0
Q00012,12,1,carrier_track,SNDU6530860,2026-08-10T01:04:43.762Z,2262,ok,,64,0,0.004
Q00012,13,1,get_shipment,ORBU2351205,2026-08-10T01:04:47.009Z,74,ok,,63,,0
Q00012,14,1,carrier_track,ORBU2351205,2026-08-10T01:04:47.923Z,1314,ok,,63,0,0.004
Q00012,15,1,get_shipment,ZNTU2424708,2026-08-10T01:04:50.345Z,59,ok,,64,,0
Q00012,16,1,carrier_track,ZNTU2424708,2026-08-10T01:04:51.654Z,1500,ok,,64,0,0.004
Q00012,17,1,get_shipment,KSTU1469656,2026-08-10T01:04:54.348Z,48,ok,,62,,0
Q00012,18,1,carrier_track,KSTU1469656,2026-08-10T01:04:55.119Z,2352,ok,,62,0,0.004
Q00012,19,1,get_shipment,ORBU5351419,2026-08-10T01:04:58.032Z,65,ok,,62,,0
Q00012,20,1,carrier_track,ORBU5351419,2026-08-10T01:04:58.983Z,975,ok,,62,0,0.004
Q00012,21,1,get_shipment,SNDU3193843,2026-08-10T01:05:00.930Z,88,ok,,64,,0
Q00012,22,1,carrier_track,SNDU3193843,2026-08-10T01:05:01.926Z,1931,ok,,64,0,0.004
Q00012,23,1,get_shipment,SNDU3018913,2026-08-10T01:05:04.835Z,81,ok,,63,,0
Q00012,24,1,carrier_track,SNDU3018913,2026-08-10T01:05:05.622Z,1621,ok,,63,0,0.004
Q00012,25,1,get_shipment,KSTU7990009,2026-08-10T01:05:08.054Z,48,ok,,63,,0
Q00013,1,1,get_shipment,ORBU4463554,2026-08-10T01:04:46.262Z,49,ok,,63,,0
Q00013,2,1,carrier_track,ORBU4463554,2026-08-10T01:04:47.787Z,1170,ok,,63,0,0.004
Q00020,1,1,get_shipment,ORBU4341855,2026-08-10T01:12:09.884Z,57,ok,,72,,0
Q00021,1,1,get_shipment,QVRU9513238,2026-08-10T01:14:18.603Z,67,ok,,72,,0
Q00021,2,1,carrier_track,QVRU9513238,2026-08-10T01:14:19.927Z,2780,ok,,72,0,0.004
Q00022,1,1,get_shipment,ZNTU9304748,2026-08-10T01:14:37.530Z,71,ok,,72,,0
Q00022,2,1,carrier_track,ZNTU9304748,2026-08-10T01:14:38.609Z,2601,ok,,72,0,0.004
Q00023,1,1,get_shipment,CBTU3984664,2026-08-10T01:21:25.085Z,48,ok,,80,,0
Q00023,2,1,carrier_track,CBTU3984664,2026-08-10T01:21:25.742Z,1190,ok,,80,0,0.004
Q00024,1,1,get_shipment,CBTU6157279,2026-08-10T01:28:53.862Z,87,ok,,86,,0
Q00024,2,1,carrier_track,CBTU6157279,2026-08-10T01:28:55.155Z,1532,ok,,86,0,0.004
Q00025,1,1,search_docs,BK557431,2026-08-10T01:36:45.672Z,436,ok,,,,0
Q00026,1,1,get_shipment,QVRU4028605,2026-08-10T01:42:04.861Z,58,ok,,102,,0
Q00026,2,1,carrier_track,QVRU4028605,2026-08-10T01:42:05.713Z,3695,ok,,102,0,0.004
Q00027,1,1,get_shipment,SNDU6790659,2026-08-10T01:43:01.617Z,61,ok,,103,,0
Q00027,2,1,carrier_track,SNDU6790659,2026-08-10T01:43:02.362Z,1332,ok,,103,0,0.004
Q00028,1,1,get_shipment,QVRU1257465,2026-08-10T01:43:52.089Z,67,ok,,103,,0
Q00029,1,1,list_shipments,status=at_origin,2026-08-10T01:45:18.799Z,71,ok,166,,,0
Q00029,2,1,get_shipment,ORBU6345416,2026-08-10T01:45:19.830Z,72,ok,,103,,0
Q00029,3,1,carrier_track,ORBU6345416,2026-08-10T01:45:20.882Z,1824,ok,,103,0,0.004
Q00029,4,1,get_shipment,CBTU1905850,2026-08-10T01:45:23.961Z,56,ok,,103,,0
Q00029,5,1,get_shipment,SNDU2702289,2026-08-10T01:45:24.796Z,94,ok,,105,,0
Q00029,6,1,carrier_track,SNDU2702289,2026-08-10T01:45:25.779Z,901,ok,,105,0,0.004
Q00029,7,1,get_shipment,SNDU7312081,2026-08-10T01:45:27.645Z,65,ok,,103,,0
Q00029,8,1,carrier_track,SNDU7312081,2026-08-10T01:45:28.586Z,4698,ok,,103,0,0.004
Q00029,9,1,get_shipment,CBTU5441883,2026-08-10T01:45:34.467Z,38,ok,,105,,0
Q00029,10,1,carrier_track,CBTU5441883,2026-08-10T01:45:35.513Z,3753,ok,,105,0,0.004
Q00029,11,1,get_shipment,SNDU6001115,2026-08-10T01:45:40.133Z,83,ok,,104,,0
Q00029,12,1,get_shipment,KSTU7722368,2026-08-10T01:45:41.099Z,88,ok,,104,,0
Q00029,13,1,get_shipment,ORBU1486206,2026-08-10T01:45:41.983Z,56,ok,,105,,0
Q00029,14,1,get_shipment,CBTU6776075,2026-08-10T01:45:43.565Z,90,ok,,104,,0
Q00029,15,1,carrier_track,CBTU6776075,2026-08-10T01:45:44.486Z,2559,ok,,104,0,0.004
Q00029,16,1,get_shipment,KSTU9097578,2026-08-10T01:45:48.258Z,100,ok,,105,,0
Q00029,17,1,get_shipment,ZNTU6771478,2026-08-10T01:45:49.497Z,36,ok,,105,,0
Q00029,18,1,get_shipment,ZNTU4344024,2026-08-10T01:45:50.457Z,89,ok,,103,,0
Q00029,19,1,carrier_track,ZNTU4344024,2026-08-10T01:45:51.605Z,1803,ok,,103,0,0.004
Q00029,20,1,get_shipment,ORBU2455421,2026-08-10T01:45:54.426Z,48,ok,,104,,0
Q00029,21,1,carrier_track,ORBU2455421,2026-08-10T01:45:55.519Z,1444,ok,,104,0,0.004
Q00029,22,1,get_shipment,KSTU8807342,2026-08-10T01:45:58.071Z,53,ok,,103,,0
Q00029,23,1,get_shipment,ZNTU6878862,2026-08-10T01:45:58.940Z,86,ok,,105,,0
Q00029,24,1,carrier_track,ZNTU6878862,2026-08-10T01:45:59.810Z,1788,ok,,105,0,0.004
Q00029,25,1,get_shipment,CBTU2724228,2026-08-10T01:46:02.430Z,53,ok,,106,,0
Q00030,1,1,get_shipment,SNDU7966646,2026-08-10T01:45:35.086Z,73,ok,,105,,0
Q00030,2,1,carrier_track,SNDU7966646,2026-08-10T01:45:36.067Z,2171,ok,,105,0,0.004
Q00033,1,1,search_docs,BK643426,2026-08-10T01:51:07.689Z,698,ok,,,,0
Q00034,1,1,search_docs,BK643426,2026-08-10T01:54:50.922Z,297,ok,,,,0
Q00035,1,1,get_shipment,KSTU2054477,2026-08-10T01:57:08.943Z,45,ok,,115,,0
Q00035,2,1,carrier_track,KSTU2054477,2026-08-10T01:57:09.822Z,3687,ok,,115,0,0.004
Q00036,1,1,get_shipment,CBTU1568481,2026-08-10T02:02:06.656Z,127,ok,,121,,0
Q00036,2,1,carrier_track,CBTU1568481,2026-08-10T02:02:07.566Z,3229,ok,,121,0,0.004
Q00037,1,1,get_shipment,CBTU4308493,2026-08-10T02:08:42.806Z,87,ok,,128,,0
Q00037,2,1,carrier_track,CBTU4308493,2026-08-10T02:08:43.636Z,2221,ok,,128,0,0.004
Q00038,1,1,get_shipment,QVRU5398524,2026-08-10T02:11:20.642Z,50,ok,,130,,0
Q00038,2,1,carrier_track,QVRU5398524,2026-08-10T02:11:21.160Z,3817,ok,,130,0,0.004
Q00039,1,1,get_shipment,ORBU4463554,2026-08-10T02:13:00.421Z,60,ok,,132,,0
Q00039,2,1,carrier_track,ORBU4463554,2026-08-10T02:13:01.181Z,2765,ok,,132,0,0.004
Q00040,1,1,get_shipment,SNDU2341639,2026-08-10T02:14:02.879Z,76,ok,,132,,0
Q00041,1,1,get_shipment,KSTU8186330,2026-08-10T02:16:06.105Z,74,ok,,136,,0
Q00041,2,1,carrier_track,KSTU8186330,2026-08-10T02:16:07.076Z,1745,ok,,136,0,0.004
Q00042,1,1,get_shipment,KSTU1006703,2026-08-10T02:21:37.463Z,42,ok,,141,,0
Q00042,2,1,carrier_track,KSTU1006703,2026-08-10T02:21:38.277Z,3228,ok,,141,0,0.004
Q00043,1,1,get_shipment,CBTU9998559,2026-08-10T02:23:24.019Z,83,ok,,143,,0
Q00043,2,1,carrier_track,CBTU9998559,2026-08-10T02:23:25.184Z,1934,ok,,143,0,0.004
Q00044,1,1,get_shipment,SNDU7583025,2026-08-10T02:25:19.304Z,98,ok,,143,,0
Q00044,2,1,carrier_track,SNDU7583025,2026-08-10T02:25:20.436Z,1996,ok,,143,0,0.004
Q00045,1,1,get_shipment,ORBU8700252,2026-08-10T02:27:54.247Z,47,ok,,146,,0
Q00046,1,1,search_docs,BK232180,2026-08-10T02:30:48.955Z,349,ok,,,,0
Q00047,1,1,get_shipment,CBTU6776075,2026-08-10T02:31:11.062Z,56,ok,,150,,0
Q00047,2,1,carrier_track,CBTU6776075,2026-08-10T02:31:12.096Z,2391,ok,,150,0,0.004
Q00049,1,1,get_shipment,QVRU4442996,2026-08-10T02:38:52.197Z,58,ok,,158,,0
Q00049,2,1,carrier_track,QVRU4442996,2026-08-10T02:38:53.040Z,2473,ok,,158,0,0.004
Q00050,1,1,get_shipment,KSTU8807342,2026-08-10T02:43:46.935Z,48,ok,,161,,0
Q00051,1,1,get_shipment,SNDU9123047,2026-08-10T02:47:58.737Z,43,ok,,167,,0
Q00053,1,1,get_shipment,ZNTU6052542,2026-08-10T02:50:32.414Z,70,ok,,169,,0
Q00054,1,1,get_shipment,QVRU5214824,2026-08-10T02:54:12.292Z,113,ok,,174,,0
Q00054,2,1,carrier_track,QVRU5214824,2026-08-10T02:54:13.197Z,538,ok,,174,0,0.004
Q00055,1,1,search_docs,BK945678,2026-08-10T02:56:56.598Z,388,ok,,,,0
Q00055,2,1,search_docs,BK945678,2026-08-10T02:56:58.112Z,500,ok,,,,0
Q00056,1,1,search_docs,BK812696,2026-08-10T02:58:43.250Z,509,ok,,,,0
Q00056,2,1,search_docs,BK812696,2026-08-10T02:58:44.733Z,384,ok,,,,0
Q00057,1,1,get_shipment,SNDU6530860,2026-08-10T02:59:41.701Z,41,ok,,179,,0
Q00057,2,1,carrier_track,SNDU6530860,2026-08-10T02:59:42.684Z,2510,ok,,179,0,0.004
Q00058,1,1,get_shipment,QVRU6705153,2026-08-10T03:00:34.454Z,77,ok,,180,,0
Q00059,1,1,get_shipment,SNDU3688987,2026-08-10T03:02:27.742Z,59,ok,,181,,0
Q00060,1,1,search_docs,BK115967,2026-08-10T03:03:17.737Z,603,ok,,,,0
Q00060,2,1,search_docs,BK115967,2026-08-10T03:03:19.314Z,732,ok,,,,0
Q00061,1,1,get_shipment,SNDU9829995,2026-08-10T03:06:13.698Z,36,ok,,185,,0
Q00063,1,1,get_shipment,KSTU8939294,2026-08-10T03:24:04.139Z,94,ok,,203,,0
Q00064,1,1,get_shipment,KSTU5276741,2026-08-10T03:27:49.496Z,67,ok,,207,,0
Q00064,2,1,carrier_track,KSTU5276741,2026-08-10T03:27:50.370Z,1210,ok,,207,0,0.004
Q00065,1,1,get_shipment,SNDU4523298,2026-08-10T03:30:18.454Z,118,ok,,209,,0
Q00066,1,1,get_shipment,CBTU1482053,2026-08-10T03:30:29.488Z,75,ok,,208,,0
Q00067,1,1,get_shipment,SNDU7867663,2026-08-10T03:30:37.983Z,29,ok,,210,,0
Q00067,2,1,carrier_track,SNDU7867663,2026-08-10T03:30:38.707Z,1297,ok,,210,0,0.004
Q00068,1,1,get_shipment,ORBU4199138,2026-08-10T03:32:56.123Z,68,ok,,211,,0
Q00068,2,1,carrier_track,ORBU4199138,2026-08-10T03:32:56.877Z,2675,ok,,211,0,0.004
Q00070,1,1,get_shipment,CBTU4709891,2026-08-10T03:39:10.020Z,91,ok,,218,,0
Q00070,2,1,carrier_track,CBTU4709891,2026-08-10T03:39:11.140Z,1334,ok,,218,0,0.004
Q00071,1,1,get_shipment,CBTU9998559,2026-08-10T03:42:43.593Z,44,ok,,222,,0
Q00071,2,1,carrier_track,CBTU9998559,2026-08-10T03:42:44.315Z,3016,ok,,222,0,0.004
Q00073,1,1,get_shipment,ORBU8255295,2026-08-10T03:45:47.799Z,35,ok,,224,,0
Q00074,1,1,get_shipment,QVRU2825241,2026-08-10T03:54:38.957Z,76,ok,,234,,0
Q00074,2,1,carrier_track,QVRU2825241,2026-08-10T03:54:40.044Z,1113,ok,,234,0,0.004
Q00076,1,1,get_shipment,ZNTU2607335,2026-08-10T04:33:12.502Z,53,ok,,32,,0
Q00076,2,1,carrier_track,ZNTU2607335,2026-08-10T04:33:13.294Z,3048,ok,,32,0,0.004
Q00077,1,1,get_shipment,QVRU1406959,2026-08-10T04:34:03.008Z,36,ok,,33,,0
Q00078,1,1,get_shipment,ZNTU5211866,2026-08-10T04:50:04.516Z,63,ok,,49,,0
Q00078,2,1,carrier_track,ZNTU5211866,2026-08-10T04:50:05.372Z,1532,ok,,49,0,0.004
Q00079,1,1,get_shipment,ORBU4158313,2026-08-10T04:57:46.804Z,70,ok,,57,,0
Q00080,1,1,get_shipment,BK481272,2026-08-10T05:04:59.900Z,59,ok,,64,,0
Q00080,2,1,carrier_track,SNDU2702289,2026-08-10T05:05:00.620Z,1867,ok,,65,0,0.004
Q00081,1,1,get_shipment,BK234182,2026-08-10T05:08:18.318Z,69,ok,,67,,0
Q00081,2,1,carrier_track,CBTU6096620,2026-08-10T05:08:19.328Z,3494,ok,,67,1,0.004
Q00082,1,1,search_docs,BK619774,2026-08-10T05:16:27.501Z,277,ok,,,,0
Q00082,2,1,search_docs,BK619774,2026-08-10T05:16:28.982Z,307,ok,,,,0
Q00082,3,1,get_shipment,BK619774,2026-08-10T05:16:29.968Z,77,ok,,76,,0
Q00084,1,1,get_shipment,CBTU5364912,2026-08-10T05:50:08.085Z,41,ok,,108,,0
Q00084,2,1,carrier_track,CBTU5364912,2026-08-10T05:50:08.838Z,1232,ok,,108,1,0.004
Q00085,1,1,get_shipment,CBTU8562502,2026-08-10T05:51:40.910Z,46,ok,,110,,0
Q00086,1,1,get_shipment,SNDU3018913,2026-08-10T05:52:15.330Z,60,ok,,110,,0
Q00087,1,1,get_shipment,CBTU7649787,2026-08-10T05:55:56.185Z,42,ok,,113,,0
Q00087,2,1,carrier_track,CBTU7649787,2026-08-10T05:55:56.887Z,1458,ok,,113,0,0.004
Q00088,1,1,get_shipment,ZNTU3128701,2026-08-10T06:05:34.731Z,59,ok,,123,,0
Q00088,2,1,carrier_track,ZNTU3128701,2026-08-10T06:05:35.553Z,1480,ok,,123,0,0.004
Q00089,1,1,search_docs,BK426814,2026-08-10T06:06:11.209Z,347,ok,,,,0
Q00089,2,1,search_docs,BK426814,2026-08-10T06:06:12.613Z,501,ok,,,,0
Q00090,1,1,get_shipment,BK517838,2026-08-10T06:10:54.969Z,89,ok,,130,,0
Q00091,1,1,get_shipment,ORBU5012569,2026-08-10T06:14:58.540Z,60,ok,,132,,0
Q00091,2,1,carrier_track,ORBU5012569,2026-08-10T06:14:59.518Z,1893,ok,,132,0,0.004
Q00092,1,1,get_shipment,CBTU5667390,2026-08-10T06:17:42.622Z,61,ok,,136,,0
Q00092,2,1,carrier_track,CBTU5667390,2026-08-10T06:17:43.429Z,2128,ok,,136,0,0.004
Q00093,1,1,get_shipment,KSTU3708950,2026-08-10T06:18:31.800Z,65,ok,,137,,0
Q00093,2,1,carrier_track,KSTU3708950,2026-08-10T06:18:32.817Z,3136,ok,,137,0,0.004
Q00094,1,1,get_shipment,BK812608,2026-08-10T06:34:04.881Z,63,ok,,153,,0
Q00094,2,1,carrier_track,CBTU4835374,2026-08-10T06:34:05.888Z,2493,ok,,153,0,0.004
Q00095,1,1,search_docs,BK169858,2026-08-10T06:34:30.661Z,569,ok,,,,0
Q00096,1,1,search_docs,BK378464,2026-08-10T06:36:07.861Z,524,ok,,,,0
Q00096,2,1,get_shipment,BK378464,2026-08-10T06:36:09.237Z,52,ok,,156,,0
Q00097,1,1,get_shipment,QVRU4412616,2026-08-10T06:38:54.407Z,95,ok,,158,,0
Q00097,2,1,carrier_track,QVRU4412616,2026-08-10T06:38:55.546Z,1855,ok,,158,0,0.004
Q00098,1,1,get_shipment,ZNTU4344024,2026-08-10T06:42:34.103Z,86,ok,,160,,0
Q00098,2,1,carrier_track,ZNTU4344024,2026-08-10T06:42:35.100Z,2900,ok,,160,0,0.004
Q00099,1,1,get_shipment,BK733034,2026-08-10T06:46:34.910Z,52,ok,,166,,0
Q00099,2,1,carrier_track,KSTU5315327,2026-08-10T06:46:35.591Z,2201,ok,,166,0,0.004
Q00100,1,1,search_docs,BK537976,2026-08-10T06:57:24.098Z,321,ok,,,,0
Q00101,1,1,get_shipment,SNDU6784955,2026-08-10T07:02:26.747Z,48,ok,,181,,0
Q00101,2,1,carrier_track,SNDU6784955,2026-08-10T07:02:27.715Z,1135,ok,,181,0,0.004
Q00102,1,1,get_shipment,QVRU1568138,2026-08-10T07:09:32.373Z,64,ok,,188,,0
Q00102,2,1,carrier_track,QVRU1568138,2026-08-10T07:09:33.147Z,2733,ok,,188,0,0.004
Q00103,1,1,search_docs,BK479324,2026-08-10T07:14:33.421Z,362,ok,,,,0
Q00104,1,1,search_docs,BK442190,2026-08-10T07:44:36.833Z,477,ok,,,,0
Q00104,2,1,get_shipment,BK442190,2026-08-10T07:44:38.303Z,98,ok,,224,,0
Q00105,1,1,get_shipment,QVRU1865998,2026-08-10T07:50:36.284Z,68,ok,,230,,0
Q00106,1,1,get_shipment,ORBU5989617,2026-08-10T07:51:26.008Z,66,ok,,231,,0
Q00106,2,1,carrier_track,ORBU5989617,2026-08-10T07:51:26.868Z,2682,ok,,231,0,0.004
Q00107,1,1,get_shipment,SNDU2528309,2026-08-10T07:56:13.950Z,73,ok,,234,,0
Q00107,2,1,carrier_track,SNDU2528309,2026-08-10T07:56:14.806Z,1379,ok,,234,0,0.004
Q00108,1,1,get_shipment,CBTU8950025,2026-08-10T08:15:59.996Z,41,ok,,15,,0
Q00108,2,1,carrier_track,CBTU8950025,2026-08-10T08:16:00.845Z,1953,ok,,16,0,0.004
Q00109,1,1,get_shipment,ORBU1895476,2026-08-10T08:18:00.408Z,62,ok,,16,,0
Q00109,2,1,carrier_track,ORBU1895476,2026-08-10T08:18:01.366Z,2254,ok,,16,0,0.004
Q00110,1,1,get_shipment,SNDU9217889,2026-08-10T08:22:16.320Z,67,ok,,20,,0
Q00111,1,1,get_shipment,QVRU1073176,2026-08-10T08:23:46.627Z,79,ok,,23,,0
Q00111,2,1,carrier_track,QVRU1073176,2026-08-10T08:23:48.035Z,3225,ok,,23,0,0.004
Q00112,1,1,get_shipment,SNDU9748521,2026-08-10T08:24:45.207Z,51,ok,,23,,0
Q00112,2,1,carrier_track,SNDU9748521,2026-08-10T08:24:46.794Z,3847,ok,,23,0,0.004
Q00113,1,1,get_shipment,QVRU8335233,2026-08-10T08:48:58.322Z,84,ok,,48,,0
Q00113,2,1,carrier_track,QVRU8335233,2026-08-10T08:48:59.431Z,2574,ok,,48,0,0.004
Q00114,1,1,get_shipment,CBTU9998559,2026-08-10T08:56:52.573Z,57,ok,,56,,0
Q00114,2,1,carrier_track,CBTU9998559,2026-08-10T08:56:53.399Z,1151,ok,,56,1,0.004
Q00116,1,1,get_shipment,KSTU5458176,2026-08-10T09:03:07.989Z,66,ok,,62,,0
Q00116,2,1,carrier_track,KSTU5458176,2026-08-10T09:03:08.761Z,1247,ok,,62,0,0.004
Q00117,1,1,get_shipment,SNDU4059205,2026-08-10T09:03:17.515Z,62,ok,,61,,0
Q00117,2,1,carrier_track,SNDU4059205,2026-08-10T09:03:18.220Z,2213,ok,,61,0,0.004
Q00118,1,1,search_docs,BK735581,2026-08-10T09:09:51.948Z,519,ok,,,,0
Q00118,2,1,search_docs,BK735581,2026-08-10T09:09:53.059Z,570,ok,,,,0
Q00119,1,1,get_shipment,SNDU5355235,2026-08-10T09:23:07.542Z,56,ok,,82,,0
Q00120,1,1,get_shipment,BK556049,2026-08-10T09:30:18.408Z,84,ok,,90,,0
Q00121,1,1,get_shipment,CBTU6424642,2026-08-10T09:33:14.847Z,36,ok,,92,,0
Q00121,2,1,carrier_track,CBTU6424642,2026-08-10T09:33:15.478Z,1503,ok,,92,0,0.004
Q00122,1,1,get_shipment,QVRU4412616,2026-08-10T09:42:23.891Z,47,ok,,102,,0
Q00122,2,1,carrier_track,QVRU4412616,2026-08-10T09:42:24.569Z,1676,ok,,102,0,0.004
Q00125,1,1,get_shipment,BK525941,2026-08-10T09:56:04.706Z,62,ok,,114,,0
Q00126,1,1,get_shipment,CBTU8358254,2026-08-10T09:56:29.109Z,87,ok,,115,,0
Q00126,2,1,carrier_track,CBTU8358254,2026-08-10T09:56:30.189Z,1725,ok,,115,0,0.004
Q00127,1,1,get_shipment,SNDU2341639,2026-08-10T10:20:37.005Z,69,ok,,138,,0
Q00127,2,1,carrier_track,SNDU2341639,2026-08-10T10:20:37.892Z,2364,ok,,138,0,0.004
Q00128,1,1,get_shipment,ZNTU9688794,2026-08-10T10:31:03.760Z,58,ok,,151,,0
Q00129,1,1,get_shipment,ORBU8251664,2026-08-10T10:38:12.187Z,43,ok,,158,,0
Q00129,2,1,carrier_track,ORBU8251664,2026-08-10T10:38:13.169Z,2272,ok,,158,0,0.004
Q00130,1,1,search_docs,BK561853,2026-08-10T10:42:12.659Z,325,ok,,,,0
Q00133,1,1,get_shipment,ZNTU4284050,2026-08-11T00:29:12.676Z,67,ok,,29,,0
Q00133,2,1,carrier_track,ZNTU4284050,2026-08-11T00:29:13.577Z,1597,ok,,29,0,0.004
Q00134,1,1,search_docs,BK166761,2026-08-11T00:34:01.592Z,397,ok,,,,0
Q00134,2,1,search_docs,BK166761,2026-08-11T00:34:03.004Z,352,ok,,,,0
Q00135,1,1,get_shipment,KSTU2836290,2026-08-11T00:36:14.889Z,53,ok,,35,,0
Q00135,2,1,carrier_track,KSTU2836290,2026-08-11T00:36:16.076Z,1518,ok,,35,0,0.004
Q00136,1,1,get_shipment,KSTU6353232,2026-08-11T00:46:42.167Z,45,ok,,46,,0
Q00136,2,1,carrier_track,KSTU6353232,2026-08-11T00:46:43.140Z,2862,ok,,46,0,0.004
Q00137,1,1,search_docs,BK608219,2026-08-11T00:48:16.036Z,459,ok,,,,0
Q00140,1,1,get_shipment,QVRU1865998,2026-08-11T01:02:24.771Z,50,ok,,62,,0
Q00141,1,1,search_docs,BK495172,2026-08-11T01:02:31.192Z,399,ok,,,,0
Q00141,2,1,search_docs,BK495172,2026-08-11T01:02:32.414Z,616,ok,,,,0
Q00142,1,1,search_docs,BK464698,2026-08-11T01:02:52.993Z,686,ok,,,,0
Q00142,2,1,get_shipment,BK464698,2026-08-11T01:02:54.581Z,48,ok,,62,,0
Q00144,1,1,list_shipments,status=in_transit,2026-08-11T01:08:32.697Z,126,ok,2,,,0
Q00144,2,1,get_shipment,KSTU6319954,2026-08-11T01:08:33.505Z,70,ok,,66,,0
Q00144,3,1,carrier_track,KSTU6319954,2026-08-11T01:08:34.775Z,1927,ok,,66,0,0.004
Q00144,4,1,get_shipment,SNDU1833820,2026-08-11T01:08:37.595Z,33,ok,,68,,0
Q00144,5,1,carrier_track,SNDU1833820,2026-08-11T01:08:38.876Z,1201,ok,,68,0,0.004
Q00145,1,1,search_docs,BK479324,2026-08-11T01:09:50.240Z,486,ok,,,,0
Q00146,1,1,get_shipment,ZNTU2009128,2026-08-11T01:10:09.865Z,63,ok,,69,,0
Q00146,2,1,carrier_track,ZNTU2009128,2026-08-11T01:10:10.749Z,2051,ok,,69,0,0.004
Q00147,1,1,search_docs,BK677122,2026-08-11T01:12:20.384Z,433,ok,,,,0
Q00148,1,1,get_shipment,KSTU8875252,2026-08-11T01:19:26.238Z,42,ok,,77,,0
Q00148,2,1,carrier_track,KSTU8875252,2026-08-11T01:19:27.334Z,2552,ok,,77,0,0.004
Q00149,1,1,search_docs,BK518917,2026-08-11T01:26:49.178Z,469,ok,,,,0
Q00150,1,1,search_docs,BK328217,2026-08-11T01:31:47.120Z,557,ok,,,,0
Q00150,2,1,search_docs,BK328217,2026-08-11T01:31:48.696Z,431,ok,,,,0
Q00151,1,1,get_shipment,QVRU3225560,2026-08-11T01:32:26.444Z,45,ok,,91,,0
Q00151,2,1,carrier_track,QVRU3225560,2026-08-11T01:32:27.557Z,1832,ok,,91,0,0.004
Q00152,1,1,get_shipment,QVRU9438453,2026-08-11T01:37:14.414Z,49,ok,,95,,0
Q00153,1,1,list_shipments,status=in_transit,2026-08-11T01:38:18.337Z,198,ok,107,,,0
Q00153,2,1,get_shipment,SNDU4059205,2026-08-11T01:38:19.326Z,40,ok,,96,,0
Q00153,3,1,carrier_track,SNDU4059205,2026-08-11T01:38:20.241Z,1228,ok,,96,0,0.004
Q00153,4,1,get_shipment,SNDU7583025,2026-08-11T01:38:22.409Z,55,ok,,96,,0
Q00153,5,1,get_shipment,ORBU8954941,2026-08-11T01:38:23.683Z,68,ok,,97,,0
Q00153,6,1,carrier_track,ORBU8954941,2026-08-11T01:38:24.681Z,2702,ok,,97,0,0.004
Q00153,7,1,get_shipment,KSTU9862688,2026-08-11T01:38:28.078Z,74,ok,,98,,0
Q00153,8,1,get_shipment,SNDU7152201,2026-08-11T01:38:29.050Z,120,ok,,96,,0
Q00153,9,1,get_shipment,SNDU6530860,2026-08-11T01:38:29.998Z,49,ok,,98,,0
Q00153,10,1,carrier_track,SNDU6530860,2026-08-11T01:38:31.202Z,1756,ok,,98,0,0.004
Q00153,11,1,get_shipment,ORBU2351205,2026-08-11T01:38:33.938Z,40,ok,,97,,0
Q00153,12,1,carrier_track,ORBU2351205,2026-08-11T01:38:35.036Z,1689,ok,,97,0,0.004
Q00153,13,1,get_shipment,ZNTU2424708,2026-08-11T01:38:37.694Z,72,ok,,98,,0
Q00153,14,1,carrier_track,ZNTU2424708,2026-08-11T01:38:38.795Z,1212,ok,,98,0,0.004
Q00153,15,1,get_shipment,KSTU1469656,2026-08-11T01:38:41.188Z,60,ok,,96,,0
Q00153,16,1,carrier_track,KSTU1469656,2026-08-11T01:38:42.116Z,1758,ok,,96,0,0.004
Q00153,17,1,get_shipment,ORBU5351419,2026-08-11T01:38:44.660Z,64,ok,,96,,0
Q00153,18,1,get_shipment,SNDU3193843,2026-08-11T01:38:46.089Z,33,ok,,97,,0
Q00153,19,1,carrier_track,SNDU3193843,2026-08-11T01:38:47.631Z,1804,ok,,97,0,0.004
Q00153,20,1,get_shipment,SNDU3018913,2026-08-11T01:38:51.179Z,40,ok,,96,,0
Q00153,21,1,get_shipment,SNDU9947044,2026-08-11T01:38:52.200Z,64,ok,,96,,0
Q00153,22,1,get_shipment,KSTU7990009,2026-08-11T01:38:53.200Z,42,ok,,96,,0
Q00153,23,1,get_shipment,KSTU8186330,2026-08-11T01:38:54.024Z,67,ok,,98,,0
Q00153,24,1,get_shipment,KSTU7143536,2026-08-11T01:38:55.051Z,94,ok,,97,,0
Q00153,25,1,get_shipment,KSTU3708950,2026-08-11T01:38:56.004Z,70,ok,,97,,0
Q00155,1,1,get_shipment,QVRU5816901,2026-08-11T01:42:13.846Z,54,ok,,101,,0
Q00155,2,1,carrier_track,QVRU5816901,2026-08-11T01:42:14.956Z,1280,ok,,101,0,0.004
Q00156,1,1,get_shipment,ORBU8700252,2026-08-11T01:49:50.010Z,61,ok,,108,,0
Q00156,2,1,carrier_track,ORBU8700252,2026-08-11T01:49:50.800Z,1345,ok,,108,0,0.004
Q00157,1,1,search_docs,BK548845,2026-08-11T01:50:15.389Z,281,ok,,,,0
Q00158,1,1,list_shipments,status=in_transit,2026-08-11T01:51:51.268Z,88,ok,0,,,0
Q00159,1,1,get_shipment,KSTU3670703,2026-08-11T01:53:39.395Z,91,ok,,112,,0
Q00159,2,1,carrier_track,KSTU3670703,2026-08-11T01:53:40.192Z,1858,ok,,112,0,0.004
Q00160,1,1,list_shipments,status=at_origin,2026-08-11T02:03:51.789Z,103,ok,12,,,0
Q00160,2,1,get_shipment,ORBU7933796,2026-08-11T02:03:52.849Z,72,ok,,121,,0
Q00160,3,1,get_shipment,KSTU8875252,2026-08-11T02:03:53.574Z,58,ok,,121,,0
Q00160,4,1,carrier_track,KSTU8875252,2026-08-11T02:03:54.399Z,4078,ok,,121,0,0.004
Q00160,5,1,get_shipment,ZNTU5253848,2026-08-11T02:03:59.452Z,90,ok,,121,,0
Q00160,6,1,carrier_track,ZNTU5253848,2026-08-11T02:04:00.172Z,3892,ok,,122,0,0.004
Q00160,7,1,get_shipment,ORBU7005864,2026-08-11T02:04:04.897Z,63,ok,,123,,0
Q00160,8,1,get_shipment,ZNTU2433135,2026-08-11T02:04:05.630Z,50,ok,,123,,0
Q00160,9,1,carrier_track,ZNTU2433135,2026-08-11T02:04:06.754Z,3200,ok,,123,0,0.004
Q00160,10,1,get_shipment,ZNTU1957356,2026-08-11T02:04:10.731Z,42,ok,,124,,0
Q00160,11,1,get_shipment,SNDU6790659,2026-08-11T02:04:11.468Z,48,ok,,124,,0
Q00160,12,1,carrier_track,SNDU6790659,2026-08-11T02:04:12.310Z,2480,ok,,124,0,0.004
Q00160,13,1,get_shipment,QVRU5915596,2026-08-11T02:04:15.706Z,95,ok,,124,,0
Q00160,14,1,carrier_track,QVRU5915596,2026-08-11T02:04:16.730Z,2041,ok,,124,0,0.004
Q00160,15,1,get_shipment,KSTU8582626,2026-08-11T02:04:19.710Z,79,ok,,123,,0
Q00160,16,1,carrier_track,KSTU8582626,2026-08-11T02:04:20.445Z,2599,ok,,123,0,0.004
Q00160,17,1,get_shipment,SNDU3817108,2026-08-11T02:04:23.688Z,69,ok,,124,,0
Q00160,18,1,carrier_track,SNDU3817108,2026-08-11T02:04:24.715Z,1590,ok,,124,0,0.004
Q00160,19,1,get_shipment,CBTU5983567,2026-08-11T02:04:27.198Z,85,ok,,124,,0
Q00160,20,1,get_shipment,CBTU8358254,2026-08-11T02:04:28.386Z,71,ok,,123,,0
Q00162,1,1,get_shipment,SNDU5450932,2026-08-11T02:05:19.412Z,47,ok,,125,,0
Q00162,2,1,carrier_track,SNDU5450932,2026-08-11T02:05:20.289Z,2520,ok,,125,1,0.004
Q00163,1,1,get_shipment,KSTU9097578,2026-08-11T02:05:34.162Z,58,ok,,125,,0
Q00163,2,1,carrier_track,KSTU9097578,2026-08-11T02:05:34.878Z,2681,ok,,125,0,0.004
Q00164,1,1,search_docs,BK481272,2026-08-11T02:06:41.236Z,364,ok,,,,0
Q00166,1,1,get_shipment,KSTU2836290,2026-08-11T02:14:22.314Z,57,ok,,133,,0
Q00167,1,1,get_shipment,ZNTU5433208,2026-08-11T02:15:45.735Z,79,ok,,134,,0
Q00169,1,1,get_shipment,SNDU4309442,2026-08-11T02:25:33.133Z,48,ok,,143,,0
Q00169,2,1,carrier_track,SNDU4309442,2026-08-11T02:25:33.734Z,2684,ok,,143,0,0.004
Q00170,1,1,get_shipment,QVRU1257465,2026-08-11T02:27:30.080Z,87,ok,,147,,0
Q00170,2,1,carrier_track,QVRU1257465,2026-08-11T02:27:30.817Z,2156,ok,,147,0,0.004
Q00172,1,1,get_shipment,KSTU7990009,2026-08-11T02:30:56.354Z,47,ok,,148,,0
Q00173,1,1,get_shipment,BK306957,2026-08-11T02:32:47.894Z,75,ok,,152,,0
Q00173,2,1,carrier_track,CBTU5983567,2026-08-11T02:32:48.840Z,1294,ok,,152,0,0.004
Q00174,1,1,get_shipment,CBTU1946521,2026-08-11T02:33:04.796Z,46,ok,,153,,0
Q00174,2,1,carrier_track,CBTU1946521,2026-08-11T02:33:05.787Z,1821,ok,,153,0,0.004
Q00175,1,1,get_shipment,SNDU2515034,2026-08-11T02:34:25.712Z,67,ok,,153,,0
Q00176,1,1,search_docs,BK998703,2026-08-11T02:36:22.758Z,391,ok,,,,0
Q00176,2,1,get_shipment,BK998703,2026-08-11T02:36:23.990Z,47,ok,,154,,0
Q00178,1,1,get_shipment,QVRU1568138,2026-08-11T02:38:33.899Z,94,ok,,157,,0
Q00178,2,1,carrier_track,QVRU1568138,2026-08-11T02:38:34.627Z,1760,ok,,157,0,0.004
Q00179,1,1,get_shipment,ZNTU3942584,2026-08-11T02:39:43.359Z,60,ok,,157,,0
Q00180,1,1,search_docs,BK912644,2026-08-11T02:40:49.420Z,527,ok,,,,0
Q00180,2,1,search_docs,BK912644,2026-08-11T02:40:51.226Z,429,ok,,,,0
Q00180,3,1,get_shipment,BK912644,2026-08-11T02:40:52.739Z,83,ok,,160,,0
Q00181,1,1,search_docs,BK548845,2026-08-11T02:47:44.281Z,512,ok,,,,0
Q00182,1,1,get_shipment,ZNTU8498796,2026-08-11T02:52:04.833Z,56,ok,,170,,0
Q00182,2,1,carrier_track,ZNTU8498796,2026-08-11T02:52:05.790Z,2415,ok,,170,0,0.004
Q00183,1,1,get_shipment,BK774147,2026-08-11T02:56:59.683Z,86,ok,,175,,0
Q00183,2,1,carrier_track,SNDU6001115,2026-08-11T02:57:00.702Z,1697,ok,,176,0,0.004
Q00184,1,1,get_shipment,ORBU8686665,2026-08-11T03:05:36.636Z,102,ok,,184,,0
Q00185,1,1,get_shipment,BK277786,2026-08-11T03:16:57.130Z,64,ok,,195,,0
Q00185,2,1,carrier_track,CBTU6424642,2026-08-11T03:16:58.003Z,2113,ok,,195,0,0.004
Q00186,1,1,get_shipment,ZNTU3324861,2026-08-11T03:34:08.290Z,65,ok,,212,,0
Q00186,2,1,carrier_track,ZNTU3324861,2026-08-11T03:34:08.962Z,2178,ok,,212,0,0.004
Q00187,1,1,get_shipment,QVRU2789766,2026-08-11T03:38:32.817Z,57,ok,,218,,0
Q00187,2,1,carrier_track,QVRU2789766,2026-08-11T03:38:33.773Z,3726,ok,,218,0,0.004
Q00188,1,1,list_shipments,status=in_transit,2026-08-11T03:39:59.067Z,176,ok,107,,,0
Q00188,2,1,get_shipment,SNDU4059205,2026-08-11T03:40:00.180Z,41,ok,,218,,0
Q00188,3,1,get_shipment,SNDU7583025,2026-08-11T03:40:01.127Z,74,ok,,218,,0
Q00188,4,1,carrier_track,SNDU7583025,2026-08-11T03:40:02.164Z,1943,ok,,218,0,0.004
Q00188,5,1,get_shipment,ORBU8954941,2026-08-11T03:40:04.827Z,52,ok,,219,,0
Q00188,6,1,carrier_track,ORBU8954941,2026-08-11T03:40:06.022Z,2916,ok,,219,0,0.004
Q00188,7,1,get_shipment,KSTU9862688,2026-08-11T03:40:10.026Z,60,ok,,220,,0
Q00188,8,1,carrier_track,KSTU9862688,2026-08-11T03:40:11.048Z,2498,ok,,220,0,0.004
Q00188,9,1,get_shipment,SNDU7152201,2026-08-11T03:40:14.332Z,38,ok,,218,,0
Q00188,10,1,carrier_track,SNDU7152201,2026-08-11T03:40:15.176Z,1377,ok,,218,0,0.004
Q00188,11,1,get_shipment,SNDU6530860,2026-08-11T03:40:17.444Z,41,ok,,220,,0
Q00188,12,1,get_shipment,ORBU2351205,2026-08-11T03:40:18.422Z,79,ok,,219,,0
Q00188,13,1,get_shipment,ZNTU2424708,2026-08-11T03:40:19.338Z,43,ok,,220,,0
Q00188,14,1,get_shipment,KSTU1469656,2026-08-11T03:40:20.532Z,54,ok,,218,,0
Q00188,15,1,carrier_track,KSTU1469656,2026-08-11T03:40:21.696Z,4013,ok,,218,0,0.004
Q00188,16,1,get_shipment,ORBU5351419,2026-08-11T03:40:26.614Z,82,ok,,218,,0
Q00188,17,1,carrier_track,ORBU5351419,2026-08-11T03:40:27.566Z,2285,ok,,218,0,0.004
Q00188,18,1,get_shipment,SNDU3193843,2026-08-11T03:40:30.816Z,63,ok,,219,,0
Q00188,19,1,get_shipment,SNDU3018913,2026-08-11T03:40:31.722Z,55,ok,,218,,0
Q00188,20,1,get_shipment,SNDU9947044,2026-08-11T03:40:33.118Z,100,ok,,218,,0
Q00188,21,1,get_shipment,KSTU7990009,2026-08-11T03:40:34.210Z,48,ok,,218,,0
Q00188,22,1,carrier_track,KSTU7990009,2026-08-11T03:40:35.463Z,2440,ok,,218,0,0.004
Q00188,23,1,get_shipment,KSTU8186330,2026-08-11T03:40:39.281Z,44,ok,,220,,0
Q00188,24,1,carrier_track,KSTU8186330,2026-08-11T03:40:40.603Z,1119,ok,,220,0,0.004
Q00188,25,1,get_shipment,KSTU7143536,2026-08-11T03:40:42.478Z,46,ok,,219,,0
Q00190,1,1,get_shipment,ORBU5989617,2026-08-11T03:58:23.580Z,51,ok,,238,,0
Q00191,1,1,get_shipment,CBTU8562502,2026-08-11T04:13:36.810Z,74,ok,,12,,0
Q00191,2,1,carrier_track,CBTU8562502,2026-08-11T04:13:37.807Z,2510,ok,,12,0,0.004
Q00192,1,1,get_shipment,BK882396,2026-08-11T04:13:54.822Z,66,ok,,12,,0
Q00193,1,1,get_shipment,ORBU4341855,2026-08-11T04:29:59.248Z,79,ok,,29,,0
Q00193,2,1,carrier_track,ORBU4341855,2026-08-11T04:30:00.377Z,3262,ok,,30,0,0.004
Q00194,1,1,get_shipment,ORBU4158313,2026-08-11T04:35:53.419Z,66,ok,,35,,0
Q00194,2,1,carrier_track,ORBU4158313,2026-08-11T04:35:54.119Z,4302,ok,,35,0,0.004
Q00195,1,1,get_shipment,ZNTU3624936,2026-08-11T04:59:20.003Z,65,ok,,59,,0
Q00196,1,1,get_shipment,QVRU9513238,2026-08-11T05:12:05.977Z,66,ok,,70,,0
Q00196,2,1,carrier_track,QVRU9513238,2026-08-11T05:12:07.005Z,2052,ok,,70,0,0.004
Q00197,1,1,get_shipment,SNDU1769575,2026-08-11T05:24:59.978Z,52,ok,,84,,0
Q00197,2,1,carrier_track,SNDU1769575,2026-08-11T05:25:00.879Z,2042,ok,,85,0,0.004
Q00199,1,1,list_shipments,status=in_transit,2026-08-11T05:42:53.520Z,123,ok,107,,,0
Q00199,2,1,get_shipment,SNDU4059205,2026-08-11T05:42:54.272Z,41,ok,,100,,0
Q00199,3,1,get_shipment,SNDU7583025,2026-08-11T05:42:55.326Z,61,ok,,100,,0
Q00199,4,1,carrier_track,SNDU7583025,2026-08-11T05:42:56.262Z,2545,ok,,100,0,0.004
Q00199,5,1,get_shipment,ORBU8954941,2026-08-11T05:42:59.740Z,82,ok,,101,,0
Q00199,6,1,get_shipment,KSTU9862688,2026-08-11T05:43:00.992Z,58,ok,,103,,0
Q00199,7,1,carrier_track,KSTU9862688,2026-08-11T05:43:01.771Z,1635,ok,,103,0,0.004
Q00199,8,1,get_shipment,SNDU7152201,2026-08-11T05:43:04.161Z,57,ok,,101,,0
Q00199,9,1,get_shipment,SNDU6530860,2026-08-11T05:43:05.296Z,32,ok,,103,,0
Q00199,10,1,get_shipment,ORBU2351205,2026-08-11T05:43:05.873Z,58,ok,,102,,0
Q00199,11,1,get_shipment,ZNTU2424708,2026-08-11T05:43:06.615Z,61,ok,,103,,0
Q00199,12,1,carrier_track,ZNTU2424708,2026-08-11T05:43:07.934Z,2425,ok,,103,0,0.004
Q00199,13,1,get_shipment,KSTU1469656,2026-08-11T05:43:11.485Z,75,ok,,101,,0
Q00199,14,1,carrier_track,KSTU1469656,2026-08-11T05:43:12.456Z,1409,ok,,101,0,0.004
Q00199,15,1,get_shipment,ORBU5351419,2026-08-11T05:43:14.636Z,47,ok,,101,,0
Q00199,16,1,carrier_track,ORBU5351419,2026-08-11T05:43:15.385Z,1406,ok,,101,0,0.004
Q00199,17,1,get_shipment,SNDU3193843,2026-08-11T05:43:17.488Z,84,ok,,102,,0
Q00199,18,1,get_shipment,SNDU3018913,2026-08-11T05:43:18.533Z,63,ok,,101,,0
Q00199,19,1,get_shipment,SNDU9947044,2026-08-11T05:43:19.819Z,52,ok,,101,,0
Q00199,20,1,carrier_track,SNDU9947044,2026-08-11T05:43:20.940Z,2715,ok,,101,0,0.004
Q00199,21,1,get_shipment,KSTU7990009,2026-08-11T05:43:24.733Z,83,ok,,101,,0
Q00199,22,1,carrier_track,KSTU7990009,2026-08-11T05:43:25.731Z,2621,ok,,101,0,0.004
Q00199,23,1,get_shipment,KSTU8186330,2026-08-11T05:43:29.251Z,71,ok,,103,,0
Q00199,24,1,carrier_track,KSTU8186330,2026-08-11T05:43:30.452Z,3213,ok,,103,0,0.004
Q00199,25,1,get_shipment,KSTU7143536,2026-08-11T05:43:34.900Z,93,ok,,102,,0
Q00202,1,1,search_docs,BK752181,2026-08-11T05:51:06.344Z,443,ok,,,,0
Q00204,1,1,get_shipment,BK517602,2026-08-11T06:07:05.800Z,42,ok,,125,,0
Q00204,2,1,carrier_track,KSTU2579162,2026-08-11T06:07:06.905Z,2078,ok,,125,0,0.004
Q00205,1,1,get_shipment,QVRU4249869,2026-08-11T06:07:21.072Z,85,ok,,127,,0
Q00206,1,1,get_shipment,ORBU4905896,2026-08-11T06:08:31.623Z,52,ok,,128,,0
Q00206,2,1,carrier_track,ORBU4905896,2026-08-11T06:08:32.719Z,2176,ok,,128,0,0.004
Q00207,1,1,search_docs,BK723695,2026-08-11T06:11:49.107Z,457,ok,,,,0
Q00207,2,1,get_shipment,BK723695,2026-08-11T06:11:50.464Z,47,ok,,131,,0
Q00208,1,1,get_shipment,ORBU1486206,2026-08-11T06:12:22.896Z,69,ok,,132,,0
Q00209,1,1,get_shipment,KSTU1433799,2026-08-11T06:17:50.422Z,44,ok,,135,,0
Q00209,2,1,carrier_track,KSTU1433799,2026-08-11T06:17:51.718Z,2092,ok,,135,0,0.004
Q00210,1,1,get_shipment,QVRU2210728,2026-08-11T06:20:17.126Z,56,ok,,139,,0
Q00210,2,1,carrier_track,QVRU2210728,2026-08-11T06:20:18.564Z,1725,ok,,139,0,0.004
Q00211,1,1,get_shipment,CBTU1905850,2026-08-11T06:20:57.662Z,67,ok,,138,,0
Q00212,1,1,get_shipment,ORBU8251664,2026-08-11T06:21:03.297Z,66,ok,,141,,0
Q00212,2,1,carrier_track,ORBU8251664,2026-08-11T06:21:04.499Z,2375,ok,,141,0,0.004
Q00213,1,1,get_shipment,QVRU8022648,2026-08-11T06:26:33.795Z,48,ok,,144,,0
Q00213,2,1,carrier_track,QVRU8022648,2026-08-11T06:26:34.805Z,2099,ok,,144,0,0.004
Q00214,1,1,get_shipment,KSTU6319954,2026-08-11T06:26:51.722Z,49,ok,,144,,0
Q00214,2,1,carrier_track,KSTU6319954,2026-08-11T06:26:52.807Z,2628,ok,,144,0,0.004
Q00215,1,1,get_shipment,CBTU4442978,2026-08-11T06:26:55.949Z,66,ok,,145,,0
Q00215,2,1,carrier_track,CBTU4442978,2026-08-11T06:26:56.778Z,1615,ok,,145,0,0.004
Q00216,1,1,search_docs,BK840633,2026-08-11T06:27:40.978Z,520,ok,,,,0
Q00217,1,1,get_shipment,SNDU4257491,2026-08-11T06:43:27.908Z,65,ok,,162,,0
Q00217,2,1,carrier_track,SNDU4257491,2026-08-11T06:43:29.062Z,2347,ok,,162,0,0.004
Q00218,1,1,search_docs,BK544339,2026-08-11T06:45:49.037Z,403,ok,,,,0
Q00219,1,1,get_shipment,SNDU1269773,2026-08-11T07:01:32.100Z,51,ok,,179,,0
Q00219,2,1,carrier_track,SNDU1269773,2026-08-11T07:01:33.183Z,2055,ok,,179,0,0.004
Q00220,1,1,get_shipment,QVRU9904024,2026-08-11T07:01:36.159Z,42,ok,,180,,0
Q00221,1,1,get_shipment,ORBU1486206,2026-08-11T07:02:38.591Z,63,ok,,182,,0
Q00221,2,1,carrier_track,ORBU1486206,2026-08-11T07:02:39.684Z,1318,ok,,182,0,0.004
Q00222,1,1,get_shipment,ORBU7490238,2026-08-11T07:08:38.587Z,68,ok,,188,,0
Q00224,1,1,get_shipment,ORBU8495882,2026-08-11T07:19:36.870Z,90,ok,,197,,0
Q00224,2,1,carrier_track,ORBU8495882,2026-08-11T07:19:37.605Z,1350,ok,,197,0,0.004
Q00225,1,1,get_shipment,KSTU1017933,2026-08-11T07:29:18.028Z,36,ok,,207,,0
Q00225,2,1,carrier_track,KSTU1017933,2026-08-11T07:29:18.973Z,1830,ok,,207,0,0.004
Q00226,1,1,get_shipment,SNDU7152201,2026-08-11T07:49:49.567Z,57,ok,,227,,0
Q00227,1,1,get_shipment,BK513223,2026-08-11T08:05:43.884Z,66,ok,,4,,0
Q00227,2,1,carrier_track,ZNTU9156086,2026-08-11T08:05:45.056Z,2152,ok,,4,0,0.004
Q00228,1,1,search_docs,BK881385,2026-08-11T08:12:36.351Z,450,ok,,,,0
Q00228,2,1,search_docs,BK881385,2026-08-11T08:12:37.831Z,562,ok,,,,0
Q00229,1,1,get_shipment,QVRU4442996,2026-08-11T08:19:10.350Z,68,ok,,19,,0
Q00229,2,1,carrier_track,QVRU4442996,2026-08-11T08:19:11.389Z,1618,ok,,19,0,0.004
Q00230,1,1,get_shipment,ZNTU2009128,2026-08-11T08:27:38.631Z,60,ok,,26,,0
Q00230,2,1,carrier_track,ZNTU2009128,2026-08-11T08:27:39.209Z,1504,ok,,26,0,0.004
Q00231,1,1,get_shipment,QVRU7318605,2026-08-11T08:32:19.582Z,51,ok,,32,,0
Q00231,2,1,carrier_track,QVRU7318605,2026-08-11T08:32:20.508Z,2059,ok,,32,0,0.004
Q00232,1,1,get_shipment,SNDU4326756,2026-08-11T08:35:22.232Z,34,ok,,33,,0
Q00233,1,1,get_shipment,ORBU5358856,2026-08-11T08:39:49.416Z,58,ok,,39,,0
Q00233,2,1,carrier_track,ORBU5358856,2026-08-11T08:39:50.531Z,3386,ok,,39,0,0.004
Q00234,1,1,get_shipment,SNDU9339547,2026-08-11T08:42:57.517Z,92,ok,,41,,0
Q00234,2,1,carrier_track,SNDU9339547,2026-08-11T08:42:58.434Z,1649,ok,,41,0,0.004
Q00235,1,1,get_shipment,ZNTU3324861,2026-08-11T08:46:58.328Z,54,ok,,44,,0
Q00236,1,1,get_shipment,SNDU1833820,2026-08-11T08:51:28.998Z,76,ok,,51,,0
Q00236,2,1,carrier_track,SNDU1833820,2026-08-11T08:51:29.964Z,1874,ok,,51,0,0.004
Q00237,1,1,get_shipment,SNDU3688987,2026-08-11T09:07:55.907Z,54,ok,,66,,0
Q00237,2,1,carrier_track,SNDU3688987,2026-08-11T09:07:56.470Z,3200,ok,,66,0,0.004
Q00238,1,1,list_shipments,status=in_transit,2026-08-11T09:37:12.624Z,173,ok,107,,,0
Q00238,2,1,get_shipment,SNDU4059205,2026-08-11T09:37:13.703Z,48,ok,,95,,0
Q00238,3,1,get_shipment,SNDU7583025,2026-08-11T09:37:14.708Z,78,ok,,95,,0
Q00238,4,1,carrier_track,SNDU7583025,2026-08-11T09:37:15.539Z,1957,ok,,95,0,0.004
Q00238,5,1,get_shipment,ORBU8954941,2026-08-11T09:37:18.539Z,71,ok,,96,,0
Q00238,6,1,carrier_track,ORBU8954941,2026-08-11T09:37:19.801Z,2144,ok,,96,0,0.004
Q00238,7,1,get_shipment,KSTU9862688,2026-08-11T09:37:22.761Z,51,ok,,97,,0
Q00238,8,1,get_shipment,SNDU7152201,2026-08-11T09:37:23.797Z,67,ok,,95,,0
Q00238,9,1,carrier_track,SNDU7152201,2026-08-11T09:37:24.550Z,1430,ok,,95,0,0.004
Q00238,10,1,get_shipment,SNDU6530860,2026-08-11T09:37:26.831Z,56,ok,,97,,0
Q00238,11,1,carrier_track,SNDU6530860,2026-08-11T09:37:27.375Z,2562,ok,,97,0,0.004
Q00238,12,1,get_shipment,ORBU2351205,2026-08-11T09:37:31.266Z,55,ok,,96,,0
Q00238,13,1,carrier_track,ORBU2351205,2026-08-11T09:37:31.869Z,1768,ok,,96,0,0.004
Q00238,14,1,get_shipment,ZNTU2424708,2026-08-11T09:37:34.391Z,62,ok,,97,,0
Q00238,15,1,get_shipment,KSTU1469656,2026-08-11T09:37:35.145Z,77,ok,,95,,0
Q00238,16,1,get_shipment,ORBU5351419,2026-08-11T09:37:36.211Z,101,ok,,95,,0
Q00238,17,1,get_shipment,SNDU3193843,2026-08-11T09:37:37.086Z,53,ok,,96,,0
Q00238,18,1,get_shipment,SNDU3018913,2026-08-11T09:37:37.686Z,42,ok,,95,,0
Q00238,19,1,carrier_track,SNDU3018913,2026-08-11T09:37:38.683Z,2426,ok,,95,0,0.004
Q00238,20,1,get_shipment,SNDU9947044,2026-08-11T09:37:42.480Z,112,ok,,95,,0
Q00238,21,1,get_shipment,KSTU7990009,2026-08-11T09:37:43.216Z,78,ok,,95,,0
Q00238,22,1,carrier_track,KSTU7990009,2026-08-11T09:37:44.214Z,4365,ok,,95,0,0.004
Q00238,23,1,get_shipment,KSTU8186330,2026-08-11T09:37:49.598Z,66,ok,,97,,0
Q00238,24,1,get_shipment,KSTU7143536,2026-08-11T09:37:50.715Z,46,ok,,96,,0
Q00238,25,1,carrier_track,KSTU7143536,2026-08-11T09:37:51.750Z,1567,ok,,96,0,0.004
Q00241,1,1,search_docs,BK169858,2026-08-12T00:38:42.440Z,577,ok,,,,0
Q00243,1,1,get_shipment,BK951404,2026-08-12T00:47:20.317Z,91,ok,,45,,0
Q00244,1,1,get_shipment,BK360534,2026-08-12T01:05:30.616Z,101,ok,,65,,0
Q00244,2,1,carrier_track,ZNTU8532138,2026-08-12T01:05:31.438Z,3092,ok,,65,0,0.004
Q00245,1,1,get_shipment,BK180178,2026-08-12T01:06:21.689Z,54,ok,,65,,0
Q00245,2,1,carrier_track,ORBU8700252,2026-08-12T01:06:22.771Z,2639,ok,,65,0,0.004
Q00246,1,1,get_shipment,SNDU4059205,2026-08-12T01:09:14.752Z,51,ok,,67,,0
Q00246,2,1,carrier_track,SNDU4059205,2026-08-12T01:09:15.803Z,2208,ok,,67,0,0.004
Q00247,1,1,get_shipment,KSTU3260708,2026-08-12T01:11:03.521Z,51,ok,,71,,0
Q00247,2,1,carrier_track,KSTU3260708,2026-08-12T01:11:04.497Z,867,ok,,71,0,0.004
Q00249,1,1,search_docs,BK378464,2026-08-12T01:17:28.600Z,595,ok,,,,0
Q00250,1,1,get_shipment,QVRU7051698,2026-08-12T01:20:40.422Z,89,ok,,79,,0
Q00251,1,1,search_docs,BK442190,2026-08-12T01:21:06.541Z,422,ok,,,,0
Q00251,2,1,get_shipment,BK442190,2026-08-12T01:21:08.179Z,65,ok,,81,,0
Q00252,1,1,get_shipment,CBTU6424642,2026-08-12T01:23:30.926Z,42,ok,,82,,0
Q00253,1,1,list_shipments,status=in_transit,2026-08-12T01:26:47.737Z,113,ok,98,,,0
Q00253,2,1,get_shipment,SNDU4059205,2026-08-12T01:26:48.643Z,41,ok,,84,,0
Q00253,3,1,get_shipment,SNDU7583025,2026-08-12T01:26:49.764Z,74,ok,,84,,0
Q00253,4,1,get_shipment,ORBU8954941,2026-08-12T01:26:51.007Z,60,ok,,85,,0
Q00253,5,1,carrier_track,ORBU8954941,2026-08-12T01:26:51.957Z,3058,ok,,85,0,0.004
Q00253,6,1,get_shipment,KSTU9862688,2026-08-12T01:26:55.710Z,71,ok,,86,,0
Q00253,7,1,get_shipment,SNDU7152201,2026-08-12T01:26:56.636Z,59,ok,,84,,0
Q00253,8,1,get_shipment,SNDU6530860,2026-08-12T01:26:57.421Z,60,ok,,86,,0
Q00253,9,1,get_shipment,ZNTU2424708,2026-08-12T01:26:58.597Z,39,ok,,86,,0
Q00253,10,1,carrier_track,ZNTU2424708,2026-08-12T01:26:59.948Z,1413,ok,,86,0,0.004
Q00253,11,1,get_shipment,KSTU1469656,2026-08-12T01:27:02.191Z,65,ok,,85,,0
Q00253,12,1,carrier_track,KSTU1469656,2026-08-12T01:27:02.988Z,2844,ok,,85,0,0.004
Q00253,13,1,get_shipment,ORBU5351419,2026-08-12T01:27:06.921Z,41,ok,,85,,0
Q00253,14,1,carrier_track,ORBU5351419,2026-08-12T01:27:08.079Z,1861,ok,,85,0,0.004
Q00253,15,1,get_shipment,SNDU3193843,2026-08-12T01:27:10.811Z,51,ok,,86,,0
Q00253,16,1,carrier_track,SNDU3193843,2026-08-12T01:27:12.347Z,3314,ok,,86,0,0.004
Q00253,17,1,get_shipment,SNDU3018913,2026-08-12T01:27:16.687Z,43,ok,,85,,0
Q00253,18,1,get_shipment,SNDU9947044,2026-08-12T01:27:17.979Z,95,ok,,85,,0
Q00253,19,1,carrier_track,SNDU9947044,2026-08-12T01:27:19.150Z,1886,ok,,85,0,0.004
Q00253,20,1,get_shipment,KSTU7990009,2026-08-12T01:27:21.737Z,36,ok,,85,,0
Q00253,21,1,get_shipment,KSTU8186330,2026-08-12T01:27:23.026Z,40,ok,,87,,0
Q00253,22,1,carrier_track,KSTU8186330,2026-08-12T01:27:23.877Z,1562,ok,,87,0,0.004
Q00253,23,1,get_shipment,KSTU7143536,2026-08-12T01:27:26.300Z,42,ok,,86,,0
Q00253,24,1,carrier_track,KSTU7143536,2026-08-12T01:27:27.134Z,3635,ok,,86,0,0.004
Q00253,25,1,get_shipment,KSTU3708950,2026-08-12T01:27:32.372Z,70,ok,,86,,0
Q00255,1,1,search_docs,BK481272,2026-08-12T01:38:05.724Z,527,ok,,,,0
Q00255,2,1,search_docs,BK481272,2026-08-12T01:38:07.485Z,369,ok,,,,0
Q00256,1,1,get_shipment,QVRU2410314,2026-08-12T01:40:52.704Z,77,ok,,100,,0
Q00256,2,1,carrier_track,QVRU2410314,2026-08-12T01:40:53.681Z,1364,ok,,100,0,0.004
Q00257,1,1,get_shipment,SNDU4326756,2026-08-12T01:44:38.595Z,57,ok,,102,,0
Q00257,2,1,carrier_track,SNDU4326756,2026-08-12T01:44:39.480Z,2639,ok,,102,0,0.004
Q00258,1,1,get_shipment,QVRU5816901,2026-08-12T01:53:33.907Z,37,ok,,112,,0
Q00258,2,1,carrier_track,QVRU5816901,2026-08-12T01:53:34.725Z,1758,ok,,112,0,0.004
Q00259,1,1,get_shipment,QVRU5511786,2026-08-12T01:55:05.445Z,88,ok,,115,,0
Q00259,2,1,carrier_track,QVRU5511786,2026-08-12T01:55:06.282Z,2080,ok,,115,0,0.004
Q00260,1,1,get_shipment,ZNTU5509258,2026-08-12T01:55:21.364Z,41,ok,,114,,0
Q00260,2,1,carrier_track,ZNTU5509258,2026-08-12T01:55:22.091Z,2372,ok,,114,0,0.004
Q00261,1,1,get_shipment,CBTU8046697,2026-08-12T01:57:57.715Z,38,ok,,116,,0
Q00261,2,1,carrier_track,CBTU8046697,2026-08-12T01:57:58.462Z,1068,ok,,116,0,0.004
Q00262,1,1,get_shipment,ORBU2455421,2026-08-12T01:58:17.948Z,54,ok,,117,,0
Q00262,2,1,carrier_track,ORBU2455421,2026-08-12T01:58:18.765Z,1662,ok,,117,0,0.004
Q00263,1,1,get_shipment,ZNTU3839727,2026-08-12T02:12:50.216Z,104,ok,,131,,0
Q00264,1,1,get_shipment,BK767357,2026-08-12T02:15:56.485Z,63,ok,,135,,0
Q00264,2,1,carrier_track,SNDU6530860,2026-08-12T02:15:57.581Z,1614,ok,,135,0,0.004
Q00265,1,1,list_shipments,status=in_transit,2026-08-12T02:20:53.667Z,180,ok,98,,,0
Q00265,2,1,get_shipment,SNDU4059205,2026-08-12T02:20:54.983Z,49,ok,,138,,0
Q00265,3,1,carrier_track,SNDU4059205,2026-08-12T02:20:56.063Z,3321,ok,,138,0,0.004
Q00265,4,1,get_shipment,SNDU7583025,2026-08-12T02:20:59.984Z,129,ok,,138,,0
Q00265,5,1,carrier_track,SNDU7583025,2026-08-12T02:21:01.160Z,1816,ok,,139,0,0.004
Q00265,6,1,get_shipment,ORBU8954941,2026-08-12T02:21:04.077Z,58,ok,,140,,0
Q00265,7,1,carrier_track,ORBU8954941,2026-08-12T02:21:05.652Z,3508,ok,,140,0,0.004
Q00265,8,1,get_shipment,KSTU9862688,2026-08-12T02:21:09.884Z,74,ok,,141,,0
Q00265,9,1,get_shipment,SNDU7152201,2026-08-12T02:21:10.934Z,33,ok,,139,,0
Q00265,10,1,carrier_track,SNDU7152201,2026-08-12T02:21:11.949Z,3182,ok,,139,0,0.004
Q00265,11,1,get_shipment,SNDU6530860,2026-08-12T02:21:16.000Z,57,ok,,141,,0
Q00265,12,1,carrier_track,SNDU6530860,2026-08-12T02:21:17.143Z,2559,ok,,141,0,0.004
Q00265,13,1,get_shipment,ZNTU2424708,2026-08-12T02:21:20.793Z,43,ok,,141,,0
Q00265,14,1,get_shipment,KSTU1469656,2026-08-12T02:21:21.896Z,43,ok,,139,,0
Q00265,15,1,get_shipment,ORBU5351419,2026-08-12T02:21:23.224Z,62,ok,,139,,0
Q00265,16,1,get_shipment,SNDU3193843,2026-08-12T02:21:24.112Z,53,ok,,140,,0
Q00265,17,1,carrier_track,SNDU3193843,2026-08-12T02:21:25.126Z,2636,ok,,140,0,0.004
Q00265,18,1,get_shipment,SNDU3018913,2026-08-12T02:21:28.837Z,96,ok,,139,,0
Q00265,19,1,get_shipment,SNDU9947044,2026-08-12T02:21:30.147Z,80,ok,,139,,0
Q00265,20,1,get_shipment,KSTU7990009,2026-08-12T02:21:31.670Z,90,ok,,139,,0
Q00265,21,1,get_shipment,KSTU8186330,2026-08-12T02:21:32.987Z,50,ok,,141,,0
Q00265,22,1,carrier_track,KSTU8186330,2026-08-12T02:21:33.836Z,1470,ok,,141,0,0.004
Q00265,23,1,get_shipment,KSTU7143536,2026-08-12T02:21:36.594Z,75,ok,,140,,0
Q00265,24,1,carrier_track,KSTU7143536,2026-08-12T02:21:37.700Z,2125,ok,,140,0,0.004
Q00265,25,1,get_shipment,KSTU3708950,2026-08-12T02:21:40.603Z,87,ok,,140,,0
Q00266,1,1,get_shipment,ORBU5928846,2026-08-12T02:21:51.456Z,124,ok,,139,,0
Q00267,1,1,get_shipment,KSTU9862688,2026-08-12T02:22:53.190Z,48,ok,,142,,0
Q00269,1,1,get_shipment,QVRU9513238,2026-08-12T02:31:14.622Z,54,ok,,149,,0
Q00270,1,1,get_shipment,ZNTU9688794,2026-08-12T02:33:55.813Z,52,ok,,153,,0
Q00270,2,1,carrier_track,ZNTU9688794,2026-08-12T02:33:56.915Z,1706,ok,,153,0,0.004
Q00271,1,1,get_shipment,SNDU6530860,2026-08-12T02:35:27.135Z,58,ok,,155,,0
Q00271,2,1,carrier_track,SNDU6530860,2026-08-12T02:35:27.953Z,1982,ok,,155,0,0.004
Q00273,1,1,search_docs,BK332199,2026-08-12T02:40:20.043Z,601,ok,,,,0
Q00274,1,1,get_shipment,SNDU2528309,2026-08-12T02:47:46.994Z,60,ok,,165,,0
Q00274,2,1,carrier_track,SNDU2528309,2026-08-12T02:47:47.829Z,2328,ok,,165,0,0.004
Q00275,1,1,get_shipment,BK967228,2026-08-12T02:48:06.115Z,46,ok,,168,,0
Q00275,2,1,carrier_track,ZNTU4928817,2026-08-12T02:48:07.003Z,2616,ok,,168,0,0.004
Q00277,1,1,get_shipment,ORBU2538691,2026-08-12T02:58:35.313Z,48,ok,,178,,0
Q00278,1,1,get_shipment,ZNTU3505978,2026-08-12T03:02:02.481Z,72,ok,,180,,0
Q00278,2,1,carrier_track,ZNTU3505978,2026-08-12T03:02:03.828Z,1783,ok,,180,0,0.004
Q00279,1,1,search_docs,BK591948,2026-08-12T03:30:08.897Z,671,ok,,,,0
Q00280,1,1,get_shipment,SNDU9481774,2026-08-12T03:38:22.232Z,39,ok,,217,,0
Q00280,2,1,carrier_track,SNDU9481774,2026-08-12T03:38:23.030Z,2425,ok,,217,0,0.004
Q00281,1,1,get_shipment,SNDU4326756,2026-08-12T03:44:50.083Z,55,ok,,222,,0
Q00282,1,1,get_shipment,BK733034,2026-08-12T03:48:22.404Z,49,ok,,228,,0
Q00282,2,1,carrier_track,KSTU5315327,2026-08-12T03:48:23.219Z,1816,ok,,228,0,0.004
Q00283,1,1,search_docs,BK619774,2026-08-12T03:49:31.912Z,423,ok,,,,0
Q00283,2,1,get_shipment,BK619774,2026-08-12T03:49:33.039Z,46,ok,,229,,0
Q00284,1,1,get_shipment,CBTU6107272,2026-08-12T03:50:15.142Z,57,ok,,230,,0
Q00284,2,1,carrier_track,CBTU6107272,2026-08-12T03:50:16.433Z,2928,ok,,230,0,0.004
Q00285,1,1,get_shipment,CBTU7616393,2026-08-12T03:56:06.521Z,55,ok,,236,,0
Q00286,1,1,get_shipment,BK941253,2026-08-12T03:57:29.218Z,61,ok,,237,,0
Q00287,1,1,get_shipment,KSTU9957257,2026-08-12T03:57:50.210Z,99,ok,,235,,0
Q00287,2,1,carrier_track,KSTU9957257,2026-08-12T03:57:51.322Z,2125,ok,,235,0,0.004
Q00288,1,1,get_shipment,KSTU6353232,2026-08-12T04:09:09.211Z,38,ok,,9,,0
Q00288,2,1,carrier_track,KSTU6353232,2026-08-12T04:09:09.792Z,4032,ok,,9,0,0.004
Q00289,1,1,get_shipment,CBTU4371885,2026-08-12T04:32:10.634Z,82,ok,,31,,0
Q00289,2,1,carrier_track,CBTU4371885,2026-08-12T04:32:11.765Z,3129,ok,,31,0,0.004
Q00290,1,1,get_shipment,ZNTU2433135,2026-08-12T04:51:51.327Z,67,ok,,50,,0
Q00291,1,1,get_shipment,ZNTU8325728,2026-08-12T04:58:29.402Z,51,ok,,56,,0
Q00291,2,1,carrier_track,ZNTU8325728,2026-08-12T04:58:30.124Z,3544,ok,,56,0,0.004
Q00292,1,1,get_shipment,KSTU4962997,2026-08-12T05:22:26.655Z,55,ok,,80,,0
Q00292,2,1,carrier_track,KSTU4962997,2026-08-12T05:22:27.361Z,2603,ok,,80,0,0.004
Q00293,1,1,get_shipment,ZNTU8065805,2026-08-12T05:31:17.490Z,57,ok,,89,,0
Q00294,1,1,search_docs,BK135753,2026-08-12T05:33:42.599Z,477,ok,,,,0
Q00294,2,1,search_docs,BK135753,2026-08-12T05:33:44.224Z,463,ok,,,,0
Q00295,1,1,search_docs,BK941553,2026-08-12T06:02:30.511Z,404,ok,,,,0
Q00295,2,1,search_docs,BK941553,2026-08-12T06:02:31.443Z,398,ok,,,,0
Q00295,3,1,get_shipment,BK941553,2026-08-12T06:02:33.023Z,106,ok,,120,,0
Q00296,1,1,get_shipment,CBTU2467498,2026-08-12T06:03:01.241Z,46,ok,,122,,0
Q00296,2,1,carrier_track,CBTU2467498,2026-08-12T06:03:01.948Z,1929,ok,,122,0,0.004
Q00297,1,1,get_shipment,ZNTU3342033,2026-08-12T06:11:57.552Z,79,ok,,130,,0
Q00297,2,1,carrier_track,ZNTU3342033,2026-08-12T06:11:58.361Z,2319,ok,,130,0,0.004
Q00298,1,1,get_shipment,ORBU8686665,2026-08-12T06:26:33.489Z,116,ok,,145,,0
Q00298,2,1,carrier_track,ORBU8686665,2026-08-12T06:26:34.440Z,2383,ok,,145,0,0.004
Q00300,1,1,get_shipment,KSTU1336915,2026-08-12T06:40:30.934Z,44,ok,,158,,0
Q00300,2,1,carrier_track,KSTU1336915,2026-08-12T06:40:31.761Z,2744,ok,,158,0,0.004
Q00301,1,1,get_shipment,ORBU7490238,2026-08-12T06:47:03.448Z,74,ok,,167,,0
Q00301,2,1,carrier_track,ORBU7490238,2026-08-12T06:47:04.216Z,4281,ok,,167,0,0.004
Q00302,1,1,get_shipment,BK767985,2026-08-12T06:52:32.688Z,105,ok,,172,,0
Q00302,2,1,carrier_track,QVRU4028605,2026-08-12T06:52:33.441Z,3878,ok,,172,1,0.004
Q00303,1,1,get_shipment,BK847824,2026-08-12T06:54:15.173Z,69,ok,,172,,0
Q00304,1,1,get_shipment,BK525112,2026-08-12T06:59:00.167Z,75,ok,,178,,0
Q00305,1,1,get_shipment,SNDU1769575,2026-08-12T07:00:31.591Z,75,ok,,180,,0
Q00305,2,1,carrier_track,SNDU1769575,2026-08-12T07:00:32.409Z,1222,ok,,180,0,0.004
Q00306,1,1,get_shipment,ZNTU3942584,2026-08-12T07:01:33.910Z,68,ok,,179,,0
Q00307,1,1,get_shipment,KSTU3708950,2026-08-12T07:06:07.402Z,77,ok,,185,,0
Q00307,2,1,carrier_track,KSTU3708950,2026-08-12T07:06:08.441Z,2868,ok,,185,0,0.004
Q00308,1,1,get_shipment,KSTU8939294,2026-08-12T07:15:13.057Z,92,ok,,194,,0
Q00308,2,1,carrier_track,KSTU8939294,2026-08-12T07:15:13.950Z,2945,ok,,194,0,0.004
Q00309,1,1,get_shipment,KSTU8582626,2026-08-12T07:18:35.300Z,84,ok,,197,,0
Q00309,2,1,carrier_track,KSTU8582626,2026-08-12T07:18:36.150Z,2279,ok,,197,1,0.004
Q00310,1,1,search_docs,BK513223,2026-08-12T07:20:32.527Z,607,ok,,,,0
Q00310,2,1,search_docs,BK513223,2026-08-12T07:20:33.705Z,384,ok,,,,0
Q00310,3,1,get_shipment,BK513223,2026-08-12T07:20:34.952Z,49,ok,,199,,0
Q00311,1,1,get_shipment,CBTU2724228,2026-08-12T07:21:09.517Z,61,ok,,201,,0
Q00311,2,1,carrier_track,CBTU2724228,2026-08-12T07:21:10.315Z,1460,ok,,201,0,0.004
Q00312,1,1,get_shipment,SNDU9481774,2026-08-12T07:22:47.247Z,37,ok,,201,,0
Q00312,2,1,carrier_track,SNDU9481774,2026-08-12T07:22:48.134Z,1964,ok,,201,0,0.004
Q00314,1,1,get_shipment,ZNTU4284050,2026-08-12T07:24:07.066Z,57,ok,,204,,0
Q00314,2,1,carrier_track,ZNTU4284050,2026-08-12T07:24:08.063Z,1501,ok,,204,0,0.004
Q00315,1,1,search_docs,BK912644,2026-08-12T07:36:25.034Z,397,ok,,,,0
Q00315,2,1,search_docs,BK912644,2026-08-12T07:36:26.214Z,431,ok,,,,0
Q00316,1,1,get_shipment,KSTU3617006,2026-08-12T07:40:41.905Z,84,ok,,219,,0
Q00316,2,1,carrier_track,KSTU3617006,2026-08-12T07:40:43.114Z,2709,ok,,219,1,0.004
Q00317,1,1,list_shipments,status=in_transit,2026-08-12T07:40:59.226Z,117,ok,1,,,0
Q00317,2,1,get_shipment,KSTU8803319,2026-08-12T07:41:00.091Z,63,ok,,221,,0
Q00318,1,1,get_shipment,KSTU3708950,2026-08-12T07:46:12.700Z,38,ok,,225,,0
Q00318,2,1,carrier_track,KSTU3708950,2026-08-12T07:46:13.624Z,2113,ok,,225,0,0.004
Q00319,1,1,get_shipment,ZNTU5253848,2026-08-12T07:47:07.389Z,65,ok,,225,,0
Q00319,2,1,carrier_track,ZNTU5253848,2026-08-12T07:47:08.555Z,1254,ok,,225,0,0.004
Q00320,1,1,get_shipment,KSTU3864924,2026-08-12T08:02:16.682Z,54,ok,,1,,0
Q00321,1,1,get_shipment,ZNTU9408575,2026-08-12T08:07:16.912Z,63,ok,,7,,0
Q00322,1,1,list_shipments,status=at_origin,2026-08-12T08:07:21.110Z,107,ok,160,,,0
Q00322,2,1,get_shipment,ORBU6345416,2026-08-12T08:07:21.951Z,62,ok,,5,,0
Q00322,3,1,carrier_track,ORBU6345416,2026-08-12T08:07:22.967Z,4115,ok,,5,0,0.004
Q00322,4,1,get_shipment,CBTU1905850,2026-08-12T08:07:27.787Z,59,ok,,5,,0
Q00322,5,1,get_shipment,SNDU2702289,2026-08-12T08:07:28.813Z,56,ok,,7,,0
Q00322,6,1,carrier_track,SNDU2702289,2026-08-12T08:07:29.544Z,1986,ok,,7,0,0.004
Q00322,7,1,get_shipment,SNDU7312081,2026-08-12T08:07:32.526Z,65,ok,,5,,0
Q00322,8,1,get_shipment,CBTU5441883,2026-08-12T08:07:33.438Z,62,ok,,7,,0
Q00322,9,1,carrier_track,CBTU5441883,2026-08-12T08:07:34.747Z,1599,ok,,7,0,0.004
Q00322,10,1,get_shipment,SNDU6001115,2026-08-12T08:07:37.199Z,54,ok,,6,,0
Q00322,11,1,carrier_track,SNDU6001115,2026-08-12T08:07:38.329Z,2495,ok,,6,0,0.004
Q00322,12,1,get_shipment,KSTU7722368,2026-08-12T08:07:42.021Z,81,ok,,6,,0
Q00322,13,1,carrier_track,KSTU7722368,2026-08-12T08:07:43.021Z,929,ok,,6,0,0.004
Q00322,14,1,get_shipment,ORBU1486206,2026-08-12T08:07:44.875Z,60,ok,,7,,0
Q00322,15,1,carrier_track,ORBU1486206,2026-08-12T08:07:46.079Z,2745,ok,,7,0,0.004
Q00322,16,1,get_shipment,CBTU6776075,2026-08-12T08:07:49.885Z,59,ok,,6,,0
Q00322,17,1,carrier_track,CBTU6776075,2026-08-12T08:07:50.658Z,2588,ok,,6,0,0.004
Q00322,18,1,get_shipment,KSTU9097578,2026-08-12T08:07:54.145Z,55,ok,,7,,0
Q00322,19,1,carrier_track,KSTU9097578,2026-08-12T08:07:55.377Z,3300,ok,,7,0,0.004
Q00322,20,1,get_shipment,ZNTU6771478,2026-08-12T08:07:59.864Z,52,ok,,7,,0
Q00322,21,1,carrier_track,ZNTU6771478,2026-08-12T08:08:01.169Z,2305,ok,,8,0,0.004
Q00322,22,1,get_shipment,ZNTU4344024,2026-08-12T08:08:04.532Z,75,ok,,6,,0
Q00322,23,1,carrier_track,ZNTU4344024,2026-08-12T08:08:05.461Z,1876,ok,,6,0,0.004
Q00322,24,1,get_shipment,ORBU2455421,2026-08-12T08:08:08.092Z,35,ok,,7,,0
Q00322,25,1,carrier_track,ORBU2455421,2026-08-12T08:08:09.198Z,1049,ok,,7,0,0.004
Q00323,1,1,get_shipment,ORBU1486206,2026-08-12T08:12:07.318Z,76,ok,,12,,0
Q00323,2,1,carrier_track,ORBU1486206,2026-08-12T08:12:08.307Z,1123,ok,,12,0,0.004
Q00324,1,1,get_shipment,KSTU4961813,2026-08-12T08:24:28.228Z,67,ok,,22,,0
Q00325,1,1,get_shipment,ORBU3173581,2026-08-12T08:26:24.670Z,61,ok,,25,,0
Q00325,2,1,carrier_track,ORBU3173581,2026-08-12T08:26:25.437Z,2308,ok,,25,0,0.004
Q00326,1,1,get_shipment,QVRU3068069,2026-08-12T08:29:45.722Z,37,ok,,28,,0
Q00326,2,1,carrier_track,QVRU3068069,2026-08-12T08:29:46.633Z,2918,ok,,28,0,0.004
Q00327,1,1,search_docs,BK608219,2026-08-12T08:53:57.031Z,466,ok,,,,0
Q00327,2,1,get_shipment,BK608219,2026-08-12T08:53:58.406Z,47,ok,,53,,0
Q00328,1,1,get_shipment,KSTU3617006,2026-08-12T09:15:57.010Z,87,ok,,74,,0
Q00328,2,1,carrier_track,KSTU3617006,2026-08-12T09:15:58.123Z,1826,ok,,74,0,0.004
Q00329,1,1,get_shipment,SNDU6955283,2026-08-12T09:16:18.228Z,41,ok,,76,,0
Q00329,2,1,carrier_track,SNDU6955283,2026-08-12T09:16:19.047Z,1411,ok,,76,0,0.004
Q00330,1,1,get_shipment,ZNTU2797106,2026-08-12T09:24:11.945Z,50,ok,,84,,0
Q00332,1,1,get_shipment,ORBU5012569,2026-08-12T09:46:38.639Z,61,ok,,104,,0
Q00332,2,1,carrier_track,ORBU5012569,2026-08-12T09:46:39.434Z,1344,ok,,104,0,0.004
Q00333,1,1,get_shipment,CBTU7649787,2026-08-12T09:47:16.068Z,79,ok,,105,,0
Q00333,2,1,carrier_track,CBTU7649787,2026-08-12T09:47:16.736Z,2753,ok,,105,0,0.004
Q00334,1,1,get_shipment,ORBU2538691,2026-08-12T09:48:32.272Z,51,ok,,108,,0
Q00334,2,1,carrier_track,ORBU2538691,2026-08-12T09:48:32.951Z,2767,ok,,108,0,0.004
Q00335,1,1,get_shipment,ZNTU2287481,2026-08-12T10:25:28.010Z,49,ok,,145,,0
Q00335,2,1,carrier_track,ZNTU2287481,2026-08-12T10:25:28.893Z,3045,ok,,145,0,0.004
Q00336,1,1,get_shipment,ZNTU2009128,2026-08-12T10:48:08.755Z,53,ok,,167,,0
Q00336,2,1,carrier_track,ZNTU2009128,2026-08-12T10:48:10.202Z,2506,ok,,167,0,0.004
Q00337,1,1,get_shipment,ZNTU5979770,2026-08-13T00:13:49.031Z,85,ok,,11,,0
Q00337,2,1,carrier_track,ZNTU5979770,2026-08-13T00:13:50.319Z,1704,ok,,11,0,0.004
Q00338,1,1,get_shipment,QVRU2186531,2026-08-13T00:32:17.126Z,49,ok,,32,,0
Q00338,2,1,carrier_track,QVRU2186531,2026-08-13T00:32:18.174Z,1271,ok,,32,0,0.004
Q00339,1,1,search_docs,BK797541,2026-08-13T00:40:52.006Z,499,ok,,,,0
Q00340,1,1,search_docs,BK840633,2026-08-13T00:46:39.464Z,426,ok,,,,0
Q00341,1,1,search_docs,BK752181,2026-08-13T01:04:34.665Z,501,ok,,,,0
Q00342,1,1,get_shipment,KSTU2836290,2026-08-13T01:06:50.343Z,111,ok,,65,,0
Q00343,1,1,get_shipment,ORBU5101131,2026-08-13T01:07:19.718Z,25,ok,,66,,0
Q00343,2,1,carrier_track,ORBU5101131,2026-08-13T01:07:20.705Z,2072,ok,,66,0,0.004
Q00348,1,1,get_shipment,BK560741,2026-08-13T01:21:53.123Z,43,ok,,81,,0
Q00348,2,1,carrier_track,ORBU4341855,2026-08-13T01:21:53.811Z,2172,ok,,81,0,0.004
Q00349,1,1,get_shipment,ORBU4199138,2026-08-13T01:25:55.646Z,76,ok,,84,,0
Q00349,2,1,carrier_track,ORBU4199138,2026-08-13T01:25:56.663Z,2087,ok,,84,0,0.004
Q00350,1,1,get_shipment,CBTU5364912,2026-08-13T01:33:20.509Z,62,ok,,91,,0
Q00350,2,1,carrier_track,CBTU5364912,2026-08-13T01:33:21.417Z,3688,ok,,91,0,0.004
Q00351,1,1,get_shipment,ZNTU2044345,2026-08-13T01:35:08.344Z,82,ok,,95,,0
Q00352,1,1,get_shipment,BK335329,2026-08-13T01:37:46.663Z,70,ok,,95,,0
Q00353,1,1,get_shipment,ORBU5012569,2026-08-13T01:45:13.450Z,77,ok,,103,,0
Q00353,2,1,carrier_track,ORBU5012569,2026-08-13T01:45:14.501Z,1945,ok,,103,0,0.004
Q00354,1,1,get_shipment,ORBU4905896,2026-08-13T01:49:32.638Z,87,ok,,109,,0
Q00355,1,1,get_shipment,ORBU4905896,2026-08-13T01:53:48.003Z,56,ok,,113,,0
Q00355,2,1,carrier_track,ORBU4905896,2026-08-13T01:53:48.984Z,1867,ok,,113,0,0.004
Q00356,1,1,get_shipment,KSTU1146048,2026-08-13T01:59:04.227Z,45,ok,,117,,0
Q00356,2,1,carrier_track,KSTU1146048,2026-08-13T01:59:05.263Z,2539,ok,,117,1,0.004
Q00357,1,1,get_shipment,KSTU8803319,2026-08-13T02:03:27.287Z,56,ok,,123,,0
Q00357,2,1,carrier_track,KSTU8803319,2026-08-13T02:03:28.202Z,2879,ok,,123,0,0.004
Q00358,1,1,get_shipment,ZNTU3013959,2026-08-13T02:12:23.308Z,47,ok,,131,,0
Q00358,2,1,carrier_track,ZNTU3013959,2026-08-13T02:12:24.337Z,2650,ok,,131,0,0.004
Q00359,1,1,get_shipment,ZNTU9156086,2026-08-13T02:15:47.817Z,42,ok,,134,,0
Q00359,2,1,carrier_track,ZNTU9156086,2026-08-13T02:15:48.525Z,2373,ok,,134,0,0.004
Q00360,1,1,list_shipments,status=in_transit,2026-08-13T02:16:07.195Z,95,ok,1,,,0
Q00360,2,1,get_shipment,CBTU8562502,2026-08-13T02:16:08.031Z,63,ok,,135,,0
Q00360,3,1,carrier_track,CBTU8562502,2026-08-13T02:16:09.083Z,2262,ok,,135,0,0.004
Q00361,1,1,get_shipment,ORBU5989617,2026-08-13T02:18:34.228Z,23,ok,,138,,0
Q00361,2,1,carrier_track,ORBU5989617,2026-08-13T02:18:35.001Z,2690,ok,,138,0,0.004
Q00362,1,1,get_shipment,ZNTU3342033,2026-08-13T02:23:49.991Z,38,ok,,142,,0
Q00362,2,1,carrier_track,ZNTU3342033,2026-08-13T02:23:51.025Z,2043,ok,,142,0,0.004
Q00363,1,1,get_shipment,KSTU3671211,2026-08-13T02:33:44.965Z,49,ok,,151,,0
Q00363,2,1,carrier_track,KSTU3671211,2026-08-13T02:33:46.085Z,1291,ok,,151,0,0.004
Q00364,1,1,get_shipment,ZNTU3942584,2026-08-13T02:45:12.798Z,58,ok,,163,,0
Q00364,2,1,carrier_track,ZNTU3942584,2026-08-13T02:45:13.980Z,1257,ok,,163,0,0.004
Q00365,1,1,get_shipment,ORBU2455421,2026-08-13T02:55:51.296Z,91,ok,,174,,0
Q00365,2,1,carrier_track,ORBU2455421,2026-08-13T02:55:52.013Z,2202,ok,,174,0,0.004
Q00366,1,1,get_shipment,QVRU3185584,2026-08-13T03:20:36.329Z,72,ok,,198,,0
Q00367,1,1,get_shipment,BK657364,2026-08-13T03:29:40.494Z,60,ok,,207,,0
Q00367,2,1,carrier_track,ZNTU3128701,2026-08-13T03:29:41.096Z,4073,ok,,207,0,0.004
Q00368,1,1,get_shipment,SNDU2515034,2026-08-13T03:39:09.276Z,54,ok,,218,,0
Q00368,2,1,carrier_track,SNDU2515034,2026-08-13T03:39:10.060Z,3123,ok,,218,0,0.004
Q00369,1,1,get_shipment,QVRU2410314,2026-08-13T03:40:58.609Z,82,ok,,220,,0
Q00370,1,1,get_shipment,ZNTU9117398,2026-08-13T03:45:51.392Z,60,ok,,224,,0
Q00370,2,1,carrier_track,ZNTU9117398,2026-08-13T03:45:52.330Z,1802,ok,,224,0,0.004
Q00371,1,1,get_shipment,ORBU7947110,2026-08-13T03:51:01.368Z,108,ok,,230,,0
Q00372,1,1,search_docs,BK264080,2026-08-13T03:51:12.853Z,490,ok,,,,0
Q00373,1,1,list_shipments,status=in_transit,2026-08-13T03:59:02.507Z,132,ok,3,,,0
Q00373,2,1,get_shipment,SNDU4731386,2026-08-13T03:59:03.764Z,59,ok,,239,,0
Q00373,3,1,carrier_track,SNDU4731386,2026-08-13T03:59:04.495Z,2880,ok,,239,0,0.004
Q00373,4,1,get_shipment,KSTU2836290,2026-08-13T03:59:08.330Z,43,ok,,238,,0
Q00373,5,1,carrier_track,KSTU2836290,2026-08-13T03:59:09.179Z,2728,ok,,238,0,0.004
Q00373,6,1,get_shipment,CBTU3984664,2026-08-13T03:59:13.268Z,47,ok,,238,,0
Q00373,7,1,carrier_track,CBTU3984664,2026-08-13T03:59:14.040Z,1909,ok,,238,1,0.004
Q00375,1,1,get_shipment,ZNTU2305306,2026-08-13T04:31:50.401Z,48,ok,,31,,0
Q00375,2,1,carrier_track,ZNTU2305306,2026-08-13T04:31:51.468Z,2063,ok,,31,0,0.004
Q00376,1,1,get_shipment,CBTU6776075,2026-08-13T04:35:20.471Z,44,ok,,34,,0
Q00376,2,1,carrier_track,CBTU6776075,2026-08-13T04:35:21.427Z,2280,ok,,34,0,0.004
Q00377,1,1,get_shipment,KSTU3617006,2026-08-13T04:53:05.440Z,36,ok,,52,,0
Q00377,2,1,carrier_track,KSTU3617006,2026-08-13T04:53:06.673Z,1638,ok,,52,0,0.004
Q00378,1,1,search_docs,BK268146,2026-08-13T05:01:45.519Z,455,ok,,,,0
Q00378,2,1,get_shipment,BK268146,2026-08-13T05:01:46.978Z,59,ok,,59,,0
Q00379,1,1,get_shipment,CBTU4442978,2026-08-13T05:04:25.685Z,40,ok,,63,,0
Q00379,2,1,carrier_track,CBTU4442978,2026-08-13T05:04:26.472Z,3333,ok,,63,0,0.004
Q00380,1,1,search_docs,BK987088,2026-08-13T05:20:43.604Z,564,ok,,,,0
Q00381,1,1,get_shipment,BK774147,2026-08-13T05:28:04.627Z,100,ok,,87,,0
Q00381,2,1,carrier_track,SNDU6001115,2026-08-13T05:28:05.669Z,1805,ok,,87,0,0.004
Q00382,1,1,get_shipment,BK739734,2026-08-13T05:30:29.636Z,53,ok,,89,,0
Q00383,1,1,get_shipment,KSTU9097578,2026-08-13T05:44:44.002Z,34,ok,,104,,0
Q00383,2,1,carrier_track,KSTU9097578,2026-08-13T05:44:44.691Z,2670,ok,,104,0,0.004
Q00384,1,1,search_docs,BK882396,2026-08-13T05:50:56.884Z,364,ok,,,,0
Q00384,2,1,search_docs,BK882396,2026-08-13T05:50:58.292Z,262,ok,,,,0
Q00385,1,1,list_shipments,status=in_transit,2026-08-13T06:00:46.301Z,129,ok,3,,,0
Q00385,2,1,get_shipment,QVRU2825241,2026-08-13T06:00:46.834Z,66,ok,,120,,0
Q00385,3,1,get_shipment,SNDU4290229,2026-08-13T06:00:47.840Z,56,ok,,120,,0
Q00385,4,1,carrier_track,SNDU4290229,2026-08-13T06:00:48.379Z,3593,ok,,120,1,0.004
Q00385,5,1,get_shipment,ZNTU9688794,2026-08-13T06:00:52.862Z,107,ok,,120,,0
Q00386,1,1,get_shipment,ORBU1677159,2026-08-13T06:01:56.893Z,61,ok,,119,,0
Q00387,1,1,get_shipment,CBTU9998559,2026-08-13T06:03:26.478Z,69,ok,,123,,0
Q00387,2,1,carrier_track,CBTU9998559,2026-08-13T06:03:27.321Z,3046,ok,,123,0,0.004
Q00389,1,1,get_shipment,BK540975,2026-08-13T06:09:49.550Z,41,ok,,127,,0
Q00389,2,1,carrier_track,QVRU8022648,2026-08-13T06:09:50.295Z,2212,ok,,127,0,0.004
Q00390,1,1,get_shipment,BK966552,2026-08-13T06:12:34.673Z,55,ok,,130,,0
Q00390,2,1,carrier_track,SNDU1269773,2026-08-13T06:12:35.806Z,1843,ok,,130,0,0.004
Q00391,1,1,search_docs,BK103798,2026-08-13T06:13:06.086Z,548,ok,,,,0
Q00391,2,1,search_docs,BK103798,2026-08-13T06:13:07.597Z,367,ok,,,,0
Q00392,1,1,get_shipment,ZNTU9304748,2026-08-13T06:17:37.297Z,64,ok,,135,,0
Q00393,1,1,get_shipment,QVRU9904024,2026-08-13T06:19:24.783Z,62,ok,,138,,0
Q00394,1,1,list_shipments,status=in_transit,2026-08-13T06:24:44.459Z,112,ok,3,,,0
Q00394,2,1,get_shipment,QVRU9513238,2026-08-13T06:24:45.253Z,79,ok,,142,,0
Q00394,3,1,carrier_track,QVRU9513238,2026-08-13T06:24:46.261Z,4035,ok,,142,0,0.004
Q00394,4,1,get_shipment,CBTU9998559,2026-08-13T06:24:51.112Z,51,ok,,144,,0
Q00394,5,1,carrier_track,CBTU9998559,2026-08-13T06:24:52.146Z,2160,ok,,144,0,0.004
Q00394,6,1,get_shipment,QVRU8335233,2026-08-13T06:24:55.084Z,51,ok,,144,,0
Q00394,7,1,carrier_track,QVRU8335233,2026-08-13T06:24:56.202Z,2417,ok,,144,0,0.004
Q00395,1,1,get_shipment,CBTU4732128,2026-08-13T06:28:19.047Z,60,ok,,148,,0
Q00395,2,1,carrier_track,CBTU4732128,2026-08-13T06:28:19.896Z,1524,ok,,148,0,0.004
Q00396,1,1,search_docs,BK854526,2026-08-13T06:28:19.840Z,389,ok,,,,0
Q00396,2,1,get_shipment,BK854526,2026-08-13T06:28:21.128Z,88,ok,,147,,0
Q00397,1,1,search_docs,BK364444,2026-08-13T06:30:37.836Z,369,ok,,,,0
Q00399,1,1,get_shipment,BK869499,2026-08-13T06:41:43.070Z,52,ok,,159,,0
Q00399,2,1,carrier_track,CBTU8201531,2026-08-13T06:41:43.896Z,2225,ok,,159,0,0.004
Q00401,1,1,get_shipment,KSTU1469656,2026-08-13T06:47:31.847Z,49,ok,,165,,0
Q00402,1,1,get_shipment,SNDU9339547,2026-08-13T06:53:08.225Z,83,ok,,172,,0
Q00402,2,1,carrier_track,SNDU9339547,2026-08-13T06:53:09.096Z,2447,ok,,172,0,0.004
Q00403,1,1,search_docs,BK674394,2026-08-13T06:53:12.888Z,529,ok,,,,0
Q00403,2,1,get_shipment,BK674394,2026-08-13T06:53:14.437Z,63,ok,,172,,0
Q00404,1,1,get_shipment,ZNTU2424708,2026-08-13T07:01:42.870Z,68,ok,,181,,0
Q00404,2,1,carrier_track,ZNTU2424708,2026-08-13T07:01:43.782Z,1592,ok,,181,0,0.004
Q00405,1,1,get_shipment,ZNTU6052542,2026-08-13T07:03:14.527Z,60,ok,,182,,0
Q00405,2,1,carrier_track,ZNTU6052542,2026-08-13T07:03:15.565Z,2285,ok,,182,1,0.004
Q00406,1,1,search_docs,BK796705,2026-08-13T07:07:55.421Z,632,ok,,,,0
Q00406,2,1,search_docs,BK796705,2026-08-13T07:07:57.062Z,327,ok,,,,0
Q00407,1,1,get_shipment,SNDU9481774,2026-08-13T07:12:15.179Z,68,ok,,191,,0
Q00408,1,1,get_shipment,BK951404,2026-08-13T07:15:06.818Z,84,ok,,193,,0
Q00408,2,1,carrier_track,ZNTU1486729,2026-08-13T07:15:07.718Z,2008,ok,,193,0,0.004
Q00409,1,1,get_shipment,QVRU7318605,2026-08-13T07:45:12.263Z,73,ok,,225,,0
Q00409,2,1,carrier_track,QVRU7318605,2026-08-13T07:45:13.171Z,2316,ok,,225,0,0.004
Q00410,1,1,get_shipment,CBTU8201531,2026-08-13T07:52:57.281Z,29,ok,,230,,0
Q00410,2,1,carrier_track,CBTU8201531,2026-08-13T07:52:58.417Z,1808,ok,,230,0,0.004
Q00411,1,1,search_docs,BK965138,2026-08-13T07:57:22.690Z,542,ok,,,,0
Q00412,1,1,get_shipment,ZNTU9304748,2026-08-13T08:01:42.919Z,45,ok,,239,,0
Q00412,2,1,carrier_track,ZNTU9304748,2026-08-13T08:01:43.625Z,2616,ok,,239,0,0.004
Q00413,1,1,get_shipment,BK305249,2026-08-13T08:04:22.628Z,75,ok,,3,,0
Q00414,1,1,search_docs,BK742273,2026-08-13T08:09:18.461Z,417,ok,,,,0
Q00414,2,1,search_docs,BK742273,2026-08-13T08:09:19.743Z,405,ok,,,,0
Q00415,1,1,get_shipment,ORBU1895476,2026-08-13T08:11:33.621Z,78,ok,,9,,0
Q00415,2,1,carrier_track,ORBU1895476,2026-08-13T08:11:34.615Z,1867,ok,,9,0,0.004
Q00416,1,1,get_shipment,ZNTU6824809,2026-08-13T08:12:02.084Z,47,ok,,12,,0
Q00417,1,1,get_shipment,QVRU3380872,2026-08-13T08:12:45.784Z,48,ok,,11,,0
Q00417,2,1,carrier_track,QVRU3380872,2026-08-13T08:12:46.667Z,3437,ok,,11,0,0.004
Q00418,1,1,get_shipment,CBTU5364912,2026-08-13T08:14:06.199Z,59,ok,,12,,0
Q00418,2,1,carrier_track,CBTU5364912,2026-08-13T08:14:07.184Z,2414,ok,,12,0,0.004
Q00420,1,1,list_shipments,status=at_origin,2026-08-13T08:33:22.062Z,103,ok,156,,,0
Q00420,2,1,get_shipment,ORBU6345416,2026-08-13T08:33:23.266Z,51,ok,,31,,0
Q00420,3,1,carrier_track,ORBU6345416,2026-08-13T08:33:24.213Z,3537,ok,,31,0,0.004
Q00420,4,1,get_shipment,CBTU1905850,2026-08-13T08:33:28.523Z,35,ok,,31,,0
Q00420,5,1,get_shipment,SNDU2702289,2026-08-13T08:33:29.292Z,60,ok,,33,,0
Q00420,6,1,carrier_track,SNDU2702289,2026-08-13T08:33:30.528Z,1773,ok,,33,0,0.004
Q00420,7,1,get_shipment,SNDU7312081,2026-08-13T08:33:33.210Z,46,ok,,31,,0
Q00420,8,1,get_shipment,CBTU5441883,2026-08-13T08:33:33.984Z,68,ok,,33,,0
Q00420,9,1,carrier_track,CBTU5441883,2026-08-13T08:33:34.899Z,1737,ok,,33,0,0.004
Q00420,10,1,get_shipment,SNDU6001115,2026-08-13T08:33:38.207Z,78,ok,,32,,0
Q00420,11,1,get_shipment,KSTU7722368,2026-08-13T08:33:39.132Z,39,ok,,32,,0
Q00420,12,1,get_shipment,ORBU1486206,2026-08-13T08:33:39.846Z,25,ok,,33,,0
Q00420,13,1,get_shipment,CBTU6776075,2026-08-13T08:33:40.839Z,44,ok,,32,,0
Q00420,14,1,carrier_track,CBTU6776075,2026-08-13T08:33:41.838Z,1661,ok,,32,0,0.004
Q00420,15,1,get_shipment,KSTU9097578,2026-08-13T08:33:44.396Z,56,ok,,33,,0
Q00420,16,1,carrier_track,KSTU9097578,2026-08-13T08:33:45.285Z,2104,ok,,33,0,0.004
Q00420,17,1,get_shipment,ZNTU6771478,2026-08-13T08:33:48.409Z,50,ok,,33,,0
Q00420,18,1,carrier_track,ZNTU6771478,2026-08-13T08:33:49.451Z,3201,ok,,33,0,0.004
Q00420,19,1,get_shipment,ZNTU4344024,2026-08-13T08:33:53.654Z,59,ok,,31,,0
Q00420,20,1,carrier_track,ZNTU4344024,2026-08-13T08:33:55.002Z,3754,ok,,31,0,0.004
Q00420,21,1,get_shipment,ORBU2455421,2026-08-13T08:34:00.010Z,38,ok,,33,,0
Q00420,22,1,get_shipment,KSTU8807342,2026-08-13T08:34:01.126Z,65,ok,,32,,0
Q00420,23,1,carrier_track,KSTU8807342,2026-08-13T08:34:02.083Z,3053,ok,,32,0,0.004
Q00420,24,1,get_shipment,ZNTU6878862,2026-08-13T08:34:06.724Z,63,ok,,34,,0
Q00420,25,1,get_shipment,CBTU2724228,2026-08-13T08:34:07.598Z,58,ok,,34,,0
Q00422,1,1,get_shipment,KSTU9535313,2026-08-13T08:48:11.351Z,51,ok,,48,,0
Q00423,1,1,get_shipment,QVRU2186531,2026-08-13T08:48:42.646Z,45,ok,,48,,0
Q00423,2,1,carrier_track,QVRU2186531,2026-08-13T08:48:43.350Z,1435,ok,,48,0,0.004
Q00424,1,1,get_shipment,SNDU6752099,2026-08-13T09:11:36.329Z,76,ok,,69,,0
Q00424,2,1,carrier_track,SNDU6752099,2026-08-13T09:11:37.120Z,1612,ok,,69,0,0.004
Q00425,1,1,get_shipment,ZNTU9117398,2026-08-13T09:15:47.764Z,78,ok,,74,,0
Q00425,2,1,carrier_track,ZNTU9117398,2026-08-13T09:15:48.881Z,2234,ok,,74,0,0.004
Q00426,1,1,get_shipment,ORBU2351205,2026-08-13T09:16:26.404Z,51,ok,,75,,0
Q00426,2,1,carrier_track,ORBU2351205,2026-08-13T09:16:27.430Z,1185,ok,,75,0,0.004
Q00427,1,1,get_shipment,KSTU3670703,2026-08-13T09:24:28.794Z,62,ok,,83,,0
Q00427,2,1,carrier_track,KSTU3670703,2026-08-13T09:24:29.571Z,2714,ok,,83,0,0.004
Q00428,1,1,get_shipment,QVRU2789766,2026-08-13T09:26:25.305Z,70,ok,,86,,0
Q00428,2,1,carrier_track,QVRU2789766,2026-08-13T09:26:26.468Z,3811,ok,,86,0,0.004
Q00429,1,1,get_shipment,SNDU6530860,2026-08-13T09:31:51.505Z,50,ok,,91,,0
Q00429,2,1,carrier_track,SNDU6530860,2026-08-13T09:31:52.404Z,3122,ok,,91,1,0.004
Q00430,1,1,get_shipment,BK927385,2026-08-13T09:32:33.938Z,55,ok,,92,,0
Q00430,2,1,carrier_track,ORBU1519780,2026-08-13T09:32:35.001Z,2378,ok,,92,0,0.004
Q00431,1,1,get_shipment,ORBU8479695,2026-08-13T09:47:41.877Z,56,ok,,105,,0
Q00431,2,1,carrier_track,ORBU8479695,2026-08-13T09:47:42.542Z,1903,ok,,105,0,0.004
Q00432,1,1,get_shipment,KSTU7584940,2026-08-13T10:36:46.707Z,72,ok,,154,,0
Q00434,1,1,get_shipment,SNDU6784955,2026-08-14T00:19:41.161Z,67,ok,,18,,0
Q00434,2,1,carrier_track,SNDU6784955,2026-08-14T00:19:41.922Z,2053,ok,,18,0,0.004
Q00435,1,1,search_docs,BK168133,2026-08-14T00:38:58.252Z,525,ok,,,,0
Q00435,2,1,search_docs,BK168133,2026-08-14T00:38:59.706Z,418,ok,,,,0
Q00437,1,1,search_docs,BK591948,2026-08-14T00:54:36.591Z,389,ok,,,,0
Q00438,1,1,get_shipment,CBTU4857765,2026-08-14T00:57:22.020Z,86,ok,,56,,0
Q00439,1,1,get_shipment,KSTU3260708,2026-08-14T01:04:24.840Z,81,ok,,64,,0
Q00439,2,1,carrier_track,KSTU3260708,2026-08-14T01:04:25.538Z,2450,ok,,64,0,0.004
Q00440,1,1,search_docs,BK872575,2026-08-14T01:06:56.552Z,458,ok,,,,0
Q00440,2,1,search_docs,BK872575,2026-08-14T01:06:57.770Z,398,ok,,,,0
Q00441,1,1,search_docs,BK733034,2026-08-14T01:12:36.132Z,328,ok,,,,0
Q00441,2,1,search_docs,BK733034,2026-08-14T01:12:37.095Z,550,ok,,,,0
Q00442,1,1,get_shipment,CBTU4308493,2026-08-14T01:13:07.629Z,54,ok,,73,,0
Q00442,2,1,carrier_track,CBTU4308493,2026-08-14T01:13:08.640Z,2116,ok,,73,0,0.004
Q00443,1,1,get_shipment,CBTU9916148,2026-08-14T01:17:28.571Z,51,ok,,76,,0
Q00444,1,1,get_shipment,ORBU4341855,2026-08-14T01:27:58.079Z,47,ok,,87,,0
Q00444,2,1,carrier_track,ORBU4341855,2026-08-14T01:27:58.785Z,1886,ok,,87,0,0.004
Q00445,1,1,search_docs,BK115967,2026-08-14T01:39:09.663Z,474,ok,,,,0
Q00446,1,1,get_shipment,KSTU9862688,2026-08-14T01:39:49.467Z,41,ok,,99,,0
Q00447,1,1,get_shipment,QVRU2825241,2026-08-14T01:45:55.203Z,50,ok,,105,,0
Q00447,2,1,carrier_track,QVRU2825241,2026-08-14T01:45:55.945Z,2669,ok,,105,0,0.004
Q00448,1,1,list_shipments,status=in_transit,2026-08-14T01:52:21.471Z,92,ok,1,,,0
Q00448,2,1,get_shipment,KSTU8803319,2026-08-14T01:52:22.223Z,57,ok,,112,,0
Q00449,1,1,get_shipment,BK965489,2026-08-14T02:16:34.698Z,48,ok,,135,,0
Q00449,2,1,carrier_track,SNDU2826877,2026-08-14T02:16:35.757Z,1359,ok,,135,1,0.004
Q00450,1,1,get_shipment,BK517406,2026-08-14T02:31:21.109Z,58,ok,,149,,0
Q00451,1,1,get_shipment,KSTU1146048,2026-08-14T02:37:05.166Z,73,ok,,155,,0
Q00451,2,1,carrier_track,KSTU1146048,2026-08-14T02:37:06.017Z,1938,ok,,155,0,0.004
Q00452,1,1,get_shipment,SNDU8444960,2026-08-14T02:49:07.741Z,49,ok,,169,,0
Q00452,2,1,carrier_track,SNDU8444960,2026-08-14T02:49:08.536Z,3734,ok,,169,0,0.004
Q00453,1,1,get_shipment,CBTU8201531,2026-08-14T02:57:32.107Z,53,ok,,175,,0
Q00454,1,1,get_shipment,SNDU2515034,2026-08-14T02:59:31.038Z,68,ok,,178,,0
Q00454,2,1,carrier_track,SNDU2515034,2026-08-14T02:59:31.815Z,2612,ok,,178,0,0.004
Q00455,1,1,get_shipment,BK959598,2026-08-14T03:05:09.481Z,95,ok,,184,,0
Q00455,2,1,carrier_track,ORBU3173581,2026-08-14T03:05:10.289Z,2094,ok,,184,0,0.004
Q00456,1,1,get_shipment,ZNTU4284050,2026-08-14T03:20:21.066Z,68,ok,,200,,0
Q00456,2,1,carrier_track,ZNTU4284050,2026-08-14T03:20:22.251Z,2195,ok,,200,0,0.004
Q00457,1,1,get_shipment,SNDU1269773,2026-08-14T03:34:10.447Z,74,ok,,212,,0
Q00457,2,1,carrier_track,SNDU1269773,2026-08-14T03:34:11.234Z,2250,ok,,212,0,0.004
Q00458,1,1,get_shipment,ORBU8479695,2026-08-14T03:36:55.425Z,38,ok,,214,,0
Q00459,1,1,list_shipments,status=in_transit,2026-08-14T03:51:09.347Z,116,ok,101,,,0
Q00459,2,1,get_shipment,SNDU4059205,2026-08-14T03:51:10.292Z,70,ok,,229,,0
Q00459,3,1,get_shipment,SNDU7583025,2026-08-14T03:51:11.004Z,113,ok,,229,,0
Q00459,4,1,get_shipment,KSTU9862688,2026-08-14T03:51:12.173Z,58,ok,,231,,0
Q00459,5,1,carrier_track,KSTU9862688,2026-08-14T03:51:12.931Z,1202,ok,,231,1,0.004
Q00459,6,1,get_shipment,SNDU7152201,2026-08-14T03:51:15.395Z,37,ok,,229,,0
Q00459,7,1,carrier_track,SNDU7152201,2026-08-14T03:51:16.079Z,1869,ok,,229,0,0.004
Q00459,8,1,get_shipment,SNDU6530860,2026-08-14T03:51:19.315Z,49,ok,,231,,0
Q00459,9,1,get_shipment,ZNTU2424708,2026-08-14T03:51:20.082Z,75,ok,,231,,0
Q00459,10,1,get_shipment,KSTU1469656,2026-08-14T03:51:21.045Z,55,ok,,229,,0
Q00459,11,1,get_shipment,ORBU5351419,2026-08-14T03:51:21.864Z,47,ok,,229,,0
Q00459,12,1,carrier_track,ORBU5351419,2026-08-14T03:51:22.953Z,2973,ok,,229,0,0.004
Q00459,13,1,get_shipment,SNDU3193843,2026-08-14T03:51:27.025Z,71,ok,,230,,0
Q00459,14,1,get_shipment,SNDU9481774,2026-08-14T03:51:28.235Z,74,ok,,230,,0
Q00459,15,1,get_shipment,SNDU9947044,2026-08-14T03:51:29.280Z,57,ok,,229,,0
Q00459,16,1,get_shipment,KSTU7990009,2026-08-14T03:51:30.401Z,58,ok,,229,,0
Q00459,17,1,carrier_track,KSTU7990009,2026-08-14T03:51:31.685Z,1239,ok,,229,1,0.004
Q00459,18,1,get_shipment,KSTU8186330,2026-08-14T03:51:33.912Z,68,ok,,231,,0
Q00459,19,1,carrier_track,KSTU8186330,2026-08-14T03:51:35.239Z,1849,ok,,231,0,0.004
Q00459,20,1,get_shipment,KSTU7143536,2026-08-14T03:51:37.929Z,56,ok,,230,,0
Q00459,21,1,carrier_track,KSTU7143536,2026-08-14T03:51:39.103Z,2541,ok,,230,0,0.004
Q00459,22,1,get_shipment,KSTU3708950,2026-08-14T03:51:42.436Z,74,ok,,230,,0
Q00459,23,1,carrier_track,KSTU3708950,2026-08-14T03:51:43.406Z,2113,ok,,230,0,0.004
Q00459,24,1,get_shipment,ZNTU4284050,2026-08-14T03:51:46.535Z,110,ok,,231,,0
Q00459,25,1,get_shipment,QVRU2410314,2026-08-14T03:51:47.735Z,57,ok,,231,,0
Q00461,1,1,get_shipment,QVRU9588001,2026-08-14T03:57:24.047Z,53,ok,,236,,0
Q00461,2,1,carrier_track,QVRU9588001,2026-08-14T03:57:24.739Z,1763,ok,,236,0,0.004
Q00462,1,1,get_shipment,ZNTU2701004,2026-08-14T03:59:26.869Z,136,ok,,237,,0
Q00463,1,1,get_shipment,QVRU1073176,2026-08-14T04:01:12.155Z,60,ok,,1,,0
Q00466,1,1,search_docs,BK140093,2026-08-14T05:46:48.121Z,454,ok,,,,0
Q00467,1,1,get_shipment,CBTU8950025,2026-08-14T05:49:46.217Z,71,ok,,109,,0
Q00467,2,1,carrier_track,CBTU8950025,2026-08-14T05:49:47.036Z,1879,ok,,109,0,0.004
Q00468,1,1,get_shipment,CBTU4371885,2026-08-14T06:18:40.815Z,84,ok,,137,,0
Q00469,1,1,list_shipments,status=in_transit,2026-08-14T06:22:51.654Z,72,ok,101,,,0
Q00469,2,1,get_shipment,SNDU4059205,2026-08-14T06:22:52.826Z,73,ok,,140,,0
Q00469,3,1,carrier_track,SNDU4059205,2026-08-14T06:22:53.627Z,2277,ok,,140,0,0.004
Q00469,4,1,get_shipment,SNDU7583025,2026-08-14T06:22:56.866Z,69,ok,,140,,0
Q00469,5,1,get_shipment,KSTU9862688,2026-08-14T06:22:57.838Z,63,ok,,142,,0
Q00469,6,1,carrier_track,KSTU9862688,2026-08-14T06:22:58.852Z,2979,ok,,142,0,0.004
Q00469,7,1,get_shipment,SNDU7152201,2026-08-14T06:23:02.706Z,89,ok,,141,,0
Q00469,8,1,carrier_track,SNDU7152201,2026-08-14T06:23:03.762Z,2333,ok,,141,0,0.004
Q00469,9,1,get_shipment,SNDU6530860,2026-08-14T06:23:07.018Z,62,ok,,143,,0
Q00469,10,1,carrier_track,SNDU6530860,2026-08-14T06:23:07.843Z,2714,ok,,143,0,0.004
Q00469,11,1,get_shipment,ZNTU2424708,2026-08-14T06:23:11.352Z,107,ok,,143,,0
Q00469,12,1,get_shipment,KSTU1469656,2026-08-14T06:23:12.305Z,83,ok,,141,,0
Q00469,13,1,get_shipment,ORBU5351419,2026-08-14T06:23:13.339Z,54,ok,,141,,0
Q00469,14,1,get_shipment,SNDU3193843,2026-08-14T06:23:14.225Z,64,ok,,142,,0
Q00469,15,1,get_shipment,SNDU9481774,2026-08-14T06:23:15.008Z,55,ok,,142,,0
Q00469,16,1,get_shipment,SNDU9947044,2026-08-14T06:23:16.013Z,44,ok,,141,,0
Q00469,17,1,get_shipment,KSTU7990009,2026-08-14T06:23:16.904Z,52,ok,,141,,0
Q00469,18,1,carrier_track,KSTU7990009,2026-08-14T06:23:17.804Z,1580,ok,,141,0,0.004
Q00469,19,1,get_shipment,KSTU8186330,2026-08-14T06:23:20.357Z,117,ok,,143,,0
Q00469,20,1,get_shipment,KSTU7143536,2026-08-14T06:23:21.499Z,79,ok,,142,,0
Q00469,21,1,get_shipment,KSTU3708950,2026-08-14T06:23:22.274Z,57,ok,,142,,0
Q00469,22,1,carrier_track,KSTU3708950,2026-08-14T06:23:22.941Z,987,ok,,142,0,0.004
Q00469,23,1,get_shipment,ZNTU4284050,2026-08-14T06:23:24.867Z,78,ok,,143,,0
Q00469,24,1,carrier_track,ZNTU4284050,2026-08-14T06:23:25.789Z,3057,ok,,143,0,0.004
Q00469,25,1,get_shipment,QVRU2410314,2026-08-14T06:23:30.282Z,79,ok,,143,,0
Q00470,1,1,get_shipment,CBTU9998559,2026-08-14T06:23:56.704Z,196,ok,,143,,0
Q00470,2,1,carrier_track,CBTU9998559,2026-08-14T06:23:58.062Z,1409,ok,,143,0,0.004
Q00472,1,1,get_shipment,BK922369,2026-08-14T06:54:07.724Z,74,ok,,174,,0
Q00472,2,1,carrier_track,SNDU9094788,2026-08-14T06:54:08.716Z,1836,ok,,174,0,0.004
Q00473,1,1,get_shipment,QVRU2789766,2026-08-14T06:55:13.687Z,99,ok,,175,,0
Q00473,2,1,carrier_track,QVRU2789766,2026-08-14T06:55:14.435Z,2616,ok,,175,0,0.004
Q00474,1,1,get_shipment,ORBU6958906,2026-08-14T06:58:37.545Z,81,ok,,177,,0
Q00474,2,1,carrier_track,ORBU6958906,2026-08-14T06:58:38.316Z,2551,ok,,177,0,0.004
Q00475,1,1,search_docs,BK525112,2026-08-14T07:00:40.458Z,442,ok,,,,0
Q00475,2,1,search_docs,BK525112,2026-08-14T07:00:41.791Z,272,ok,,,,0
Q00477,1,1,get_shipment,BK227529,2026-08-14T07:13:16.554Z,74,ok,,191,,0
Q00477,2,1,carrier_track,KSTU7990009,2026-08-14T07:13:17.744Z,1924,ok,,191,0,0.004
Q00478,1,1,get_shipment,ORBU5989617,2026-08-14T07:15:38.905Z,66,ok,,195,,0
Q00478,2,1,carrier_track,ORBU5989617,2026-08-14T07:15:39.614Z,1872,ok,,195,0,0.004
Q00479,1,1,get_shipment,ORBU1486206,2026-08-14T07:27:08.908Z,66,ok,,207,,0
Q00479,2,1,carrier_track,ORBU1486206,2026-08-14T07:27:10.054Z,1597,ok,,207,0,0.004
Q00480,1,1,get_shipment,CBTU7649787,2026-08-14T07:32:19.847Z,44,ok,,210,,0
Q00480,2,1,carrier_track,CBTU7649787,2026-08-14T07:32:20.855Z,1792,ok,,210,0,0.004
Q00481,1,1,get_shipment,CBTU4709891,2026-08-14T07:35:32.556Z,50,ok,,214,,0
Q00482,1,1,get_shipment,BK813728,2026-08-14T07:36:14.559Z,33,ok,,215,,0
Q00482,2,1,carrier_track,CBTU9916148,2026-08-14T07:36:15.245Z,3085,ok,,215,0,0.004
Q00483,1,1,get_shipment,ORBU7490238,2026-08-14T07:40:16.219Z,42,ok,,220,,0
Q00484,1,1,get_shipment,KSTU8803319,2026-08-14T07:42:38.922Z,61,ok,,222,,0
Q00484,2,1,carrier_track,KSTU8803319,2026-08-14T07:42:40.067Z,2120,ok,,222,0,0.004
Q00485,1,1,get_shipment,ZNTU1486729,2026-08-14T07:44:03.568Z,52,ok,,222,,0
Q00487,1,1,list_shipments,status=in_transit,2026-08-14T07:50:34.513Z,142,ok,101,,,0
Q00487,2,1,get_shipment,SNDU4059205,2026-08-14T07:50:35.469Z,59,ok,,228,,0
Q00487,3,1,carrier_track,SNDU4059205,2026-08-14T07:50:36.301Z,1618,ok,,228,0,0.004
Q00487,4,1,get_shipment,SNDU7583025,2026-08-14T07:50:38.986Z,97,ok,,228,,0
Q00487,5,1,carrier_track,SNDU7583025,2026-08-14T07:50:39.986Z,2422,ok,,228,0,0.004
Q00487,6,1,get_shipment,KSTU9862688,2026-08-14T07:50:43.371Z,49,ok,,230,,0
Q00487,7,1,carrier_track,KSTU9862688,2026-08-14T07:50:44.112Z,2553,ok,,230,0,0.004
Q00487,8,1,get_shipment,SNDU7152201,2026-08-14T07:50:47.608Z,64,ok,,228,,0
Q00487,9,1,get_shipment,SNDU6530860,2026-08-14T07:50:48.842Z,50,ok,,230,,0
Q00487,10,1,carrier_track,SNDU6530860,2026-08-14T07:50:49.578Z,1531,ok,,230,0,0.004
Q00487,11,1,get_shipment,ZNTU2424708,2026-08-14T07:50:51.845Z,55,ok,,230,,0
Q00487,12,1,carrier_track,ZNTU2424708,2026-08-14T07:50:53.067Z,3064,ok,,230,0,0.004
Q00487,13,1,get_shipment,KSTU1469656,2026-08-14T07:50:57.690Z,117,ok,,228,,0
Q00487,14,1,carrier_track,KSTU1469656,2026-08-14T07:50:58.733Z,1797,ok,,228,0,0.004
Q00487,15,1,get_shipment,ORBU5351419,2026-08-14T07:51:01.280Z,37,ok,,229,,0
Q00487,16,1,carrier_track,ORBU5351419,2026-08-14T07:51:02.347Z,3018,ok,,229,0,0.004
Q00487,17,1,get_shipment,SNDU3193843,2026-08-14T07:51:07.046Z,56,ok,,230,,0
Q00487,18,1,carrier_track,SNDU3193843,2026-08-14T07:51:08.473Z,1268,ok,,230,0,0.004
Q00487,19,1,get_shipment,SNDU9481774,2026-08-14T07:51:10.572Z,63,ok,,230,,0
Q00487,20,1,get_shipment,SNDU9947044,2026-08-14T07:51:12.071Z,30,ok,,229,,0
Q00487,21,1,carrier_track,SNDU9947044,2026-08-14T07:51:12.839Z,3643,ok,,229,0,0.004
Q00487,22,1,get_shipment,KSTU7990009,2026-08-14T07:51:17.396Z,82,ok,,229,,0
Q00487,23,1,carrier_track,KSTU7990009,2026-08-14T07:51:18.089Z,3734,ok,,229,0,0.004
Q00487,24,1,get_shipment,KSTU8186330,2026-08-14T07:51:22.897Z,55,ok,,231,,0
Q00487,25,1,carrier_track,KSTU8186330,2026-08-14T07:51:23.747Z,1442,ok,,231,0,0.004
Q00488,1,1,search_docs,BK881385,2026-08-14T07:50:56.506Z,347,ok,,,,0
Q00489,1,1,get_shipment,BK967942,2026-08-14T07:51:31.946Z,98,ok,,230,,0
Q00489,2,1,carrier_track,ORBU6958906,2026-08-14T07:51:32.979Z,3944,ok,,230,0,0.004
Q00490,1,1,get_shipment,ORBU3124840,2026-08-14T07:52:12.217Z,43,ok,,231,,0
Q00490,2,1,carrier_track,ORBU3124840,2026-08-14T07:52:13.316Z,3673,ok,,231,0,0.004
Q00491,1,1,get_shipment,ZNTU2701004,2026-08-14T07:59:48.625Z,43,ok,,237,,0
Q00491,2,1,carrier_track,ZNTU2701004,2026-08-14T07:59:49.633Z,1728,ok,,237,0,0.004
Q00492,1,1,get_shipment,ZNTU3624936,2026-08-14T08:17:17.887Z,53,ok,,17,,0
Q00494,1,1,get_shipment,CBTU5441883,2026-08-14T08:25:23.363Z,26,ok,,25,,0
Q00495,1,1,search_docs,BK263486,2026-08-14T08:27:27.368Z,431,ok,,,,0
Q00496,1,1,get_shipment,SNDU5956897,2026-08-14T08:27:30.019Z,66,ok,,27,,0
Q00496,2,1,carrier_track,SNDU5956897,2026-08-14T08:27:30.785Z,1562,ok,,27,0,0.004
Q00497,1,1,list_shipments,status=in_transit,2026-08-14T08:30:47.864Z,93,ok,101,,,0
Q00497,2,1,get_shipment,SNDU4059205,2026-08-14T08:30:48.980Z,84,ok,,28,,0
Q00497,3,1,get_shipment,SNDU7583025,2026-08-14T08:30:49.829Z,74,ok,,28,,0
Q00497,4,1,get_shipment,KSTU9862688,2026-08-14T08:30:50.770Z,67,ok,,30,,0
Q00497,5,1,carrier_track,KSTU9862688,2026-08-14T08:30:51.548Z,2322,ok,,30,0,0.004
Q00497,6,1,get_shipment,SNDU7152201,2026-08-14T08:30:55.311Z,175,ok,,28,,0
Q00497,7,1,carrier_track,SNDU7152201,2026-08-14T08:30:56.117Z,1487,ok,,28,0,0.004
Q00497,8,1,get_shipment,SNDU6530860,2026-08-14T08:30:58.280Z,35,ok,,30,,0
Q00497,9,1,get_shipment,ZNTU2424708,2026-08-14T08:30:58.995Z,50,ok,,30,,0
Q00497,10,1,get_shipment,KSTU1469656,2026-08-14T08:31:00.126Z,54,ok,,29,,0
Q00497,11,1,get_shipment,ORBU5351419,2026-08-14T08:31:01.237Z,77,ok,,29,,0
Q00497,12,1,carrier_track,ORBU5351419,2026-08-14T08:31:02.056Z,1844,ok,,29,0,0.004
Q00497,13,1,get_shipment,SNDU3193843,2026-08-14T08:31:04.492Z,83,ok,,30,,0
Q00497,14,1,get_shipment,SNDU9481774,2026-08-14T08:31:05.666Z,64,ok,,30,,0
Q00497,15,1,carrier_track,SNDU9481774,2026-08-14T08:31:06.826Z,2249,ok,,30,0,0.004
Q00497,16,1,get_shipment,SNDU9947044,2026-08-14T08:31:09.987Z,51,ok,,29,,0
Q00497,17,1,get_shipment,KSTU7990009,2026-08-14T08:31:11.501Z,68,ok,,29,,0
Q00497,18,1,carrier_track,KSTU7990009,2026-08-14T08:31:12.170Z,2277,ok,,29,0,0.004
Q00497,19,1,get_shipment,KSTU8186330,2026-08-14T08:31:15.590Z,65,ok,,31,,0
Q00497,20,1,carrier_track,KSTU8186330,2026-08-14T08:31:17.236Z,3943,ok,,31,0,0.004
Q00497,21,1,get_shipment,KSTU7143536,2026-08-14T08:31:22.085Z,35,ok,,30,,0
Q00497,22,1,carrier_track,KSTU7143536,2026-08-14T08:31:23.145Z,3046,ok,,30,0,0.004
Q00497,23,1,get_shipment,KSTU3708950,2026-08-14T08:31:27.235Z,48,ok,,30,,0
Q00497,24,1,carrier_track,KSTU3708950,2026-08-14T08:31:28.024Z,831,ok,,30,0,0.004
Q00497,25,1,get_shipment,ZNTU4284050,2026-08-14T08:31:29.941Z,43,ok,,31,,0
Q00499,1,1,get_shipment,CBTU1482053,2026-08-14T08:34:22.143Z,38,ok,,32,,0
Q00499,2,1,carrier_track,CBTU1482053,2026-08-14T08:34:23.123Z,2011,ok,,32,0,0.004
Q00500,1,1,get_shipment,QVRU3380872,2026-08-14T08:34:30.454Z,71,ok,,33,,0
Q00500,2,1,carrier_track,QVRU3380872,2026-08-14T08:34:31.442Z,3003,ok,,33,0,0.004
Q00501,1,1,search_docs,BK294523,2026-08-14T08:52:08.045Z,338,ok,,,,0
Q00502,1,1,get_shipment,QVRU6490331,2026-08-14T08:57:08.248Z,53,ok,,56,,0
Q00502,2,1,carrier_track,QVRU6490331,2026-08-14T08:57:09.022Z,1556,ok,,56,0,0.004
Q00503,1,1,list_shipments,status=in_transit,2026-08-14T08:57:17.848Z,135,ok,101,,,0
Q00503,2,1,get_shipment,SNDU4059205,2026-08-14T08:57:18.971Z,54,ok,,55,,0
Q00503,3,1,carrier_track,SNDU4059205,2026-08-14T08:57:19.808Z,2859,ok,,55,0,0.004
Q00503,4,1,get_shipment,SNDU7583025,2026-08-14T08:57:23.355Z,85,ok,,55,,0
Q00503,5,1,carrier_track,SNDU7583025,2026-08-14T08:57:24.387Z,1795,ok,,55,0,0.004
Q00503,6,1,get_shipment,KSTU9862688,2026-08-14T08:57:27.238Z,71,ok,,57,,0
Q00503,7,1,carrier_track,KSTU9862688,2026-08-14T08:57:28.011Z,1662,ok,,57,0,0.004
Q00503,8,1,get_shipment,SNDU7152201,2026-08-14T08:57:30.285Z,42,ok,,55,,0
Q00503,9,1,get_shipment,SNDU6530860,2026-08-14T08:57:30.893Z,79,ok,,57,,0
Q00503,10,1,carrier_track,SNDU6530860,2026-08-14T08:57:31.866Z,2256,ok,,57,0,0.004
Q00503,11,1,get_shipment,ZNTU2424708,2026-08-14T08:57:35.280Z,66,ok,,57,,0
Q00503,12,1,carrier_track,ZNTU2424708,2026-08-14T08:57:36.539Z,2486,ok,,57,0,0.004
Q00503,13,1,get_shipment,KSTU1469656,2026-08-14T08:57:39.730Z,63,ok,,55,,0
Q00503,14,1,carrier_track,KSTU1469656,2026-08-14T08:57:40.647Z,1693,ok,,55,0,0.004
Q00503,15,1,get_shipment,ORBU5351419,2026-08-14T08:57:43.870Z,36,ok,,55,,0
Q00503,16,1,get_shipment,SNDU3193843,2026-08-14T08:57:44.792Z,57,ok,,56,,0
Q00503,17,1,carrier_track,SNDU3193843,2026-08-14T08:57:45.657Z,1909,ok,,56,0,0.004
Q00503,18,1,get_shipment,SNDU9481774,2026-08-14T08:57:48.485Z,55,ok,,56,,0
Q00503,19,1,carrier_track,SNDU9481774,2026-08-14T08:57:49.721Z,3808,ok,,56,0,0.004
Q00503,20,1,get_shipment,SNDU9947044,2026-08-14T08:57:54.311Z,48,ok,,55,,0
Q00503,21,1,carrier_track,SNDU9947044,2026-08-14T08:57:55.405Z,1900,ok,,55,0,0.004
Q00503,22,1,get_shipment,KSTU7990009,2026-08-14T08:57:58.492Z,52,ok,,55,,0
Q00503,23,1,carrier_track,KSTU7990009,2026-08-14T08:57:59.514Z,1891,ok,,55,0,0.004
Q00503,24,1,get_shipment,KSTU8186330,2026-08-14T08:58:02.326Z,46,ok,,58,,0
Q00503,25,1,get_shipment,KSTU7143536,2026-08-14T08:58:03.058Z,85,ok,,57,,0
Q00506,1,1,get_shipment,SNDU9339547,2026-08-14T09:33:36.739Z,93,ok,,92,,0
Q00508,1,1,get_shipment,BK774147,2026-08-15T03:15:13.033Z,73,ok,,194,,0
Q00509,1,1,get_shipment,CBTU5364912,2026-08-15T05:53:05.001Z,38,ok,,111,,0
Q00510,1,1,list_shipments,status=in_transit,2026-08-15T08:11:28.226Z,136,ok,4,,,0
Q00510,2,1,get_shipment,ORBU6958906,2026-08-15T08:11:29.280Z,80,ok,,10,,0
Q00510,3,1,carrier_track,ORBU6958906,2026-08-15T08:11:30.011Z,2213,ok,,10,0,0.004
Q00510,4,1,get_shipment,KSTU6319954,2026-08-15T08:11:32.810Z,132,ok,,9,,0
Q00510,5,1,get_shipment,SNDU1833820,2026-08-15T08:11:34.006Z,54,ok,,11,,0
Q00510,6,1,get_shipment,ZNTU2009128,2026-08-15T08:11:34.952Z,57,ok,,10,,0
Q00510,7,1,carrier_track,ZNTU2009128,2026-08-15T08:11:35.996Z,2801,ok,,10,0,0.004
Q00511,1,1,get_shipment,SNDU7966646,2026-08-16T01:25:42.527Z,82,ok,,85,,0
Q00511,2,1,carrier_track,SNDU7966646,2026-08-16T01:25:43.538Z,2006,ok,,85,0,0.004
Q00512,1,1,get_shipment,ZNTU9117398,2026-08-16T02:45:28.435Z,85,ok,,164,,0
Q00512,2,1,carrier_track,ZNTU9117398,2026-08-16T02:45:29.707Z,2177,ok,,164,0,0.004
Q00513,1,1,get_shipment,CBTU4371885,2026-08-16T04:42:19.179Z,49,ok,,41,,0
Q00513,2,1,carrier_track,CBTU4371885,2026-08-16T04:42:19.720Z,1185,ok,,41,0,0.004
Q00514,1,1,search_docs,BK771428,2026-08-16T05:48:31.832Z,420,ok,,,,0
Q00515,1,1,search_docs,BK189225,2026-08-17T00:05:30.560Z,415,ok,,,,0
Q00516,1,1,get_shipment,SNDU9339547,2026-08-17T01:00:36.171Z,45,ok,,59,,0
Q00517,1,1,get_shipment,QVRU7892111,2026-08-17T01:02:07.239Z,70,ok,,62,,0
Q00518,1,1,list_shipments,status=in_transit,2026-08-17T01:03:50.179Z,150,ok,90,,,0
Q00518,2,1,get_shipment,SNDU4059205,2026-08-17T01:03:50.941Z,35,ok,,61,,0
Q00518,3,1,carrier_track,SNDU4059205,2026-08-17T01:03:52.053Z,1713,ok,,61,0,0.004
Q00518,4,1,get_shipment,SNDU7583025,2026-08-17T01:03:54.398Z,72,ok,,61,,0
Q00518,5,1,get_shipment,SNDU7152201,2026-08-17T01:03:55.259Z,50,ok,,61,,0
Q00518,6,1,get_shipment,SNDU6530860,2026-08-17T01:03:55.906Z,82,ok,,63,,0
Q00518,7,1,get_shipment,ZNTU2424708,2026-08-17T01:03:56.520Z,28,ok,,63,,0
Q00518,8,1,get_shipment,ZNTU6878862,2026-08-17T01:03:57.219Z,81,ok,,63,,0
Q00518,9,1,get_shipment,KSTU1469656,2026-08-17T01:03:58.348Z,58,ok,,61,,0
Q00518,10,1,get_shipment,ORBU5351419,2026-08-17T01:03:59.292Z,37,ok,,61,,0
Q00518,11,1,get_shipment,SNDU9481774,2026-08-17T01:04:00.607Z,82,ok,,63,,0
Q00518,12,1,carrier_track,SNDU9481774,2026-08-17T01:04:01.713Z,2630,ok,,63,0,0.004
Q00518,13,1,get_shipment,SNDU9947044,2026-08-17T01:04:05.388Z,48,ok,,62,,0
Q00518,14,1,get_shipment,KSTU7990009,2026-08-17T01:04:06.144Z,47,ok,,62,,0
Q00518,15,1,carrier_track,KSTU7990009,2026-08-17T01:04:07.173Z,3598,ok,,62,0,0.004
Q00518,16,1,get_shipment,KSTU3708950,2026-08-17T01:04:11.603Z,61,ok,,63,,0
Q00518,17,1,get_shipment,ZNTU4284050,2026-08-17T01:04:12.587Z,48,ok,,64,,0
Q00518,18,1,carrier_track,ZNTU4284050,2026-08-17T01:04:13.542Z,2829,ok,,64,0,0.004
Q00518,19,1,get_shipment,QVRU2410314,2026-08-17T01:04:17.383Z,48,ok,,64,,0
Q00518,20,1,get_shipment,ORBU3173581,2026-08-17T01:04:18.309Z,81,ok,,63,,0
Q00518,21,1,get_shipment,CBTU3984664,2026-08-17T01:04:19.464Z,40,ok,,63,,0
Q00518,22,1,carrier_track,CBTU3984664,2026-08-17T01:04:20.422Z,1581,ok,,63,0,0.004
Q00518,23,1,get_shipment,ORBU4610140,2026-08-17T01:04:23.042Z,42,ok,,62,,0
Q00518,24,1,get_shipment,ORBU5063658,2026-08-17T01:04:24.470Z,34,ok,,64,,0
Q00518,25,1,carrier_track,ORBU5063658,2026-08-17T01:04:25.677Z,1625,ok,,64,0,0.004
Q00519,1,1,list_shipments,status=in_transit,2026-08-17T01:03:57.683Z,67,ok,90,,,0
Q00519,2,1,get_shipment,SNDU4059205,2026-08-17T01:03:58.515Z,58,ok,,61,,0
Q00519,3,1,carrier_track,SNDU4059205,2026-08-17T01:03:59.507Z,2189,ok,,61,0,0.004
Q00519,4,1,get_shipment,SNDU7583025,2026-08-17T01:04:02.576Z,59,ok,,62,,0
Q00519,5,1,carrier_track,SNDU7583025,2026-08-17T01:04:03.164Z,1966,ok,,62,0,0.004
Q00519,6,1,get_shipment,SNDU7152201,2026-08-17T01:04:05.689Z,49,ok,,62,,0
Q00519,7,1,get_shipment,SNDU6530860,2026-08-17T01:04:06.411Z,74,ok,,64,,0
Q00519,8,1,carrier_track,SNDU6530860,2026-08-17T01:04:07.074Z,3852,ok,,64,0,0.004
Q00519,9,1,get_shipment,ZNTU2424708,2026-08-17T01:04:12.015Z,54,ok,,64,,0
Q00519,10,1,carrier_track,ZNTU2424708,2026-08-17T01:04:12.970Z,2690,ok,,64,0,0.004
Q00519,11,1,get_shipment,ZNTU6878862,2026-08-17T01:04:16.645Z,73,ok,,64,,0
Q00519,12,1,get_shipment,KSTU1469656,2026-08-17T01:04:17.525Z,66,ok,,62,,0
Q00519,13,1,carrier_track,KSTU1469656,2026-08-17T01:04:18.569Z,1597,ok,,62,0,0.004
Q00519,14,1,get_shipment,ORBU5351419,2026-08-17T01:04:21.159Z,67,ok,,62,,0
Q00519,15,1,carrier_track,ORBU5351419,2026-08-17T01:04:21.912Z,1657,ok,,62,0,0.004
Q00519,16,1,get_shipment,SNDU9481774,2026-08-17T01:04:24.447Z,77,ok,,63,,0
Q00519,17,1,carrier_track,SNDU9481774,2026-08-17T01:04:25.452Z,1704,ok,,63,0,0.004
Q00519,18,1,get_shipment,SNDU9947044,2026-08-17T01:04:28.211Z,64,ok,,62,,0
Q00519,19,1,get_shipment,KSTU7990009,2026-08-17T01:04:29.393Z,82,ok,,62,,0
Q00519,20,1,carrier_track,KSTU7990009,2026-08-17T01:04:30.378Z,2150,ok,,62,0,0.004
Q00519,21,1,get_shipment,KSTU3708950,2026-08-17T01:04:33.663Z,79,ok,,63,,0
Q00519,22,1,get_shipment,ZNTU4284050,2026-08-17T01:04:34.997Z,48,ok,,64,,0
Q00519,23,1,get_shipment,QVRU2410314,2026-08-17T01:04:36.140Z,85,ok,,64,,0
Q00519,24,1,carrier_track,QVRU2410314,2026-08-17T01:04:37.212Z,2472,ok,,64,0,0.004
Q00519,25,1,get_shipment,ORBU3173581,2026-08-17T01:04:40.565Z,60,ok,,63,,0
Q00520,1,1,list_shipments,status=in_transit,2026-08-17T01:04:02.192Z,103,ok,90,,,0
Q00520,2,1,get_shipment,SNDU4059205,2026-08-17T01:04:03.013Z,62,ok,,62,,0
Q00520,3,1,get_shipment,SNDU7583025,2026-08-17T01:04:03.835Z,92,ok,,62,,0
Q00520,4,1,get_shipment,SNDU7152201,2026-08-17T01:04:05.092Z,75,ok,,62,,0
Q00520,5,1,get_shipment,SNDU6530860,2026-08-17T01:04:05.834Z,67,ok,,64,,0
Q00520,6,1,get_shipment,ZNTU2424708,2026-08-17T01:04:06.607Z,88,ok,,64,,0
Q00520,7,1,carrier_track,ZNTU2424708,2026-08-17T01:04:07.536Z,2317,ok,,64,0,0.004
Q00520,8,1,get_shipment,ZNTU6878862,2026-08-17T01:04:10.662Z,55,ok,,64,,0
Q00520,9,1,carrier_track,ZNTU6878862,2026-08-17T01:04:11.671Z,2585,ok,,64,0,0.004
Q00520,10,1,get_shipment,KSTU1469656,2026-08-17T01:04:15.126Z,50,ok,,62,,0
Q00520,11,1,get_shipment,ORBU5351419,2026-08-17T01:04:15.899Z,67,ok,,62,,0
Q00520,12,1,carrier_track,ORBU5351419,2026-08-17T01:04:16.568Z,1880,ok,,62,0,0.004
Q00520,13,1,get_shipment,SNDU9481774,2026-08-17T01:04:19.348Z,41,ok,,63,,0
Q00520,14,1,carrier_track,SNDU9481774,2026-08-17T01:04:20.355Z,2828,ok,,63,0,0.004
Q00520,15,1,get_shipment,SNDU9947044,2026-08-17T01:04:24.202Z,66,ok,,62,,0
Q00520,16,1,get_shipment,KSTU7990009,2026-08-17T01:04:25.040Z,55,ok,,62,,0
Q00520,17,1,get_shipment,KSTU3708950,2026-08-17T01:04:26.081Z,41,ok,,63,,0
Q00520,18,1,carrier_track,KSTU3708950,2026-08-17T01:04:26.705Z,2459,ok,,63,0,0.004
Q00520,19,1,get_shipment,ZNTU4284050,2026-08-17T01:04:30.146Z,81,ok,,64,,0
Q00520,20,1,get_shipment,QVRU2410314,2026-08-17T01:04:31.304Z,90,ok,,64,,0
Q00520,21,1,carrier_track,QVRU2410314,2026-08-17T01:04:32.212Z,2733,ok,,64,0,0.004
Q00520,22,1,get_shipment,ORBU3173581,2026-08-17T01:04:36.188Z,39,ok,,63,,0
Q00520,23,1,get_shipment,CBTU3984664,2026-08-17T01:04:37.308Z,102,ok,,63,,0
Q00520,24,1,get_shipment,ORBU4610140,2026-08-17T01:04:38.776Z,57,ok,,62,,0
Q00520,25,1,carrier_track,ORBU4610140,2026-08-17T01:04:40.100Z,3441,ok,,62,0,0.004
Q00521,1,1,list_shipments,status=in_transit,2026-08-17T01:04:10.132Z,116,ok,90,,,0
Q00521,2,1,get_shipment,SNDU4059205,2026-08-17T01:04:11.170Z,42,ok,,62,,0
Q00521,3,1,carrier_track,SNDU4059205,2026-08-17T01:04:12.134Z,1737,ok,,62,0,0.004
Q00521,4,1,get_shipment,SNDU7583025,2026-08-17T01:04:14.676Z,106,ok,,62,,0
Q00521,5,1,get_shipment,SNDU7152201,2026-08-17T01:04:15.488Z,64,ok,,62,,0
Q00521,6,1,carrier_track,SNDU7152201,2026-08-17T01:04:16.510Z,1333,ok,,62,0,0.004
Q00521,7,1,get_shipment,SNDU6530860,2026-08-17T01:04:18.935Z,56,ok,,64,,0
Q00521,8,1,get_shipment,ZNTU2424708,2026-08-17T01:04:20.150Z,58,ok,,64,,0
Q00521,9,1,carrier_track,ZNTU2424708,2026-08-17T01:04:20.861Z,1573,ok,,64,0,0.004
Q00521,10,1,get_shipment,ZNTU6878862,2026-08-17T01:04:23.294Z,88,ok,,64,,0
Q00521,11,1,get_shipment,KSTU1469656,2026-08-17T01:04:24.251Z,73,ok,,62,,0
Q00521,12,1,get_shipment,ORBU5351419,2026-08-17T01:04:25.303Z,48,ok,,62,,0
Q00521,13,1,get_shipment,SNDU9481774,2026-08-17T01:04:25.987Z,60,ok,,63,,0
Q00521,14,1,carrier_track,SNDU9481774,2026-08-17T01:04:27.169Z,1592,ok,,63,0,0.004
Q00521,15,1,get_shipment,SNDU9947044,2026-08-17T01:04:29.596Z,57,ok,,62,,0
Q00521,16,1,carrier_track,SNDU9947044,2026-08-17T01:04:31.205Z,2477,ok,,62,0,0.004
Q00521,17,1,get_shipment,KSTU7990009,2026-08-17T01:04:34.904Z,65,ok,,62,,0
Q00521,18,1,carrier_track,KSTU7990009,2026-08-17T01:04:35.849Z,1676,ok,,62,0,0.004
Q00521,19,1,get_shipment,KSTU3708950,2026-08-17T01:04:38.301Z,44,ok,,63,,0
Q00521,20,1,carrier_track,KSTU3708950,2026-08-17T01:04:39.597Z,2450,ok,,63,0,0.004
Q00521,21,1,get_shipment,ZNTU4284050,2026-08-17T01:04:42.781Z,53,ok,,64,,0
Q00521,22,1,carrier_track,ZNTU4284050,2026-08-17T01:04:43.623Z,1403,ok,,64,0,0.004
Q00521,23,1,get_shipment,QVRU2410314,2026-08-17T01:04:46.260Z,51,ok,,64,,0
Q00521,24,1,get_shipment,ORBU3173581,2026-08-17T01:04:47.561Z,43,ok,,63,,0
Q00521,25,1,carrier_track,ORBU3173581,2026-08-17T01:04:48.350Z,3780,ok,,63,0,0.004
Q00522,1,1,list_shipments,status=in_transit,2026-08-17T01:04:16.354Z,85,ok,90,,,0
Q00522,2,1,get_shipment,SNDU4059205,2026-08-17T01:04:17.063Z,54,ok,,62,,0
Q00522,3,1,carrier_track,SNDU4059205,2026-08-17T01:04:17.873Z,2798,ok,,62,0,0.004
Q00522,4,1,get_shipment,SNDU7583025,2026-08-17T01:04:21.493Z,50,ok,,62,,0
Q00522,5,1,carrier_track,SNDU7583025,2026-08-17T01:04:22.377Z,1222,ok,,62,0,0.004
Q00522,6,1,get_shipment,SNDU7152201,2026-08-17T01:04:24.327Z,51,ok,,62,,0
Q00522,7,1,get_shipment,SNDU6530860,2026-08-17T01:04:25.866Z,78,ok,,64,,0
Q00522,8,1,get_shipment,ZNTU2424708,2026-08-17T01:04:26.673Z,87,ok,,64,,0
Q00522,9,1,carrier_track,ZNTU2424708,2026-08-17T01:04:27.562Z,2008,ok,,64,0,0.004
Q00522,10,1,get_shipment,ZNTU6878862,2026-08-17T01:04:30.364Z,103,ok,,64,,0
Q00522,11,1,carrier_track,ZNTU6878862,2026-08-17T01:04:31.440Z,2013,ok,,64,0,0.004
Q00522,12,1,get_shipment,KSTU1469656,2026-08-17T01:04:34.398Z,33,ok,,62,,0
Q00522,13,1,get_shipment,ORBU5351419,2026-08-17T01:04:35.299Z,51,ok,,62,,0
Q00522,14,1,carrier_track,ORBU5351419,2026-08-17T01:04:36.215Z,2501,ok,,62,0,0.004
Q00522,15,1,get_shipment,SNDU9481774,2026-08-17T01:04:39.276Z,76,ok,,63,,0
Q00522,16,1,carrier_track,SNDU9481774,2026-08-17T01:04:40.410Z,1578,ok,,63,0,0.004
Q00522,17,1,get_shipment,SNDU9947044,2026-08-17T01:04:43.259Z,59,ok,,62,,0
Q00522,18,1,get_shipment,KSTU7990009,2026-08-17T01:04:44.300Z,120,ok,,62,,0
Q00522,19,1,carrier_track,KSTU7990009,2026-08-17T01:04:45.306Z,2870,ok,,62,0,0.004
Q00522,20,1,get_shipment,KSTU3708950,2026-08-17T01:04:49.306Z,72,ok,,63,,0
Q00522,21,1,carrier_track,KSTU3708950,2026-08-17T01:04:50.623Z,1698,ok,,63,0,0.004
Q00522,22,1,get_shipment,ZNTU4284050,2026-08-17T01:04:53.316Z,93,ok,,64,,0
Q00522,23,1,get_shipment,QVRU2410314,2026-08-17T01:04:54.326Z,49,ok,,64,,0
Q00522,24,1,get_shipment,ORBU3173581,2026-08-17T01:04:55.371Z,54,ok,,63,,0
Q00522,25,1,carrier_track,ORBU3173581,2026-08-17T01:04:56.391Z,62,429,,,,0
Q00522,25,2,carrier_track,ORBU3173581,2026-08-17T01:04:56.753Z,77,429,,,,0
Q00522,25,3,carrier_track,ORBU3173581,2026-08-17T01:04:57.130Z,82,429,,,,0
Q00523,1,1,list_shipments,status=in_transit,2026-08-17T01:04:19.997Z,102,ok,90,,,0
Q00523,2,1,get_shipment,SNDU4059205,2026-08-17T01:04:21.045Z,44,ok,,62,,0
Q00523,3,1,carrier_track,SNDU4059205,2026-08-17T01:04:21.986Z,1314,ok,,62,0,0.004
Q00523,4,1,get_shipment,SNDU7583025,2026-08-17T01:04:24.448Z,51,ok,,62,,0
Q00523,5,1,carrier_track,SNDU7583025,2026-08-17T01:04:25.325Z,1575,ok,,62,0,0.004
Q00523,6,1,get_shipment,SNDU7152201,2026-08-17T01:04:27.869Z,46,ok,,62,,0
Q00523,7,1,carrier_track,SNDU7152201,2026-08-17T01:04:28.642Z,2412,ok,,62,1,0.004
Q00523,8,1,get_shipment,SNDU6530860,2026-08-17T01:04:32.143Z,42,ok,,64,,0
Q00523,9,1,carrier_track,SNDU6530860,2026-08-17T01:04:33.165Z,1381,ok,,64,0,0.004
Q00523,10,1,get_shipment,ZNTU2424708,2026-08-17T01:04:35.293Z,72,ok,,64,,0
Q00523,11,1,carrier_track,ZNTU2424708,2026-08-17T01:04:36.317Z,3561,ok,,64,0,0.004
Q00523,12,1,get_shipment,ZNTU6878862,2026-08-17T01:04:40.759Z,59,ok,,64,,0
Q00523,13,1,get_shipment,KSTU1469656,2026-08-17T01:04:41.937Z,81,ok,,62,,0
Q00523,14,1,get_shipment,ORBU5351419,2026-08-17T01:04:42.904Z,48,ok,,62,,0
Q00523,15,1,carrier_track,ORBU5351419,2026-08-17T01:04:43.767Z,1334,ok,,62,0,0.004
Q00523,16,1,get_shipment,SNDU9481774,2026-08-17T01:04:46.384Z,30,ok,,63,,0
Q00523,17,1,carrier_track,SNDU9481774,2026-08-17T01:04:47.228Z,4192,ok,,63,0,0.004
Q00523,18,1,get_shipment,SNDU9947044,2026-08-17T01:04:52.490Z,94,ok,,62,,0
Q00523,19,1,carrier_track,SNDU9947044,2026-08-17T01:04:53.708Z,96,429,,,,0
Q00523,19,2,carrier_track,SNDU9947044,2026-08-17T01:04:54.103Z,88,429,,,,0
Q00523,19,3,carrier_track,SNDU9947044,2026-08-17T01:04:54.491Z,88,429,,,,0
Q00523,20,1,get_shipment,KSTU7990009,2026-08-17T01:04:55.879Z,69,ok,,62,,0
Q00523,21,1,carrier_track,KSTU7990009,2026-08-17T01:04:57.193Z,95,429,,,,0
Q00523,21,2,carrier_track,KSTU7990009,2026-08-17T01:04:57.588Z,90,429,,,,0
Q00523,21,3,carrier_track,KSTU7990009,2026-08-17T01:04:57.978Z,79,429,,,,0
Q00523,22,1,get_shipment,KSTU3708950,2026-08-17T01:04:59.627Z,42,ok,,63,,0
Q00523,23,1,carrier_track,KSTU3708950,2026-08-17T01:05:00.787Z,2590,ok,,64,0,0.004
Q00523,24,1,get_shipment,ZNTU4284050,2026-08-17T01:05:04.234Z,61,ok,,65,,0
Q00523,25,1,get_shipment,QVRU2410314,2026-08-17T01:05:05.138Z,74,ok,,65,,0
Q00524,1,1,list_shipments,status=in_transit,2026-08-17T01:04:26.202Z,134,ok,90,,,0
Q00524,2,1,get_shipment,SNDU4059205,2026-08-17T01:04:27.086Z,59,ok,,62,,0
Q00524,3,1,carrier_track,SNDU4059205,2026-08-17T01:04:27.963Z,2367,ok,,62,0,0.004
Q00524,4,1,get_shipment,SNDU7583025,2026-08-17T01:04:31.241Z,52,ok,,62,,0
Q00524,5,1,get_shipment,SNDU7152201,2026-08-17T01:04:32.291Z,64,ok,,62,,0
Q00524,6,1,carrier_track,SNDU7152201,2026-08-17T01:04:33.139Z,1310,ok,,62,0,0.004
Q00524,7,1,get_shipment,SNDU6530860,2026-08-17T01:04:35.030Z,101,ok,,64,,0
Q00524,8,1,carrier_track,SNDU6530860,2026-08-17T01:04:36.274Z,2205,ok,,64,0,0.004
Q00524,9,1,get_shipment,ZNTU2424708,2026-08-17T01:04:39.188Z,73,ok,,64,,0
Q00524,10,1,carrier_track,ZNTU2424708,2026-08-17T01:04:40.312Z,3518,ok,,64,0,0.004
Q00524,11,1,get_shipment,ZNTU6878862,2026-08-17T01:04:44.670Z,80,ok,,64,,0
Q00524,12,1,carrier_track,ZNTU6878862,2026-08-17T01:04:45.473Z,2466,ok,,64,0,0.004
Q00524,13,1,get_shipment,KSTU1469656,2026-08-17T01:04:48.953Z,51,ok,,62,,0
Q00524,14,1,carrier_track,KSTU1469656,2026-08-17T01:04:49.891Z,1443,ok,,62,0,0.004
Q00524,15,1,get_shipment,ORBU5351419,2026-08-17T01:04:52.303Z,39,ok,,62,,0
Q00524,16,1,carrier_track,ORBU5351419,2026-08-17T01:04:52.987Z,3226,ok,,62,0,0.004
Q00524,17,1,get_shipment,SNDU9481774,2026-08-17T01:04:57.220Z,49,ok,,63,,0
Q00524,18,1,get_shipment,SNDU9947044,2026-08-17T01:04:58.342Z,79,ok,,62,,0
Q00524,19,1,carrier_track,SNDU9947044,2026-08-17T01:04:59.177Z,91,429,,,,0
Q00524,19,2,carrier_track,SNDU9947044,2026-08-17T01:04:59.568Z,74,429,,,,0
Q00524,19,3,carrier_track,SNDU9947044,2026-08-17T01:04:59.943Z,63,429,,,,0
Q00524,20,1,get_shipment,KSTU7990009,2026-08-17T01:05:01.154Z,83,ok,,63,,0
Q00524,21,1,carrier_track,KSTU7990009,2026-08-17T01:05:02.116Z,2725,ok,,63,0,0.004
Q00524,22,1,get_shipment,KSTU3708950,2026-08-17T01:05:05.595Z,47,ok,,64,,0
Q00524,23,1,carrier_track,KSTU3708950,2026-08-17T01:05:06.841Z,1084,ok,,64,0,0.004
Q00524,24,1,get_shipment,ZNTU4284050,2026-08-17T01:05:09.159Z,77,ok,,65,,0
Q00524,25,1,carrier_track,ZNTU4284050,2026-08-17T01:05:11.052Z,1662,ok,,65,0,0.004
Q00525,1,1,list_shipments,status=in_transit,2026-08-17T01:04:30.155Z,86,ok,90,,,0
Q00525,2,1,get_shipment,SNDU4059205,2026-08-17T01:04:31.006Z,46,ok,,62,,0
Q00525,3,1,carrier_track,SNDU4059205,2026-08-17T01:04:31.963Z,2154,ok,,62,0,0.004
Q00525,4,1,get_shipment,SNDU7583025,2026-08-17T01:04:34.848Z,92,ok,,62,,0
Q00525,5,1,carrier_track,SNDU7583025,2026-08-17T01:04:35.875Z,1303,ok,,62,0,0.004
Q00525,6,1,get_shipment,SNDU7152201,2026-08-17T01:04:38.481Z,74,ok,,62,,0
Q00525,7,1,carrier_track,SNDU7152201,2026-08-17T01:04:39.543Z,3550,ok,,62,0,0.004
Q00525,8,1,get_shipment,SNDU6530860,2026-08-17T01:04:44.093Z,60,ok,,64,,0
Q00525,9,1,carrier_track,SNDU6530860,2026-08-17T01:04:44.971Z,3422,ok,,64,0,0.004
Q00525,10,1,get_shipment,ZNTU2424708,2026-08-17T01:04:49.651Z,60,ok,,64,,0
Q00525,11,1,carrier_track,ZNTU2424708,2026-08-17T01:04:50.440Z,2085,ok,,64,1,0.004
Q00525,12,1,get_shipment,ZNTU6878862,2026-08-17T01:04:53.461Z,43,ok,,64,,0
Q00525,13,1,get_shipment,KSTU1469656,2026-08-17T01:04:54.747Z,63,ok,,62,,0
Q00525,14,1,carrier_track,KSTU1469656,2026-08-17T01:04:55.470Z,75,429,,,,0
Q00525,14,2,carrier_track,KSTU1469656,2026-08-17T01:04:55.845Z,95,429,,,,0
Q00525,14,3,carrier_track,KSTU1469656,2026-08-17T01:04:56.240Z,69,429,,,,0
Q00525,15,1,get_shipment,ORBU5351419,2026-08-17T01:04:57.409Z,79,ok,,62,,0
Q00525,16,1,get_shipment,SNDU9481774,2026-08-17T01:04:58.425Z,47,ok,,63,,0
Q00525,17,1,carrier_track,SNDU9481774,2026-08-17T01:04:59.947Z,75,429,,,,0
Q00525,17,2,carrier_track,SNDU9481774,2026-08-17T01:05:00.322Z,2217,ok,,64,0,0.004
Q00525,18,1,get_shipment,SNDU9947044,2026-08-17T01:05:03.369Z,37,ok,,63,,0
Q00525,19,1,carrier_track,SNDU9947044,2026-08-17T01:05:04.289Z,1405,ok,,63,0,0.004
Q00525,20,1,get_shipment,KSTU7990009,2026-08-17T01:05:06.885Z,103,ok,,63,,0
Q00525,21,1,get_shipment,KSTU3708950,2026-08-17T01:05:07.686Z,68,ok,,64,,0
Q00525,22,1,carrier_track,KSTU3708950,2026-08-17T01:05:09.011Z,2252,ok,,64,0,0.004
Q00525,23,1,get_shipment,ZNTU4284050,2026-08-17T01:05:12.020Z,75,ok,,65,,0
Q00525,24,1,carrier_track,ZNTU4284050,2026-08-17T01:05:13.261Z,2435,ok,,65,0,0.004
Q00525,25,1,get_shipment,QVRU2410314,2026-08-17T01:05:16.918Z,64,ok,,65,,0
Q00526,1,1,list_shipments,status=at_origin,2026-08-17T01:04:33.686Z,106,ok,148,,,0
Q00526,2,1,get_shipment,ORBU6345416,2026-08-17T01:04:34.975Z,75,ok,,62,,0
Q00526,3,1,carrier_track,ORBU6345416,2026-08-17T01:04:35.979Z,2555,ok,,62,0,0.004
Q00526,4,1,get_shipment,CBTU1905850,2026-08-17T01:04:39.299Z,67,ok,,62,,0
Q00526,5,1,get_shipment,SNDU2702289,2026-08-17T01:04:40.299Z,44,ok,,64,,0
Q00526,6,1,carrier_track,SNDU2702289,2026-08-17T01:04:40.959Z,2134,ok,,64,0,0.004
Q00526,7,1,get_shipment,SNDU7312081,2026-08-17T01:04:44.097Z,47,ok,,62,,0
Q00526,8,1,carrier_track,SNDU7312081,2026-08-17T01:04:45.185Z,1992,ok,,62,0,0.004
Q00526,9,1,get_shipment,CBTU5441883,2026-08-17T01:04:47.910Z,74,ok,,64,,0
Q00526,10,1,get_shipment,SNDU6001115,2026-08-17T01:04:49.078Z,95,ok,,63,,0
Q00526,11,1,carrier_track,SNDU6001115,2026-08-17T01:04:50.364Z,1498,ok,,63,0,0.004
Q00526,12,1,get_shipment,KSTU7722368,2026-08-17T01:04:53.044Z,44,ok,,63,,0
Q00526,13,1,get_shipment,ORBU1486206,2026-08-17T01:04:53.908Z,60,ok,,64,,0
Q00526,14,1,carrier_track,ORBU1486206,2026-08-17T01:04:54.654Z,68,429,,,,0
Q00526,14,2,carrier_track,ORBU1486206,2026-08-17T01:04:55.022Z,77,429,,,,0
Q00526,14,3,carrier_track,ORBU1486206,2026-08-17T01:04:55.399Z,96,429,,,,0
Q00526,15,1,get_shipment,CBTU6776075,2026-08-17T01:04:56.431Z,58,ok,,63,,0
Q00526,16,1,carrier_track,CBTU6776075,2026-08-17T01:04:57.785Z,87,429,,,,0
Q00526,16,2,carrier_track,CBTU6776075,2026-08-17T01:04:58.173Z,73,429,,,,0
Q00526,16,3,carrier_track,CBTU6776075,2026-08-17T01:04:58.546Z,79,429,,,,0
Q00526,17,1,get_shipment,KSTU9097578,2026-08-17T01:04:59.765Z,83,ok,,64,,0
Q00526,18,1,get_shipment,ZNTU6771478,2026-08-17T01:05:01.040Z,72,ok,,65,,0
Q00526,19,1,carrier_track,ZNTU6771478,2026-08-17T01:05:01.951Z,1735,ok,,65,0,0.004
Q00526,20,1,get_shipment,ZNTU4344024,2026-08-17T01:05:04.596Z,90,ok,,63,,0
Q00526,21,1,get_shipment,ORBU2455421,2026-08-17T01:05:05.458Z,30,ok,,64,,0
Q00526,22,1,get_shipment,KSTU8807342,2026-08-17T01:05:06.694Z,34,ok,,63,,0
Q00526,23,1,carrier_track,KSTU8807342,2026-08-17T01:05:07.794Z,4184,ok,,63,0,0.004
Q00526,24,1,get_shipment,CBTU2724228,2026-08-17T01:05:13.012Z,64,ok,,65,,0
Q00526,25,1,get_shipment,ORBU8686665,2026-08-17T01:05:14.015Z,58,ok,,64,,0
Q00528,1,1,get_shipment,KSTU5458176,2026-08-17T01:05:06.855Z,76,ok,,64,,0
Q00528,2,1,carrier_track,KSTU5458176,2026-08-17T01:05:07.555Z,1588,ok,,64,0,0.004
Q00529,1,1,list_shipments,status=in_transit,2026-08-17T01:05:17.495Z,81,ok,90,,,0
Q00529,2,1,get_shipment,SNDU4059205,2026-08-17T01:05:18.641Z,117,ok,,63,,0
Q00529,3,1,carrier_track,SNDU4059205,2026-08-17T01:05:19.640Z,3790,ok,,63,0,0.004
Q00529,4,1,get_shipment,SNDU7583025,2026-08-17T01:05:24.330Z,76,ok,,63,,0
Q00529,5,1,carrier_track,SNDU7583025,2026-08-17T01:05:25.265Z,2005,ok,,63,0,0.004
Q00529,6,1,get_shipment,SNDU7152201,2026-08-17T01:05:28.074Z,60,ok,,63,,0
Q00529,7,1,carrier_track,SNDU7152201,2026-08-17T01:05:28.827Z,2661,ok,,63,0,0.004
Q00529,8,1,get_shipment,SNDU6530860,2026-08-17T01:05:32.360Z,43,ok,,65,,0
Q00529,9,1,carrier_track,SNDU6530860,2026-08-17T01:05:32.968Z,2892,ok,,65,0,0.004
Q00529,10,1,get_shipment,ZNTU2424708,2026-08-17T01:05:36.732Z,42,ok,,65,,0
Q00529,11,1,carrier_track,ZNTU2424708,2026-08-17T01:05:37.542Z,1973,ok,,65,0,0.004
Q00529,12,1,get_shipment,ZNTU6878862,2026-08-17T01:05:40.442Z,56,ok,,65,,0
Q00529,13,1,get_shipment,KSTU1469656,2026-08-17T01:05:41.336Z,84,ok,,63,,0
Q00529,14,1,get_shipment,ORBU5351419,2026-08-17T01:05:42.144Z,97,ok,,63,,0
Q00529,15,1,carrier_track,ORBU5351419,2026-08-17T01:05:43.173Z,2571,ok,,63,0,0.004
Q00529,16,1,get_shipment,SNDU9481774,2026-08-17T01:05:46.795Z,65,ok,,64,,0
Q00529,17,1,carrier_track,SNDU9481774,2026-08-17T01:05:48.134Z,2638,ok,,64,0,0.004
Q00529,18,1,get_shipment,SNDU9947044,2026-08-17T01:05:51.953Z,41,ok,,63,,0
Q00529,19,1,get_shipment,KSTU7990009,2026-08-17T01:05:52.943Z,43,ok,,63,,0
Q00529,20,1,carrier_track,KSTU7990009,2026-08-17T01:05:53.642Z,1563,ok,,63,0,0.004
Q00529,21,1,get_shipment,KSTU3708950,2026-08-17T01:05:56.025Z,62,ok,,64,,0
Q00529,22,1,carrier_track,KSTU3708950,2026-08-17T01:05:57.172Z,2359,ok,,64,0,0.004
Q00529,23,1,get_shipment,ZNTU4284050,2026-08-17T01:06:00.717Z,76,ok,,66,,0
Q00529,24,1,get_shipment,QVRU2410314,2026-08-17T01:06:01.668Z,72,ok,,66,,0
Q00529,25,1,get_shipment,ORBU3173581,2026-08-17T01:06:02.782Z,51,ok,,65,,0
Q00537,1,1,get_shipment,QVRU4249869,2026-08-17T01:07:27.144Z,47,ok,,67,,0
Q00537,2,1,carrier_track,QVRU4249869,2026-08-17T01:07:27.863Z,2158,ok,,67,0,0.004
Q00538,1,1,search_docs,BK657658,2026-08-17T01:08:12.822Z,627,ok,,,,0
Q00539,1,1,get_shipment,QVRU2417420,2026-08-17T01:09:07.001Z,48,ok,,67,,0
Q00539,2,1,carrier_track,QVRU2417420,2026-08-17T01:09:08.324Z,1890,ok,,67,0,0.004
Q00541,1,1,search_docs,BK117649,2026-08-17T01:35:22.448Z,514,ok,,,,0
Q00541,2,1,search_docs,BK117649,2026-08-17T01:35:23.738Z,410,ok,,,,0
Q00542,1,1,search_docs,BK915980,2026-08-17T01:44:33.861Z,768,ok,,,,0
Q00543,1,1,search_docs,BK192023,2026-08-17T01:46:56.609Z,425,ok,,,,0
Q00544,1,1,get_shipment,BK966552,2026-08-17T01:56:55.237Z,53,ok,,114,,0
Q00544,2,1,carrier_track,SNDU1269773,2026-08-17T01:56:56.083Z,2924,ok,,114,0,0.004
Q00546,1,1,get_shipment,QVRU2716853,2026-08-17T02:02:12.035Z,81,ok,,121,,0
Q00546,2,1,carrier_track,QVRU2716853,2026-08-17T02:02:12.959Z,2721,ok,,121,0,0.004
Q00547,1,1,get_shipment,ZNTU3324861,2026-08-17T02:03:39.469Z,48,ok,,121,,0
Q00547,2,1,carrier_track,ZNTU3324861,2026-08-17T02:03:40.658Z,1558,ok,,121,0,0.004
Q00548,1,1,get_shipment,ORBU7490238,2026-08-17T02:03:40.037Z,57,ok,,123,,0
Q00548,2,1,carrier_track,ORBU7490238,2026-08-17T02:03:40.922Z,3330,ok,,123,0,0.004
Q00549,1,1,get_shipment,ZNTU9156086,2026-08-17T02:07:09.349Z,56,ok,,126,,0
Q00549,2,1,carrier_track,ZNTU9156086,2026-08-17T02:07:10.667Z,2178,ok,,126,0,0.004
Q00550,1,1,get_shipment,SNDU9339547,2026-08-17T02:09:20.559Z,56,ok,,128,,0
Q00550,2,1,carrier_track,SNDU9339547,2026-08-17T02:09:21.358Z,2909,ok,,128,0,0.004
Q00551,1,1,get_shipment,ORBU6645798,2026-08-17T02:12:35.086Z,40,ok,,131,,0
Q00551,2,1,carrier_track,ORBU6645798,2026-08-17T02:12:35.988Z,1675,ok,,131,0,0.004
Q00552,1,1,get_shipment,ZNTU3013959,2026-08-17T02:24:08.385Z,36,ok,,143,,0
Q00552,2,1,carrier_track,ZNTU3013959,2026-08-17T02:24:09.172Z,3957,ok,,143,1,0.004
Q00553,1,1,get_shipment,KSTU3864924,2026-08-17T02:29:14.785Z,54,ok,,148,,0
Q00553,2,1,carrier_track,KSTU3864924,2026-08-17T02:29:15.543Z,2244,ok,,148,0,0.004
Q00554,1,1,get_shipment,KSTU3260708,2026-08-17T02:40:15.437Z,72,ok,,160,,0
Q00554,2,1,carrier_track,KSTU3260708,2026-08-17T02:40:16.258Z,1135,ok,,160,1,0.004
Q00555,1,1,search_docs,BK305249,2026-08-17T02:40:55.006Z,393,ok,,,,0
Q00557,1,1,get_shipment,QVRU2410314,2026-08-17T02:49:27.582Z,80,ok,,169,,0
Q00557,2,1,carrier_track,QVRU2410314,2026-08-17T02:49:28.159Z,4324,ok,,169,0,0.004
Q00558,1,1,get_shipment,ZNTU6302909,2026-08-17T03:05:11.166Z,44,ok,,184,,0
Q00558,2,1,carrier_track,ZNTU6302909,2026-08-17T03:05:12.160Z,2482,ok,,184,0,0.004
Q00559,1,1,get_shipment,BK755830,2026-08-17T03:09:58.902Z,107,ok,,189,,0
Q00559,2,1,carrier_track,QVRU2186531,2026-08-17T03:09:59.929Z,1274,ok,,189,0,0.004
Q00560,1,1,get_shipment,KSTU3670703,2026-08-17T03:12:46.183Z,87,ok,,191,,0
Q00560,2,1,carrier_track,KSTU3670703,2026-08-17T03:12:46.927Z,6285,ok,,191,0,0.004
Q00561,1,1,get_shipment,KSTU9957257,2026-08-17T03:18:31.599Z,50,ok,,196,,0
Q00564,1,1,get_shipment,QVRU3185584,2026-08-17T03:32:11.177Z,63,ok,,210,,0
Q00564,2,1,carrier_track,QVRU3185584,2026-08-17T03:32:12.087Z,1743,ok,,210,0,0.004
Q00565,1,1,get_shipment,ZNTU2287481,2026-08-17T03:40:18.468Z,56,ok,,220,,0
Q00565,2,1,carrier_track,ZNTU2287481,2026-08-17T03:40:19.408Z,2302,ok,,220,0,0.004
Q00566,1,1,get_shipment,BK392618,2026-08-17T03:40:50.456Z,58,ok,,219,,0
Q00566,2,1,carrier_track,ORBU2500926,2026-08-17T03:40:51.274Z,2005,ok,,219,0,0.004
Q00567,1,1,get_shipment,CBTU1881355,2026-08-17T03:41:52.358Z,88,ok,,219,,0
Q00567,2,1,carrier_track,CBTU1881355,2026-08-17T03:41:53.469Z,2363,ok,,219,0,0.004
Q00568,1,1,search_docs,BK525112,2026-08-17T03:42:16.545Z,388,ok,,,,0
Q00569,1,1,get_shipment,CBTU8950025,2026-08-17T03:49:40.105Z,54,ok,,229,,0
Q00569,2,1,carrier_track,CBTU8950025,2026-08-17T03:49:41.014Z,3177,ok,,229,0,0.004
Q00570,1,1,get_shipment,KSTU8582626,2026-08-17T03:50:53.448Z,68,ok,,229,,0
Q00570,2,1,carrier_track,KSTU8582626,2026-08-17T03:50:54.010Z,2106,ok,,229,0,0.004
Q00571,1,1,search_docs,BK590839,2026-08-17T04:21:01.082Z,671,ok,,,,0
Q00571,2,1,search_docs,BK590839,2026-08-17T04:21:02.486Z,204,ok,,,,0
Q00571,3,1,get_shipment,BK590839,2026-08-17T04:21:03.728Z,48,ok,,19,,0
Q00572,1,1,get_shipment,SNDU2515034,2026-08-17T04:25:08.437Z,63,ok,,24,,0
Q00572,2,1,carrier_track,SNDU2515034,2026-08-17T04:25:09.342Z,1797,ok,,24,0,0.004
Q00574,1,1,get_shipment,KSTU9535313,2026-08-17T04:28:59.809Z,61,ok,,28,,0
Q00574,2,1,carrier_track,KSTU9535313,2026-08-17T04:29:00.948Z,3136,ok,,29,0,0.004
Q00575,1,1,get_shipment,SNDU4309442,2026-08-17T04:34:28.746Z,49,ok,,32,,0
Q00575,2,1,carrier_track,SNDU4309442,2026-08-17T04:34:30.019Z,1558,ok,,32,0,0.004
Q00576,1,1,get_shipment,SNDU2515034,2026-08-17T04:55:47.587Z,42,ok,,54,,0
Q00576,2,1,carrier_track,SNDU2515034,2026-08-17T04:55:48.613Z,3751,ok,,54,0,0.004
Q00579,1,1,get_shipment,KSTU7143536,2026-08-17T05:51:18.404Z,56,ok,,110,,0
Q00579,2,1,carrier_track,KSTU7143536,2026-08-17T05:51:19.190Z,1642,ok,,110,0,0.004
Q00581,1,1,get_shipment,ZNTU6302909,2026-08-17T05:59:24.253Z,103,ok,,118,,0
Q00582,1,1,get_shipment,CBTU1482053,2026-08-17T06:10:31.360Z,53,ok,,128,,0
Q00582,2,1,carrier_track,CBTU1482053,2026-08-17T06:10:32.074Z,1837,ok,,128,0,0.004
Q00584,1,1,get_shipment,BK360060,2026-08-17T06:36:40.551Z,48,ok,,156,,0
Q00584,2,1,carrier_track,QVRU7892111,2026-08-17T06:36:41.446Z,1419,ok,,156,0,0.004
Q00585,1,1,get_shipment,BK383663,2026-08-17T06:45:12.524Z,43,ok,,164,,0
Q00586,1,1,get_shipment,SNDU9094788,2026-08-17T06:52:34.903Z,58,ok,,172,,0
Q00587,1,1,get_shipment,QVRU2789766,2026-08-17T07:28:04.878Z,69,ok,,208,,0
Q00587,2,1,carrier_track,QVRU2789766,2026-08-17T07:28:05.692Z,1653,ok,,208,1,0.004
Q00588,1,1,get_shipment,CBTU7535001,2026-08-17T07:43:39.566Z,79,ok,,223,,0
Q00588,2,1,carrier_track,CBTU7535001,2026-08-17T07:43:41.079Z,2348,ok,,223,0,0.004
Q00589,1,1,get_shipment,ZNTU6771478,2026-08-17T07:47:25.567Z,51,ok,,227,,0
Q00589,2,1,carrier_track,ZNTU6771478,2026-08-17T07:47:26.527Z,2101,ok,,227,0,0.004
Q00590,1,1,get_shipment,CBTU9916148,2026-08-17T07:48:04.245Z,38,ok,,227,,0
Q00591,1,1,get_shipment,SNDU6955283,2026-08-17T08:00:13.751Z,54,ok,,0,,0
Q00591,2,1,carrier_track,SNDU6955283,2026-08-17T08:00:14.802Z,2575,ok,,0,0,0.004
Q00592,1,1,get_shipment,KSTU8186330,2026-08-17T08:13:26.872Z,67,ok,,13,,0
Q00592,2,1,carrier_track,KSTU8186330,2026-08-17T08:13:28.150Z,4207,ok,,13,0,0.004
Q00594,1,1,get_shipment,ZNTU3324861,2026-08-17T08:53:27.366Z,68,ok,,51,,0
Q00594,2,1,carrier_track,ZNTU3324861,2026-08-17T08:53:28.454Z,3462,ok,,51,0,0.004
Q00596,1,1,search_docs,BK375509,2026-08-17T09:59:32.549Z,535,ok,,,,0
Q00596,2,1,search_docs,BK375509,2026-08-17T09:59:34.234Z,489,ok,,,,0
Q00596,3,1,get_shipment,BK375509,2026-08-17T09:59:35.684Z,51,ok,,117,,0
Q00597,1,1,get_shipment,BK755651,2026-08-17T10:05:16.361Z,54,ok,,123,,0
Q00597,2,1,carrier_track,CBTU7972469,2026-08-17T10:05:17.790Z,1709,ok,,123,0,0.004
Q00598,1,1,get_shipment,CBTU4835374,2026-08-17T10:10:10.142Z,40,ok,,129,,0
Q00599,1,1,search_docs,BK112054,2026-08-17T10:14:26.338Z,530,ok,,,,0
Q00600,1,1,search_docs,BK393148,2026-08-17T10:25:57.247Z,605,ok,,,,0
Q00600,2,1,search_docs,BK393148,2026-08-17T10:25:58.787Z,368,ok,,,,0
Q00601,1,1,search_docs,BK181235,2026-08-17T10:37:24.935Z,566,ok,,,,0
Q00602,1,1,get_shipment,KSTU3670703,2026-08-18T00:30:14.689Z,91,ok,,29,,0
Q00602,2,1,carrier_track,KSTU3670703,2026-08-18T00:30:15.875Z,2159,ok,,29,0,0.004
Q00603,1,1,get_shipment,ZNTU2044345,2026-08-18T00:59:55.242Z,61,ok,,59,,0
Q00603,2,1,carrier_track,ZNTU2044345,2026-08-18T00:59:56.404Z,2274,ok,,59,0,0.004
Q00604,1,1,get_shipment,ORBU1677159,2026-08-18T01:02:32.887Z,123,ok,,60,,0
Q00605,1,1,get_shipment,KSTU3864924,2026-08-18T01:04:45.467Z,71,ok,,63,,0
Q00605,2,1,carrier_track,KSTU3864924,2026-08-18T01:04:46.412Z,1789,ok,,63,0,0.004
Q00606,1,1,get_shipment,KSTU1433799,2026-08-18T01:05:42.905Z,53,ok,,63,,0
Q00607,1,1,get_shipment,SNDU7867663,2026-08-18T01:06:04.040Z,70,ok,,66,,0
Q00607,2,1,carrier_track,SNDU7867663,2026-08-18T01:06:05.306Z,1624,ok,,66,0,0.004
Q00608,1,1,get_shipment,BK129294,2026-08-18T01:10:28.994Z,86,ok,,70,,0
Q00609,1,1,get_shipment,QVRU2210728,2026-08-18T01:28:49.854Z,36,ok,,87,,0
Q00610,1,1,list_shipments,status=in_transit,2026-08-18T01:29:47.730Z,121,ok,89,,,0
Q00610,2,1,get_shipment,SNDU7583025,2026-08-18T01:29:48.654Z,53,ok,,87,,0
Q00610,3,1,carrier_track,SNDU7583025,2026-08-18T01:29:49.551Z,2058,ok,,87,0,0.004
Q00610,4,1,get_shipment,SNDU7152201,2026-08-18T01:29:52.667Z,85,ok,,87,,0
Q00610,5,1,carrier_track,SNDU7152201,2026-08-18T01:29:54.327Z,3638,ok,,87,0,0.004
Q00610,6,1,get_shipment,SNDU6530860,2026-08-18T01:29:59.154Z,50,ok,,89,,0
Q00610,7,1,get_shipment,ZNTU2424708,2026-08-18T01:29:59.828Z,64,ok,,89,,0
Q00610,8,1,carrier_track,ZNTU2424708,2026-08-18T01:30:00.796Z,2114,ok,,90,0,0.004
Q00610,9,1,get_shipment,ZNTU6878862,2026-08-18T01:30:03.791Z,53,ok,,90,,0
Q00610,10,1,carrier_track,ZNTU6878862,2026-08-18T01:30:04.797Z,1958,ok,,90,0,0.004
Q00610,11,1,get_shipment,KSTU1469656,2026-08-18T01:30:08.032Z,59,ok,,88,,0
Q00610,12,1,carrier_track,KSTU1469656,2026-08-18T01:30:08.949Z,2625,ok,,88,0,0.004
Q00610,13,1,get_shipment,ORBU5351419,2026-08-18T01:30:12.855Z,80,ok,,88,,0
Q00610,14,1,carrier_track,ORBU5351419,2026-08-18T01:30:13.940Z,1115,ok,,88,0,0.004
Q00610,15,1,get_shipment,SNDU9481774,2026-08-18T01:30:15.986Z,75,ok,,89,,0
Q00610,16,1,get_shipment,SNDU9947044,2026-08-18T01:30:17.093Z,60,ok,,88,,0
Q00610,17,1,get_shipment,KSTU7990009,2026-08-18T01:30:17.843Z,45,ok,,88,,0
Q00610,18,1,get_shipment,KSTU3708950,2026-08-18T01:30:18.874Z,57,ok,,89,,0
Q00610,19,1,carrier_track,KSTU3708950,2026-08-18T01:30:19.979Z,1964,ok,,89,0,0.004
Q00610,20,1,get_shipment,ZNTU4284050,2026-08-18T01:30:22.716Z,51,ok,,90,,0
Q00610,21,1,carrier_track,ZNTU4284050,2026-08-18T01:30:23.913Z,1232,ok,,90,0,0.004
Q00610,22,1,get_shipment,QVRU2410314,2026-08-18T01:30:26.240Z,41,ok,,90,,0
Q00610,23,1,carrier_track,QVRU2410314,2026-08-18T01:30:26.903Z,1601,ok,,90,0,0.004
Q00610,24,1,get_shipment,ORBU3173581,2026-08-18T01:30:29.672Z,71,ok,,89,,0
Q00610,25,1,get_shipment,CBTU3984664,2026-08-18T01:30:30.682Z,63,ok,,89,,0
Q00612,1,1,get_shipment,KSTU7584940,2026-08-18T01:30:59.907Z,65,ok,,88,,0
Q00612,2,1,carrier_track,KSTU7584940,2026-08-18T01:31:00.605Z,1962,ok,,89,0,0.004
Q00613,1,1,get_shipment,ZNTU3626756,2026-08-18T01:31:10.307Z,28,ok,,89,,0
Q00613,2,1,carrier_track,ZNTU3626756,2026-08-18T01:31:11.303Z,1461,ok,,89,0,0.004
Q00614,1,1,search_docs,BK117649,2026-08-18T01:33:03.590Z,483,ok,,,,0
Q00615,1,1,get_shipment,SNDU6530860,2026-08-18T01:36:47.762Z,85,ok,,96,,0
Q00615,2,1,carrier_track,SNDU6530860,2026-08-18T01:36:49.175Z,2025,ok,,96,0,0.004
Q00617,1,1,get_shipment,QVRU7318605,2026-08-18T01:52:00.513Z,51,ok,,112,,0
Q00617,2,1,carrier_track,QVRU7318605,2026-08-18T01:52:01.271Z,3079,ok,,112,0,0.004
Q00618,1,1,get_shipment,QVRU2789766,2026-08-18T02:03:31.152Z,67,ok,,123,,0
Q00618,2,1,carrier_track,QVRU2789766,2026-08-18T02:03:32.283Z,1248,ok,,123,0,0.004
Q00619,1,1,get_shipment,ORBU2500926,2026-08-18T02:05:03.576Z,65,ok,,124,,0
Q00619,2,1,carrier_track,ORBU2500926,2026-08-18T02:05:04.606Z,1231,ok,,124,0,0.004
Q00620,1,1,get_shipment,KSTU6319954,2026-08-18T02:07:17.465Z,85,ok,,125,,0
Q00620,2,1,carrier_track,KSTU6319954,2026-08-18T02:07:18.875Z,2296,ok,,125,0,0.004
Q00621,1,1,search_docs,BK628040,2026-08-18T02:29:05.876Z,400,ok,,,,0
Q00621,2,1,get_shipment,BK628040,2026-08-18T02:29:07.079Z,63,ok,,147,,0
Q00622,1,1,get_shipment,CBTU4371885,2026-08-18T02:57:14.024Z,92,ok,,176,,0
Q00622,2,1,carrier_track,CBTU4371885,2026-08-18T02:57:15.130Z,3520,ok,,176,0,0.004
Q00624,1,1,get_shipment,BK341944,2026-08-18T03:28:48.771Z,76,ok,,207,,0
Q00624,2,1,carrier_track,CBTU4442978,2026-08-18T03:28:49.877Z,1303,ok,,207,0,0.004
Q00625,1,1,list_shipments,status=in_transit,2026-08-18T03:38:09.143Z,235,ok,1,,,0
Q00625,2,1,get_shipment,CBTU8562502,2026-08-18T03:38:10.363Z,40,ok,,217,,0
Q00625,3,1,carrier_track,CBTU8562502,2026-08-18T03:38:11.256Z,1754,ok,,217,0,0.004
Q00626,1,1,get_shipment,SNDU4413086,2026-08-18T03:47:11.025Z,64,ok,,226,,0
Q00627,1,1,get_shipment,SNDU1833820,2026-08-18T03:53:34.264Z,61,ok,,233,,0
Q00627,2,1,carrier_track,SNDU1833820,2026-08-18T03:53:34.996Z,2642,ok,,233,0,0.004
Q00628,1,1,get_shipment,QVRU7318605,2026-08-18T03:55:52.507Z,54,ok,,235,,0
Q00628,2,1,carrier_track,QVRU7318605,2026-08-18T03:55:53.320Z,2011,ok,,235,0,0.004
Q00629,1,1,list_shipments,status=in_transit,2026-08-18T04:36:03.256Z,86,ok,89,,,0
Q00629,2,1,get_shipment,SNDU7583025,2026-08-18T04:36:04.707Z,45,ok,,34,,0
Q00629,3,1,get_shipment,SNDU7152201,2026-08-18T04:36:05.256Z,59,ok,,34,,0
Q00629,4,1,carrier_track,SNDU7152201,2026-08-18T04:36:06.283Z,2683,ok,,34,0,0.004
Q00629,5,1,get_shipment,SNDU6530860,2026-08-18T04:36:09.624Z,80,ok,,36,,0
Q00629,6,1,carrier_track,SNDU6530860,2026-08-18T04:36:10.462Z,1428,ok,,36,0,0.004
Q00629,7,1,get_shipment,ZNTU2424708,2026-08-18T04:36:12.744Z,71,ok,,36,,0
Q00629,8,1,get_shipment,ZNTU6878862,2026-08-18T04:36:13.893Z,41,ok,,36,,0
Q00629,9,1,get_shipment,KSTU1469656,2026-08-18T04:36:14.880Z,53,ok,,34,,0
Q00629,10,1,carrier_track,KSTU1469656,2026-08-18T04:36:16.390Z,2255,ok,,34,0,0.004
Q00629,11,1,get_shipment,ORBU5351419,2026-08-18T04:36:19.426Z,60,ok,,34,,0
Q00629,12,1,carrier_track,ORBU5351419,2026-08-18T04:36:20.381Z,1024,ok,,34,0,0.004
Q00629,13,1,get_shipment,SNDU9481774,2026-08-18T04:36:22.733Z,71,ok,,35,,0
Q00629,14,1,get_shipment,SNDU9947044,2026-08-18T04:36:23.533Z,77,ok,,34,,0
Q00629,15,1,carrier_track,SNDU9947044,2026-08-18T04:36:25.044Z,970,ok,,34,0,0.004
Q00629,16,1,get_shipment,KSTU7990009,2026-08-18T04:36:26.666Z,41,ok,,34,,0
Q00629,17,1,get_shipment,KSTU3708950,2026-08-18T04:36:27.978Z,70,ok,,35,,0
Q00629,18,1,carrier_track,KSTU3708950,2026-08-18T04:36:28.846Z,1730,ok,,35,0,0.004
Q00629,19,1,get_shipment,ZNTU4284050,2026-08-18T04:36:31.645Z,70,ok,,36,,0
Q00629,20,1,get_shipment,QVRU2410314,2026-08-18T04:36:32.800Z,73,ok,,36,,0
Q00629,21,1,carrier_track,QVRU2410314,2026-08-18T04:36:34.118Z,1663,ok,,36,0,0.004
Q00629,22,1,get_shipment,ORBU3173581,2026-08-18T04:36:36.663Z,41,ok,,35,,0
Q00629,23,1,carrier_track,ORBU3173581,2026-08-18T04:36:37.994Z,2033,ok,,35,0,0.004
Q00629,24,1,get_shipment,CBTU3984664,2026-08-18T04:36:41.074Z,34,ok,,35,,0
Q00629,25,1,get_shipment,ORBU4610140,2026-08-18T04:36:42.495Z,72,ok,,34,,0
Q00631,1,1,get_shipment,KSTU7143536,2026-08-18T05:09:52.109Z,84,ok,,68,,0
Q00631,2,1,carrier_track,KSTU7143536,2026-08-18T05:09:53.167Z,2797,ok,,68,0,0.004
Q00632,1,1,get_shipment,ZNTU3013959,2026-08-18T05:14:43.572Z,76,ok,,73,,0
Q00633,1,1,list_shipments,status=at_origin,2026-08-18T05:18:46.977Z,155,ok,4,,,0
Q00633,2,1,get_shipment,KSTU3670703,2026-08-18T05:18:47.973Z,49,ok,,77,,0
Q00633,3,1,get_shipment,ORBU5012569,2026-08-18T05:18:49.061Z,43,ok,,76,,0
Q00633,4,1,get_shipment,ZNTU2305306,2026-08-18T05:18:49.745Z,63,ok,,78,,0
Q00633,5,1,carrier_track,ZNTU2305306,2026-08-18T05:18:50.601Z,1960,ok,,78,0,0.004
Q00633,6,1,get_shipment,QVRU2789766,2026-08-18T05:18:53.176Z,55,ok,,78,,0
Q00633,7,1,carrier_track,QVRU2789766,2026-08-18T05:18:54.054Z,2634,ok,,78,0,0.004
Q00634,1,1,list_shipments,status=in_transit,2026-08-18T05:33:49.016Z,59,ok,89,,,0
Q00634,2,1,get_shipment,SNDU7583025,2026-08-18T05:33:49.798Z,61,ok,,91,,0
Q00634,3,1,carrier_track,SNDU7583025,2026-08-18T05:33:50.873Z,2543,ok,,91,0,0.004
Q00634,4,1,get_shipment,SNDU7152201,2026-08-18T05:33:54.325Z,48,ok,,91,,0
Q00634,5,1,get_shipment,SNDU6530860,2026-08-18T05:33:55.570Z,48,ok,,93,,0
Q00634,6,1,carrier_track,SNDU6530860,2026-08-18T05:33:56.321Z,2490,ok,,93,0,0.004
Q00634,7,1,get_shipment,ZNTU2424708,2026-08-18T05:33:59.612Z,78,ok,,93,,0
Q00634,8,1,carrier_track,ZNTU2424708,2026-08-18T05:34:00.205Z,1383,ok,,94,0,0.004
Q00634,9,1,get_shipment,ZNTU6878862,2026-08-18T05:34:02.643Z,53,ok,,94,,0
Q00634,10,1,carrier_track,ZNTU6878862,2026-08-18T05:34:03.616Z,2470,ok,,94,0,0.004
Q00634,11,1,get_shipment,KSTU1469656,2026-08-18T05:34:06.948Z,89,ok,,92,,0
Q00634,12,1,get_shipment,ORBU5351419,2026-08-18T05:34:08.347Z,33,ok,,92,,0
Q00634,13,1,carrier_track,ORBU5351419,2026-08-18T05:34:09.818Z,2090,ok,,92,0,0.004
Q00634,14,1,get_shipment,SNDU9481774,2026-08-18T05:34:13.412Z,79,ok,,93,,0
Q00634,15,1,get_shipment,SNDU9947044,2026-08-18T05:34:14.323Z,128,ok,,92,,0
Q00634,16,1,get_shipment,KSTU7990009,2026-08-18T05:34:15.251Z,44,ok,,92,,0
Q00634,17,1,get_shipment,KSTU3708950,2026-08-18T05:34:16.327Z,63,ok,,93,,0
Q00634,18,1,carrier_track,KSTU3708950,2026-08-18T05:34:17.603Z,2872,ok,,93,1,0.004
Q00634,19,1,get_shipment,ZNTU4284050,2026-08-18T05:34:21.691Z,88,ok,,94,,0
Q00634,20,1,get_shipment,QVRU2410314,2026-08-18T05:34:22.914Z,61,ok,,94,,0
Q00634,21,1,get_shipment,ORBU3173581,2026-08-18T05:34:24.277Z,62,ok,,93,,0
Q00634,22,1,get_shipment,CBTU3984664,2026-08-18T05:34:25.317Z,68,ok,,93,,0
Q00634,23,1,carrier_track,CBTU3984664,2026-08-18T05:34:26.093Z,1992,ok,,93,1,0.004
Q00634,24,1,get_shipment,ORBU4610140,2026-08-18T05:34:29.252Z,68,ok,,92,,0
Q00634,25,1,carrier_track,ORBU4610140,2026-08-18T05:34:30.336Z,2066,ok,,92,0,0.004
Q00636,1,1,get_shipment,KSTU3260708,2026-08-18T05:42:38.623Z,68,ok,,102,,0
Q00636,2,1,carrier_track,KSTU3260708,2026-08-18T05:42:39.436Z,2226,ok,,102,0,0.004
Q00638,1,1,get_shipment,ORBU3173581,2026-08-18T06:14:56.375Z,63,ok,,133,,0
Q00639,1,1,get_shipment,KSTU3864924,2026-08-18T06:29:11.420Z,103,ok,,148,,0
Q00639,2,1,carrier_track,KSTU3864924,2026-08-18T06:29:12.122Z,1007,ok,,148,0,0.004
Q00640,1,1,get_shipment,KSTU9862688,2026-08-18T06:29:50.451Z,44,ok,,149,,0
Q00640,2,1,carrier_track,KSTU9862688,2026-08-18T06:29:51.058Z,1460,ok,,149,0,0.004
Q00641,1,1,get_shipment,ZNTU3505978,2026-08-18T06:32:47.493Z,98,ok,,150,,0
Q00641,2,1,carrier_track,ZNTU3505978,2026-08-18T06:32:48.727Z,1771,ok,,150,0,0.004
Q00642,1,1,list_shipments,status=in_transit,2026-08-18T06:35:41.059Z,145,ok,89,,,0
Q00642,2,1,get_shipment,SNDU7583025,2026-08-18T06:35:42.224Z,60,ok,,153,,0
Q00642,3,1,get_shipment,SNDU7152201,2026-08-18T06:35:42.981Z,42,ok,,153,,0
Q00642,4,1,carrier_track,SNDU7152201,2026-08-18T06:35:43.945Z,1626,ok,,153,0,0.004
Q00642,5,1,get_shipment,SNDU6530860,2026-08-18T06:35:46.736Z,69,ok,,155,,0
Q00642,6,1,get_shipment,ZNTU2424708,2026-08-18T06:35:48.049Z,48,ok,,155,,0
Q00642,7,1,get_shipment,ZNTU6878862,2026-08-18T06:35:48.789Z,89,ok,,155,,0
Q00642,8,1,get_shipment,KSTU1469656,2026-08-18T06:35:49.719Z,69,ok,,153,,0
Q00642,9,1,get_shipment,ORBU5351419,2026-08-18T06:35:50.943Z,75,ok,,153,,0
Q00642,10,1,get_shipment,SNDU9481774,2026-08-18T06:35:51.900Z,65,ok,,154,,0
Q00642,11,1,carrier_track,SNDU9481774,2026-08-18T06:35:52.669Z,1817,ok,,154,0,0.004
Q00642,12,1,get_shipment,SNDU9947044,2026-08-18T06:35:55.385Z,31,ok,,153,,0
Q00642,13,1,carrier_track,SNDU9947044,2026-08-18T06:35:56.158Z,2066,ok,,153,0,0.004
Q00642,14,1,get_shipment,KSTU7990009,2026-08-18T06:35:59.144Z,40,ok,,153,,0
Q00642,15,1,get_shipment,KSTU3708950,2026-08-18T06:36:00.731Z,58,ok,,155,,0
Q00642,16,1,get_shipment,ZNTU4284050,2026-08-18T06:36:01.851Z,63,ok,,156,,0
Q00642,17,1,get_shipment,QVRU2410314,2026-08-18T06:36:03.568Z,99,ok,,156,,0
Q00642,18,1,carrier_track,QVRU2410314,2026-08-18T06:36:04.656Z,1175,ok,,156,0,0.004
Q00642,19,1,get_shipment,ORBU3173581,2026-08-18T06:36:06.629Z,71,ok,,155,,0
Q00642,20,1,get_shipment,CBTU3984664,2026-08-18T06:36:08.275Z,71,ok,,155,,0
Q00642,21,1,carrier_track,CBTU3984664,2026-08-18T06:36:09.141Z,2505,ok,,155,0,0.004
Q00642,22,1,get_shipment,ORBU4610140,2026-08-18T06:36:12.538Z,49,ok,,154,,0
Q00642,23,1,carrier_track,ORBU4610140,2026-08-18T06:36:13.600Z,1891,ok,,154,0,0.004
Q00642,24,1,get_shipment,ORBU5063658,2026-08-18T06:36:16.392Z,58,ok,,156,,0
Q00642,25,1,carrier_track,ORBU5063658,2026-08-18T06:36:17.468Z,2282,ok,,156,1,0.004
Q00643,1,1,search_docs,BK513223,2026-08-18T06:37:56.254Z,504,ok,,,,0
Q00645,1,1,get_shipment,BK513223,2026-08-18T06:39:29.166Z,34,ok,,158,,0
Q00646,1,1,search_docs,BK234182,2026-08-18T06:44:24.849Z,444,ok,,,,0
Q00646,2,1,get_shipment,BK234182,2026-08-18T06:44:26.253Z,50,ok,,163,,0
Q00647,1,1,search_docs,BK661197,2026-08-18T06:48:29.866Z,637,ok,,,,0
Q00648,1,1,get_shipment,ORBU7490238,2026-08-18T06:53:57.855Z,75,ok,,173,,0
Q00648,2,1,carrier_track,ORBU7490238,2026-08-18T06:53:58.740Z,1849,ok,,173,0,0.004
Q00649,1,1,get_shipment,BK774147,2026-08-18T07:01:44.573Z,84,ok,,180,,0
Q00649,2,1,carrier_track,SNDU6001115,2026-08-18T07:01:45.427Z,2246,ok,,180,0,0.004
Q00650,1,1,search_docs,BK856623,2026-08-18T07:03:03.412Z,352,ok,,,,0
Q00650,2,1,search_docs,BK856623,2026-08-18T07:03:04.728Z,475,ok,,,,0
Q00651,1,1,get_shipment,KSTU9957257,2026-08-18T07:16:41.097Z,44,ok,,194,,0
Q00652,1,1,get_shipment,ORBU8695218,2026-08-18T07:19:12.270Z,60,ok,,197,,0
Q00652,2,1,carrier_track,ORBU8695218,2026-08-18T07:19:13.253Z,3723,ok,,197,0,0.004
Q00653,1,1,get_shipment,ZNTU3624936,2026-08-18T07:25:31.219Z,53,ok,,205,,0
Q00653,2,1,carrier_track,ZNTU3624936,2026-08-18T07:25:32.102Z,2149,ok,,205,0,0.004
Q00655,1,1,get_shipment,BK637145,2026-08-18T07:43:56.671Z,43,ok,,223,,0
Q00656,1,1,get_shipment,ORBU7005864,2026-08-18T07:50:27.696Z,60,ok,,229,,0
Q00656,2,1,carrier_track,ORBU7005864,2026-08-18T07:50:28.436Z,1993,ok,,229,0,0.004
Q00657,1,1,get_shipment,CBTU8201531,2026-08-18T07:51:49.051Z,92,ok,,229,,0
Q00657,2,1,carrier_track,CBTU8201531,2026-08-18T07:51:50.368Z,2685,ok,,229,0,0.004
Q00658,1,1,get_shipment,ORBU3428539,2026-08-18T07:59:45.664Z,66,ok,,237,,0
Q00658,2,1,carrier_track,ORBU3428539,2026-08-18T07:59:46.502Z,1264,ok,,237,0,0.004
Q00659,1,1,get_shipment,CBTU9998559,2026-08-18T08:38:46.657Z,76,ok,,38,,0
Q00659,2,1,carrier_track,CBTU9998559,2026-08-18T08:38:47.442Z,1772,ok,,38,0,0.004
Q00660,1,1,get_shipment,QVRU1406959,2026-08-18T08:59:24.223Z,91,ok,,58,,0
Q00661,1,1,get_shipment,ORBU3428539,2026-08-19T01:08:02.523Z,88,ok,,66,,0
Q00661,2,1,carrier_track,ORBU3428539,2026-08-19T01:08:03.206Z,2383,ok,,66,0,0.004
Q00663,1,1,get_shipment,KSTU3670703,2026-08-19T01:19:30.008Z,62,ok,,78,,0
Q00663,2,1,carrier_track,KSTU3670703,2026-08-19T01:19:30.747Z,1302,ok,,78,0,0.004
Q00664,1,1,search_docs,BK796705,2026-08-19T01:20:00.869Z,379,ok,,,,0
Q00665,1,1,get_shipment,SNDU3880407,2026-08-19T01:22:18.963Z,66,ok,,82,,0
Q00665,2,1,carrier_track,SNDU3880407,2026-08-19T01:22:19.575Z,2548,ok,,82,0,0.004
Q00666,1,1,get_shipment,BK277786,2026-08-19T01:27:10.357Z,47,ok,,86,,0
Q00666,2,1,carrier_track,CBTU6424642,2026-08-19T01:27:11.282Z,1806,ok,,86,0,0.004
Q00667,1,1,get_shipment,BK910606,2026-08-19T01:40:03.772Z,102,ok,,98,,0
Q00667,2,1,carrier_track,ORBU8732723,2026-08-19T01:40:05.015Z,3091,ok,,98,0,0.004
Q00668,1,1,search_docs,BK643426,2026-08-19T01:42:54.539Z,535,ok,,,,0
Q00668,2,1,search_docs,BK643426,2026-08-19T01:42:55.826Z,422,ok,,,,0
Q00669,1,1,get_shipment,BK255766,2026-08-19T01:51:48.749Z,76,ok,,109,,0
Q00669,2,1,carrier_track,SNDU7312081,2026-08-19T01:51:49.795Z,1896,ok,,109,0,0.004
Q00670,1,1,get_shipment,QVRU2410314,2026-08-19T01:53:32.465Z,55,ok,,113,,0
Q00671,1,1,get_shipment,ORBU5351419,2026-08-19T02:00:44.270Z,48,ok,,118,,0
Q00671,2,1,carrier_track,ORBU5351419,2026-08-19T02:00:44.963Z,2458,ok,,118,0,0.004
Q00672,1,1,get_shipment,CBTU1482053,2026-08-19T02:04:44.245Z,52,ok,,122,,0
Q00672,2,1,carrier_track,CBTU1482053,2026-08-19T02:04:45.498Z,1585,ok,,122,0,0.004
Q00673,1,1,get_shipment,ZNTU2433135,2026-08-19T02:13:57.718Z,89,ok,,132,,0
Q00673,2,1,carrier_track,ZNTU2433135,2026-08-19T02:13:58.657Z,1840,ok,,132,0,0.004
Q00674,1,1,get_shipment,BK733034,2026-08-19T02:21:46.637Z,87,ok,,141,,0
Q00674,2,1,carrier_track,KSTU5315327,2026-08-19T02:21:48.025Z,1353,ok,,141,0,0.004
Q00675,1,1,get_shipment,ZNTU3128701,2026-08-19T02:26:45.570Z,69,ok,,144,,0
Q00675,2,1,carrier_track,ZNTU3128701,2026-08-19T02:26:46.400Z,2898,ok,,144,0,0.004
Q00676,1,1,get_shipment,SNDU4413086,2026-08-19T02:37:22.235Z,75,ok,,156,,0
Q00677,1,1,get_shipment,ORBU7490238,2026-08-19T02:41:51.275Z,65,ok,,161,,0
Q00678,1,1,search_docs,BK146139,2026-08-19T02:57:32.393Z,306,ok,,,,0
Q00679,1,1,search_docs,BK952891,2026-08-19T03:20:22.751Z,363,ok,,,,0
Q00679,2,1,search_docs,BK952891,2026-08-19T03:20:24.062Z,692,ok,,,,0
Q00680,1,1,get_shipment,KSTU8186330,2026-08-19T03:26:27.307Z,70,ok,,206,,0
Q00680,2,1,carrier_track,KSTU8186330,2026-08-19T03:26:28.517Z,3312,ok,,206,0,0.004
Q00681,1,1,search_docs,BK966552,2026-08-19T03:33:09.012Z,469,ok,,,,0
Q00681,2,1,search_docs,BK966552,2026-08-19T03:33:10.330Z,463,ok,,,,0
Q00682,1,1,search_docs,BK875813,2026-08-19T03:41:47.334Z,474,ok,,,,0
Q00683,1,1,get_shipment,ZNTU2701004,2026-08-19T03:49:44.248Z,43,ok,,227,,0
Q00685,1,1,get_shipment,ZNTU2701004,2026-08-19T03:59:28.056Z,69,ok,,237,,0
Q00686,1,1,list_shipments,status=in_transit,2026-08-19T04:02:48.514Z,87,ok,92,,,0
Q00686,2,1,get_shipment,SNDU7583025,2026-08-19T04:02:49.374Z,58,ok,,0,,0
Q00686,3,1,carrier_track,SNDU7583025,2026-08-19T04:02:50.384Z,1622,ok,,0,0,0.004
Q00686,4,1,get_shipment,SNDU7152201,2026-08-19T04:02:52.705Z,110,ok,,0,,0
Q00686,5,1,carrier_track,SNDU7152201,2026-08-19T04:02:53.412Z,1798,ok,,0,0,0.004
Q00686,6,1,get_shipment,SNDU6530860,2026-08-19T04:02:56.013Z,65,ok,,2,,0
Q00686,7,1,carrier_track,SNDU6530860,2026-08-19T04:02:57.024Z,1488,ok,,2,0,0.004
Q00686,8,1,get_shipment,ZNTU2424708,2026-08-19T04:02:59.478Z,47,ok,,2,,0
Q00686,9,1,get_shipment,ZNTU6878862,2026-08-19T04:03:00.190Z,48,ok,,3,,0
Q00686,10,1,carrier_track,ZNTU6878862,2026-08-19T04:03:01.090Z,2526,ok,,3,0,0.004
Q00686,11,1,get_shipment,KSTU1469656,2026-08-19T04:03:04.452Z,67,ok,,1,,0
Q00686,12,1,get_shipment,ORBU5351419,2026-08-19T04:03:05.407Z,62,ok,,1,,0
Q00686,13,1,carrier_track,ORBU5351419,2026-08-19T04:03:06.482Z,3327,ok,,1,0,0.004
Q00686,14,1,get_shipment,ORBU8686665,2026-08-19T04:03:10.626Z,45,ok,,2,,0
Q00686,15,1,carrier_track,ORBU8686665,2026-08-19T04:03:11.636Z,1864,ok,,2,0,0.004
Q00686,16,1,get_shipment,SNDU9481774,2026-08-19T04:03:14.265Z,71,ok,,2,,0
Q00686,17,1,get_shipment,SNDU9947044,2026-08-19T04:03:15.319Z,89,ok,,1,,0
Q00686,18,1,carrier_track,SNDU9947044,2026-08-19T04:03:16.377Z,2929,ok,,1,0,0.004
Q00686,19,1,get_shipment,KSTU7990009,2026-08-19T04:03:20.612Z,48,ok,,1,,0
Q00686,20,1,get_shipment,KSTU3708950,2026-08-19T04:03:21.456Z,44,ok,,2,,0
Q00686,21,1,carrier_track,KSTU3708950,2026-08-19T04:03:23.014Z,2272,ok,,2,0,0.004
Q00686,22,1,get_shipment,ZNTU4284050,2026-08-19T04:03:26.201Z,66,ok,,3,,0
Q00686,23,1,carrier_track,ZNTU4284050,2026-08-19T04:03:27.429Z,1597,ok,,3,0,0.004
Q00686,24,1,get_shipment,QVRU2410314,2026-08-19T04:03:29.971Z,42,ok,,3,,0
Q00686,25,1,carrier_track,QVRU2410314,2026-08-19T04:03:31.304Z,2231,ok,,3,0,0.004
Q00688,1,1,get_shipment,ORBU4905896,2026-08-19T04:05:11.291Z,41,ok,,5,,0
Q00688,2,1,carrier_track,ORBU4905896,2026-08-19T04:05:11.885Z,1713,ok,,5,0,0.004
Q00689,1,1,get_shipment,CBTU6157279,2026-08-19T04:11:28.299Z,74,ok,,9,,0
Q00689,2,1,carrier_track,CBTU6157279,2026-08-19T04:11:29.179Z,2487,ok,,9,0,0.004
Q00690,1,1,get_shipment,ORBU5012569,2026-08-19T04:30:40.731Z,56,ok,,28,,0
Q00691,1,1,get_shipment,ORBU8695218,2026-08-19T05:08:37.740Z,84,ok,,66,,0
Q00691,2,1,carrier_track,ORBU8695218,2026-08-19T05:08:38.726Z,1972,ok,,66,0,0.004
Q00692,1,1,get_shipment,ZNTU5433208,2026-08-19T05:22:33.079Z,45,ok,,81,,0
Q00693,1,1,get_shipment,CBTU2724228,2026-08-19T05:22:45.232Z,36,ok,,82,,0
Q00694,1,1,get_shipment,ZNTU8065805,2026-08-19T05:23:03.462Z,81,ok,,81,,0
Q00695,1,1,get_shipment,CBTU8358254,2026-08-19T05:28:40.616Z,51,ok,,87,,0
Q00695,2,1,carrier_track,CBTU8358254,2026-08-19T05:28:41.740Z,3516,ok,,87,0,0.004
Q00696,1,1,get_shipment,SNDU8965161,2026-08-19T05:47:46.799Z,59,ok,,105,,0
Q00696,2,1,carrier_track,SNDU8965161,2026-08-19T05:47:47.634Z,2435,ok,,105,0,0.004
Q00698,1,1,get_shipment,SNDU1769575,2026-08-19T05:55:42.914Z,95,ok,,115,,0
Q00699,1,1,get_shipment,CBTU4308493,2026-08-19T06:05:34.991Z,43,ok,,125,,0
Q00700,1,1,get_shipment,ORBU8479695,2026-08-19T06:10:31.871Z,69,ok,,128,,0
Q00700,2,1,carrier_track,ORBU8479695,2026-08-19T06:10:32.902Z,1972,ok,,128,0,0.004
Q00702,1,1,list_shipments,status=in_transit,2026-08-19T06:22:50.384Z,76,ok,3,,,0
Q00702,2,1,get_shipment,QVRU9513238,2026-08-19T06:22:51.105Z,71,ok,,140,,0
Q00702,3,1,carrier_track,QVRU9513238,2026-08-19T06:22:51.978Z,4293,ok,,140,0,0.004
Q00702,4,1,get_shipment,CBTU9998559,2026-08-19T06:22:57.046Z,70,ok,,142,,0
Q00702,5,1,carrier_track,CBTU9998559,2026-08-19T06:22:57.880Z,2664,ok,,142,0,0.004
Q00702,6,1,get_shipment,QVRU8335233,2026-08-19T06:23:01.598Z,70,ok,,143,,0
Q00703,1,1,get_shipment,SNDU7152201,2026-08-19T06:24:00.374Z,51,ok,,142,,0
Q00703,2,1,carrier_track,SNDU7152201,2026-08-19T06:24:01.348Z,1238,ok,,142,0,0.004
Q00705,1,1,search_docs,BK255766,2026-08-19T06:32:01.650Z,684,ok,,,,0
Q00706,1,1,search_docs,BK525112,2026-08-19T06:41:04.524Z,313,ok,,,,0
Q00706,2,1,search_docs,BK525112,2026-08-19T06:41:05.808Z,254,ok,,,,0
Q00708,1,1,list_shipments,status=in_transit,2026-08-19T06:57:59.135Z,103,ok,92,,,0
Q00708,2,1,get_shipment,SNDU7583025,2026-08-19T06:58:00.216Z,45,ok,,176,,0
Q00708,3,1,carrier_track,SNDU7583025,2026-08-19T06:58:01.236Z,2136,ok,,176,0,0.004
Q00708,4,1,get_shipment,SNDU7152201,2026-08-19T06:58:04.228Z,64,ok,,176,,0
Q00708,5,1,get_shipment,SNDU6530860,2026-08-19T06:58:05.095Z,39,ok,,178,,0
Q00708,6,1,carrier_track,SNDU6530860,2026-08-19T06:58:06.028Z,2138,ok,,178,0,0.004
Q00708,7,1,get_shipment,ZNTU2424708,2026-08-19T06:58:09.146Z,51,ok,,178,,0
Q00708,8,1,carrier_track,ZNTU2424708,2026-08-19T06:58:10.071Z,1735,ok,,178,0,0.004
Q00708,9,1,get_shipment,ZNTU6878862,2026-08-19T06:58:12.431Z,67,ok,,178,,0
Q00708,10,1,get_shipment,KSTU1469656,2026-08-19T06:58:13.212Z,84,ok,,176,,0
Q00708,11,1,get_shipment,ORBU5351419,2026-08-19T06:58:14.049Z,45,ok,,176,,0
Q00708,12,1,get_shipment,ORBU8686665,2026-08-19T06:58:14.934Z,71,ok,,177,,0
Q00708,13,1,carrier_track,ORBU8686665,2026-08-19T06:58:16.299Z,1240,ok,,177,0,0.004
Q00708,14,1,get_shipment,SNDU9481774,2026-08-19T06:58:18.699Z,45,ok,,177,,0
Q00708,15,1,get_shipment,SNDU9947044,2026-08-19T06:58:19.483Z,82,ok,,176,,0
Q00708,16,1,carrier_track,SNDU9947044,2026-08-19T06:58:20.626Z,3402,ok,,176,0,0.004
Q00708,17,1,get_shipment,KSTU7990009,2026-08-19T06:58:24.888Z,42,ok,,176,,0
Q00708,18,1,get_shipment,KSTU3708950,2026-08-19T06:58:25.846Z,53,ok,,177,,0
Q00708,19,1,carrier_track,KSTU3708950,2026-08-19T06:58:26.626Z,1672,ok,,177,0,0.004
Q00708,20,1,get_shipment,ZNTU4284050,2026-08-19T06:58:29.739Z,71,ok,,178,,0
Q00708,21,1,carrier_track,ZNTU4284050,2026-08-19T06:58:30.712Z,2438,ok,,178,0,0.004
Q00708,22,1,get_shipment,QVRU2410314,2026-08-19T06:58:34.310Z,59,ok,,178,,0
Q00708,23,1,carrier_track,QVRU2410314,2026-08-19T06:58:35.738Z,1952,ok,,178,0,0.004
Q00708,24,1,get_shipment,ORBU3173581,2026-08-19T06:58:38.788Z,33,ok,,177,,0
Q00708,25,1,carrier_track,ORBU3173581,2026-08-19T06:58:39.789Z,2344,ok,,177,0,0.004
Q00709,1,1,get_shipment,CBTU7649787,2026-08-19T07:05:04.261Z,55,ok,,183,,0
Q00709,2,1,carrier_track,CBTU7649787,2026-08-19T07:05:05.348Z,1601,ok,,183,0,0.004
Q00710,1,1,get_shipment,SNDU6530860,2026-08-19T07:11:04.953Z,62,ok,,191,,0
Q00711,1,1,get_shipment,KSTU3864924,2026-08-19T07:12:52.014Z,96,ok,,191,,0
Q00712,1,1,get_shipment,BK965489,2026-08-19T07:14:18.656Z,67,ok,,193,,0
Q00712,2,1,carrier_track,SNDU2826877,2026-08-19T07:14:19.347Z,2220,ok,,193,0,0.004
Q00713,1,1,get_shipment,BK393148,2026-08-19T07:18:23.951Z,59,ok,,198,,0
Q00713,2,1,carrier_track,KSTU9535313,2026-08-19T07:18:24.729Z,1412,ok,,198,0,0.004
Q00714,1,1,get_shipment,SNDU9123047,2026-08-19T07:26:44.705Z,115,ok,,206,,0
Q00715,1,1,get_shipment,ORBU7490238,2026-08-19T07:32:26.323Z,40,ok,,212,,0
Q00715,2,1,carrier_track,ORBU7490238,2026-08-19T07:32:27.067Z,1956,ok,,212,0,0.004
Q00716,1,1,get_shipment,ZNTU8065805,2026-08-19T07:34:01.470Z,45,ok,,212,,0
Q00716,2,1,carrier_track,ZNTU8065805,2026-08-19T07:34:02.660Z,1721,ok,,212,0,0.004
Q00717,1,1,get_shipment,CBTU8562502,2026-08-19T07:36:18.660Z,75,ok,,215,,0
Q00718,1,1,get_shipment,BK299868,2026-08-19T07:36:43.902Z,65,ok,,216,,0
Q00718,2,1,carrier_track,ZNTU2044345,2026-08-19T07:36:44.897Z,1282,ok,,216,0,0.004
Q00719,1,1,get_shipment,ZNTU9304748,2026-08-19T07:48:02.309Z,50,ok,,226,,0
Q00719,2,1,carrier_track,ZNTU9304748,2026-08-19T07:48:03.035Z,2323,ok,,226,0,0.004
Q00721,1,1,get_shipment,ORBU3428539,2026-08-19T08:09:14.540Z,66,ok,,7,,0
Q00722,1,1,get_shipment,ZNTU3013959,2026-08-19T08:09:43.562Z,82,ok,,8,,0
Q00722,2,1,carrier_track,ZNTU3013959,2026-08-19T08:09:44.640Z,1667,ok,,8,0,0.004
Q00723,1,1,search_docs,BK670795,2026-08-19T08:14:27.394Z,414,ok,,,,0
Q00724,1,1,search_docs,BK945678,2026-08-19T08:16:04.691Z,553,ok,,,,0
Q00725,1,1,get_shipment,BK513223,2026-08-19T08:24:05.439Z,24,ok,,23,,0
Q00725,2,1,carrier_track,ZNTU9156086,2026-08-19T08:24:06.352Z,2369,ok,,23,0,0.004
Q00726,1,1,get_shipment,ORBU7490238,2026-08-19T08:24:34.198Z,61,ok,,24,,0
Q00726,2,1,carrier_track,ORBU7490238,2026-08-19T08:24:35.044Z,2848,ok,,24,0,0.004
Q00728,1,1,search_docs,BK364444,2026-08-19T08:27:35.740Z,238,ok,,,,0
Q00728,2,1,search_docs,BK364444,2026-08-19T08:27:36.701Z,410,ok,,,,0
Q00729,1,1,get_shipment,CBTU5364912,2026-08-19T08:52:36.914Z,50,ok,,50,,0
Q00729,2,1,carrier_track,CBTU5364912,2026-08-19T08:52:38.212Z,2167,ok,,50,0,0.004
Q00730,1,1,get_shipment,KSTU7722368,2026-08-19T08:57:30.296Z,51,ok,,56,,0
Q00730,2,1,carrier_track,KSTU7722368,2026-08-19T08:57:31.352Z,2569,ok,,56,0,0.004
Q00731,1,1,list_shipments,status=at_origin,2026-08-19T08:59:12.688Z,160,ok,140,,,0
Q00731,2,1,get_shipment,ORBU6345416,2026-08-19T08:59:14.068Z,77,ok,,57,,0
Q00731,3,1,get_shipment,CBTU1905850,2026-08-19T08:59:15.020Z,56,ok,,57,,0
Q00731,4,1,carrier_track,CBTU1905850,2026-08-19T08:59:16.088Z,3596,ok,,57,0,0.004
Q00731,5,1,get_shipment,SNDU2702289,2026-08-19T08:59:20.658Z,54,ok,,59,,0
Q00731,6,1,carrier_track,SNDU2702289,2026-08-19T08:59:21.600Z,4428,ok,,59,0,0.004
Q00731,7,1,get_shipment,SNDU7312081,2026-08-19T08:59:27.358Z,79,ok,,57,,0
Q00731,8,1,carrier_track,SNDU7312081,2026-08-19T08:59:28.235Z,2830,ok,,57,0,0.004
Q00731,9,1,get_shipment,CBTU5441883,2026-08-19T08:59:31.930Z,45,ok,,59,,0
Q00731,10,1,get_shipment,SNDU6001115,2026-08-19T08:59:33.045Z,57,ok,,58,,0
Q00731,11,1,get_shipment,KSTU7722368,2026-08-19T08:59:34.309Z,54,ok,,58,,0
Q00731,12,1,get_shipment,ORBU1486206,2026-08-19T08:59:35.114Z,39,ok,,59,,0
Q00731,13,1,get_shipment,CBTU6776075,2026-08-19T08:59:35.975Z,85,ok,,58,,0
Q00731,14,1,carrier_track,CBTU6776075,2026-08-19T08:59:37.097Z,1593,ok,,58,1,0.004
Q00731,15,1,get_shipment,KSTU9097578,2026-08-19T08:59:39.811Z,87,ok,,59,,0
Q00731,16,1,carrier_track,KSTU9097578,2026-08-19T08:59:41.101Z,2405,ok,,59,0,0.004
Q00731,17,1,get_shipment,ZNTU6771478,2026-08-19T08:59:44.260Z,47,ok,,59,,0
Q00731,18,1,carrier_track,ZNTU6771478,2026-08-19T08:59:44.977Z,2782,ok,,59,0,0.004
Q00731,19,1,get_shipment,ZNTU4344024,2026-08-19T08:59:49.136Z,56,ok,,57,,0
Q00731,20,1,get_shipment,ORBU2455421,2026-08-19T08:59:50.115Z,84,ok,,58,,0
Q00731,21,1,get_shipment,KSTU8807342,2026-08-19T08:59:51.133Z,96,ok,,57,,0
Q00731,22,1,get_shipment,CBTU2724228,2026-08-19T08:59:52.206Z,41,ok,,59,,0
Q00731,23,1,carrier_track,CBTU2724228,2026-08-19T08:59:53.739Z,3785,ok,,59,0,0.004
Q00731,24,1,get_shipment,KSTU1065976,2026-08-19T08:59:58.725Z,55,ok,,58,,0
Q00731,25,1,carrier_track,KSTU1065976,2026-08-19T08:59:59.728Z,3425,ok,,58,0,0.004
Q00734,1,1,get_shipment,ZNTU2607335,2026-08-19T09:39:41.419Z,43,ok,,98,,0
Q00734,2,1,carrier_track,ZNTU2607335,2026-08-19T09:39:42.802Z,1592,ok,,98,0,0.004
Q00735,1,1,get_shipment,ORBU3428539,2026-08-19T10:46:12.007Z,78,ok,,164,,0
Q00735,2,1,carrier_track,ORBU3428539,2026-08-19T10:46:12.904Z,2194,ok,,164,0,0.004
Q00736,1,1,search_docs,BK193355,2026-08-19T10:47:10.825Z,325,ok,,,,0
Q00736,2,1,search_docs,BK193355,2026-08-19T10:47:12.200Z,664,ok,,,,0
Q00737,1,1,get_shipment,QVRU2417420,2026-08-20T00:19:43.239Z,68,ok,,17,,0
Q00738,1,1,get_shipment,KSTU7655842,2026-08-20T00:33:21.353Z,79,ok,,31,,0
Q00739,1,1,get_shipment,KSTU1336915,2026-08-20T01:05:34.513Z,50,ok,,63,,0
Q00739,2,1,carrier_track,KSTU1336915,2026-08-20T01:05:35.549Z,1367,ok,,63,0,0.004
Q00740,1,1,get_shipment,SNDU6530860,2026-08-20T01:05:47.978Z,35,ok,,65,,0
Q00740,2,1,carrier_track,SNDU6530860,2026-08-20T01:05:48.902Z,1735,ok,,65,0,0.004
Q00742,1,1,get_shipment,KSTU9517849,2026-08-20T01:11:02.235Z,38,ok,,69,,0
Q00742,2,1,carrier_track,KSTU9517849,2026-08-20T01:11:03.411Z,1890,ok,,69,0,0.004
Q00743,1,1,get_shipment,CBTU2467498,2026-08-20T01:14:31.531Z,78,ok,,73,,0
Q00744,1,1,get_shipment,SNDU6058687,2026-08-20T01:15:36.840Z,78,ok,,75,,0
Q00744,2,1,carrier_track,SNDU6058687,2026-08-20T01:15:37.862Z,1942,ok,,75,0,0.004
Q00745,1,1,get_shipment,QVRU7051698,2026-08-20T01:20:40.539Z,43,ok,,79,,0
Q00746,1,1,get_shipment,SNDU1833820,2026-08-20T01:22:34.597Z,78,ok,,82,,0
Q00746,2,1,carrier_track,SNDU1833820,2026-08-20T01:22:35.440Z,1551,ok,,82,0,0.004
Q00747,1,1,get_shipment,ZNTU6302909,2026-08-20T01:24:38.587Z,116,ok,,83,,0
Q00747,2,1,carrier_track,ZNTU6302909,2026-08-20T01:24:40.017Z,3138,ok,,83,0,0.004
Q00748,1,1,get_shipment,ORBU5012569,2026-08-20T01:25:33.878Z,61,ok,,83,,0
Q00748,2,1,carrier_track,ORBU5012569,2026-08-20T01:25:34.875Z,3238,ok,,83,0,0.004
Q00750,1,1,get_shipment,QVRU9438453,2026-08-20T01:41:46.553Z,45,ok,,99,,0
Q00750,2,1,carrier_track,QVRU9438453,2026-08-20T01:41:47.501Z,1543,ok,,99,0,0.004
Q00751,1,1,search_docs,BK813728,2026-08-20T01:48:29.424Z,306,ok,,,,0
Q00752,1,1,get_shipment,ZNTU2433135,2026-08-20T02:04:42.251Z,67,ok,,123,,0
Q00753,1,1,get_shipment,BK268146,2026-08-20T02:08:59.438Z,33,ok,,126,,0
Q00753,2,1,carrier_track,SNDU1110843,2026-08-20T02:09:00.560Z,3038,ok,,127,0,0.004
Q00754,1,1,get_shipment,QVRU8335233,2026-08-20T02:09:53.377Z,60,ok,,129,,0
Q00754,2,1,carrier_track,QVRU8335233,2026-08-20T02:09:54.474Z,3819,ok,,129,0,0.004
Q00756,1,1,get_shipment,BK774147,2026-08-20T02:20:35.661Z,53,ok,,139,,0
Q00756,2,1,carrier_track,SNDU6001115,2026-08-20T02:20:36.418Z,3029,ok,,139,0,0.004
Q00757,1,1,get_shipment,ORBU6345416,2026-08-20T02:29:13.172Z,65,ok,,147,,0
Q00757,2,1,carrier_track,ORBU6345416,2026-08-20T02:29:14.258Z,1766,ok,,147,0,0.004
Q00758,1,1,get_shipment,KSTU4962997,2026-08-20T02:32:43.702Z,43,ok,,150,,0
Q00758,2,1,carrier_track,KSTU4962997,2026-08-20T02:32:44.265Z,3287,ok,,150,0,0.004
Q00759,1,1,get_shipment,ORBU3173581,2026-08-20T02:38:17.836Z,40,ok,,157,,0
Q00760,1,1,get_shipment,BK228809,2026-08-20T02:41:19.008Z,71,ok,,160,,0
Q00760,2,1,carrier_track,ORBU8954941,2026-08-20T02:41:19.895Z,2096,ok,,160,0,0.004
Q00761,1,1,search_docs,BK193355,2026-08-20T03:07:03.424Z,337,ok,,,,0
Q00763,1,1,get_shipment,QVRU3761555,2026-08-20T03:09:20.386Z,51,ok,,189,,0
Q00764,1,1,search_docs,BK364444,2026-08-20T03:12:57.626Z,589,ok,,,,0
Q00764,2,1,search_docs,BK364444,2026-08-20T03:12:58.819Z,414,ok,,,,0
Q00764,3,1,get_shipment,BK364444,2026-08-20T03:13:00.072Z,89,ok,,193,,0
Q00765,1,1,get_shipment,QVRU7892111,2026-08-20T03:33:57.202Z,48,ok,,213,,0
Q00766,1,1,get_shipment,CBTU6157279,2026-08-20T03:35:31.535Z,67,ok,,213,,0
Q00766,2,1,carrier_track,CBTU6157279,2026-08-20T03:35:32.605Z,1600,ok,,213,1,0.004
Q00767,1,1,get_shipment,ZNTU3942584,2026-08-20T03:52:35.126Z,76,ok,,230,,0
Q00768,1,1,get_shipment,QVRU6231591,2026-08-20T04:31:03.342Z,70,ok,,30,,0
Q00771,1,1,get_shipment,QVRU7174423,2026-08-20T05:09:56.509Z,43,ok,,68,,0
Q00771,2,1,carrier_track,QVRU7174423,2026-08-20T05:09:57.528Z,2251,ok,,68,0,0.004
Q00772,1,1,search_docs,BK601871,2026-08-20T05:10:23.654Z,338,ok,,,,0
Q00772,2,1,search_docs,BK601871,2026-08-20T05:10:25.018Z,700,ok,,,,0
Q00773,1,1,get_shipment,ORBU5063658,2026-08-20T05:50:46.634Z,49,ok,,110,,0
Q00773,2,1,carrier_track,ORBU5063658,2026-08-20T05:50:47.427Z,1338,ok,,110,0,0.004
Q00774,1,1,get_shipment,CBTU8950025,2026-08-20T05:59:07.624Z,31,ok,,119,,0
Q00775,1,1,get_shipment,ORBU4610140,2026-08-20T06:02:29.173Z,56,ok,,120,,0
Q00775,2,1,carrier_track,ORBU4610140,2026-08-20T06:02:30.073Z,1348,ok,,120,0,0.004
Q00776,1,1,get_shipment,SNDU9339547,2026-08-20T06:08:15.954Z,42,ok,,127,,0
Q00776,2,1,carrier_track,SNDU9339547,2026-08-20T06:08:16.580Z,1386,ok,,127,0,0.004
Q00777,1,1,get_shipment,QVRU2789766,2026-08-20T06:21:01.076Z,60,ok,,141,,0
Q00777,2,1,carrier_track,QVRU2789766,2026-08-20T06:21:01.740Z,2208,ok,,141,0,0.004
Q00778,1,1,search_docs,BK393148,2026-08-20T06:26:49.025Z,321,ok,,,,0
Q00779,1,1,search_docs,BK129294,2026-08-20T06:27:19.181Z,433,ok,,,,0
Q00782,1,1,get_shipment,ZNTU3942584,2026-08-20T06:35:20.466Z,44,ok,,153,,0
Q00783,1,1,get_shipment,ZNTU8805987,2026-08-20T06:51:56.834Z,59,ok,,170,,0
Q00783,2,1,carrier_track,ZNTU8805987,2026-08-20T06:51:57.555Z,2096,ok,,170,0,0.004
Q00784,1,1,get_shipment,SNDU4257491,2026-08-20T06:53:07.409Z,46,ok,,172,,0
Q00785,1,1,list_shipments,status=in_transit,2026-08-20T06:54:36.229Z,159,ok,6,,,0
Q00785,2,1,get_shipment,ORBU8479695,2026-08-20T06:54:37.325Z,69,ok,,172,,0
Q00785,3,1,get_shipment,KSTU1017933,2026-08-20T06:54:38.606Z,83,ok,,172,,0
Q00785,4,1,get_shipment,CBTU4371885,2026-08-20T06:54:39.320Z,66,ok,,173,,0
Q00785,5,1,carrier_track,CBTU4371885,2026-08-20T06:54:40.212Z,3600,ok,,173,0,0.004
Q00785,6,1,get_shipment,QVRU3413656,2026-08-20T06:54:44.694Z,69,ok,,173,,0
Q00785,7,1,get_shipment,ORBU4905896,2026-08-20T06:54:45.693Z,72,ok,,174,,0
Q00785,8,1,get_shipment,CBTU7535001,2026-08-20T06:54:46.631Z,46,ok,,174,,0
Q00785,9,1,carrier_track,CBTU7535001,2026-08-20T06:54:47.595Z,2107,ok,,174,0,0.004
Q00786,1,1,search_docs,BK479324,2026-08-20T06:58:17.284Z,501,ok,,,,0
Q00786,2,1,search_docs,BK479324,2026-08-20T06:58:18.706Z,530,ok,,,,0
Q00787,1,1,search_docs,BK525941,2026-08-20T07:18:18.850Z,376,ok,,,,0
Q00787,2,1,search_docs,BK525941,2026-08-20T07:18:20.002Z,653,ok,,,,0
Q00788,1,1,get_shipment,ORBU6345416,2026-08-20T07:29:22.855Z,43,ok,,207,,0
Q00788,2,1,carrier_track,ORBU6345416,2026-08-20T07:29:23.600Z,1862,ok,,207,0,0.004
Q00789,1,1,get_shipment,QVRU1073176,2026-08-20T07:37:59.551Z,39,ok,,217,,0
Q00789,2,1,carrier_track,QVRU1073176,2026-08-20T07:38:00.709Z,2373,ok,,218,0,0.004
Q00790,1,1,get_shipment,ZNTU4284050,2026-08-20T08:18:33.263Z,49,ok,,18,,0
Q00790,2,1,carrier_track,ZNTU4284050,2026-08-20T08:18:34.372Z,2367,ok,,18,0,0.004
Q00791,1,1,get_shipment,CBTU5364912,2026-08-20T08:21:35.368Z,73,ok,,19,,0
Q00792,1,1,list_shipments,status=in_transit,2026-08-20T08:25:32.801Z,58,ok,2,,,0
Q00792,2,1,get_shipment,KSTU3864924,2026-08-20T08:25:33.965Z,49,ok,,24,,0
Q00792,3,1,get_shipment,SNDU9339547,2026-08-20T08:25:34.664Z,72,ok,,24,,0
Q00792,4,1,carrier_track,SNDU9339547,2026-08-20T08:25:35.674Z,1475,ok,,24,0,0.004
Q00793,1,1,get_shipment,SNDU2515034,2026-08-20T08:26:53.671Z,50,ok,,25,,0
Q00793,2,1,carrier_track,SNDU2515034,2026-08-20T08:26:54.609Z,1594,ok,,25,0,0.004
Q00794,1,1,get_shipment,SNDU6752099,2026-08-20T08:30:42.524Z,76,ok,,28,,0
Q00794,2,1,carrier_track,SNDU6752099,2026-08-20T08:30:43.350Z,1870,ok,,28,0,0.004
Q00795,1,1,get_shipment,SNDU8965161,2026-08-20T09:05:26.101Z,59,ok,,63,,0
Q00796,1,1,list_shipments,status=in_transit,2026-08-20T09:23:04.911Z,80,ok,91,,,0
Q00796,2,1,get_shipment,SNDU7583025,2026-08-20T09:23:06.029Z,62,ok,,81,,0
Q00796,3,1,get_shipment,SNDU7152201,2026-08-20T09:23:06.731Z,50,ok,,81,,0
Q00796,4,1,carrier_track,SNDU7152201,2026-08-20T09:23:07.557Z,2134,ok,,81,0,0.004
Q00796,5,1,get_shipment,SNDU6530860,2026-08-20T09:23:10.544Z,48,ok,,83,,0
Q00796,6,1,get_shipment,ZNTU2424708,2026-08-20T09:23:11.318Z,54,ok,,83,,0
Q00796,7,1,get_shipment,ZNTU6878862,2026-08-20T09:23:12.496Z,60,ok,,83,,0
Q00796,8,1,carrier_track,ZNTU6878862,2026-08-20T09:23:13.863Z,2499,ok,,83,0,0.004
Q00796,9,1,get_shipment,ORBU5351419,2026-08-20T09:23:17.155Z,44,ok,,81,,0
Q00796,10,1,get_shipment,ORBU8686665,2026-08-20T09:23:18.047Z,65,ok,,82,,0
Q00796,11,1,carrier_track,ORBU8686665,2026-08-20T09:23:19.181Z,2391,ok,,82,0,0.004
Q00796,12,1,get_shipment,SNDU9481774,2026-08-20T09:23:22.488Z,95,ok,,82,,0
Q00796,13,1,carrier_track,SNDU9481774,2026-08-20T09:23:23.616Z,1331,ok,,82,0,0.004
Q00796,14,1,get_shipment,SNDU9947044,2026-08-20T09:23:25.793Z,108,ok,,81,,0
Q00796,15,1,get_shipment,KSTU7990009,2026-08-20T09:23:26.666Z,100,ok,,81,,0
Q00796,16,1,carrier_track,KSTU7990009,2026-08-20T09:23:27.706Z,1809,ok,,81,0,0.004
Q00796,17,1,get_shipment,KSTU3708950,2026-08-20T09:23:30.605Z,57,ok,,82,,0
Q00796,18,1,get_shipment,ZNTU4284050,2026-08-20T09:23:31.486Z,80,ok,,83,,0
Q00796,19,1,get_shipment,QVRU2410314,2026-08-20T09:23:32.474Z,36,ok,,83,,0
Q00796,20,1,get_shipment,ORBU3173581,2026-08-20T09:23:33.546Z,46,ok,,82,,0
Q00796,21,1,get_shipment,ORBU4610140,2026-08-20T09:23:34.894Z,42,ok,,81,,0
Q00796,22,1,get_shipment,ORBU5063658,2026-08-20T09:23:35.612Z,34,ok,,83,,0
Q00796,23,1,get_shipment,ORBU8479695,2026-08-20T09:23:36.847Z,52,ok,,81,,0
Q00796,24,1,carrier_track,ORBU8479695,2026-08-20T09:23:37.799Z,3509,ok,,81,0,0.004
Q00796,25,1,get_shipment,KSTU1017933,2026-08-20T09:23:42.308Z,68,ok,,81,,0
Q00798,1,1,get_shipment,CBTU1946521,2026-08-20T09:26:19.966Z,51,ok,,86,,0
Q00798,2,1,carrier_track,CBTU1946521,2026-08-20T09:26:20.731Z,1518,ok,,86,0,0.004
Q00799,1,1,get_shipment,ZNTU3013959,2026-08-20T09:43:37.562Z,53,ok,,102,,0
Q00799,2,1,carrier_track,ZNTU3013959,2026-08-20T09:43:38.198Z,1058,ok,,102,0,0.004
Q00800,1,1,get_shipment,CBTU4857765,2026-08-20T09:43:50.192Z,46,ok,,102,,0
Q00801,1,1,get_shipment,KSTU1006703,2026-08-20T09:51:08.637Z,52,ok,,111,,0
Q00801,2,1,carrier_track,KSTU1006703,2026-08-20T09:51:09.421Z,2106,ok,,111,0,0.004
Q00802,1,1,get_shipment,QVRU5915596,2026-08-20T09:53:28.570Z,68,ok,,113,,0
Q00802,2,1,carrier_track,QVRU5915596,2026-08-20T09:53:29.652Z,2291,ok,,113,0,0.004
Q00803,1,1,get_shipment,CBTU4857765,2026-08-20T10:44:24.089Z,86,ok,,163,,0
Q00803,2,1,carrier_track,CBTU4857765,2026-08-20T10:44:25.045Z,2850,ok,,163,0,0.004
Q00804,1,1,get_shipment,SNDU6245376,2026-08-20T10:46:02.043Z,87,ok,,166,,0
Q00804,2,1,carrier_track,SNDU6245376,2026-08-20T10:46:03.295Z,1747,ok,,166,0,0.004
Q00805,1,1,get_shipment,SNDU7966646,2026-08-21T00:20:26.630Z,57,ok,,20,,0
Q00806,1,1,get_shipment,ZNTU4812784,2026-08-21T00:49:52.058Z,77,ok,,49,,0
Q00806,2,1,carrier_track,ZNTU4812784,2026-08-21T00:49:53.116Z,2450,ok,,49,0,0.004
Q00808,1,1,get_shipment,ZNTU6302909,2026-08-21T01:26:35.455Z,26,ok,,85,,0
Q00809,1,1,get_shipment,BK796705,2026-08-21T01:34:12.742Z,39,ok,,93,,0
Q00810,1,1,get_shipment,SNDU2341639,2026-08-21T01:39:58.623Z,43,ok,,97,,0
Q00812,1,1,get_shipment,QVRU6439220,2026-08-21T01:55:56.352Z,98,ok,,113,,0
Q00813,1,1,get_shipment,ZNTU5979770,2026-08-21T02:00:55.909Z,60,ok,,118,,0
Q00813,2,1,carrier_track,ZNTU5979770,2026-08-21T02:00:56.836Z,2975,ok,,118,0,0.004
Q00814,1,1,list_shipments,status=in_transit,2026-08-21T02:01:32.852Z,167,ok,88,,,0
Q00814,2,1,get_shipment,SNDU7583025,2026-08-21T02:01:34.133Z,65,ok,,119,,0
Q00814,3,1,carrier_track,SNDU7583025,2026-08-21T02:01:35.378Z,4379,ok,,119,0,0.004
Q00814,4,1,get_shipment,SNDU7152201,2026-08-21T02:01:40.503Z,40,ok,,119,,0
Q00814,5,1,get_shipment,SNDU6530860,2026-08-21T02:01:41.342Z,62,ok,,121,,0
Q00814,6,1,get_shipment,ZNTU2424708,2026-08-21T02:01:42.693Z,39,ok,,121,,0
Q00814,7,1,get_shipment,ZNTU6878862,2026-08-21T02:01:43.587Z,54,ok,,121,,0
Q00814,8,1,get_shipment,ORBU5351419,2026-08-21T02:01:44.589Z,57,ok,,119,,0
Q00814,9,1,get_shipment,ORBU8686665,2026-08-21T02:01:45.430Z,75,ok,,120,,0
Q00814,10,1,get_shipment,SNDU9481774,2026-08-21T02:01:46.045Z,75,ok,,120,,0
Q00814,11,1,get_shipment,SNDU9947044,2026-08-21T02:01:46.873Z,64,ok,,119,,0
Q00814,12,1,carrier_track,SNDU9947044,2026-08-21T02:01:47.981Z,1018,ok,,119,0,0.004
Q00814,13,1,get_shipment,KSTU7990009,2026-08-21T02:01:49.761Z,51,ok,,119,,0
Q00814,14,1,carrier_track,KSTU7990009,2026-08-21T02:01:50.951Z,3375,ok,,119,0,0.004
Q00814,15,1,get_shipment,KSTU3708950,2026-08-21T02:01:55.288Z,46,ok,,120,,0
Q00814,16,1,get_shipment,ZNTU4284050,2026-08-21T02:01:56.348Z,62,ok,,121,,0
Q00814,17,1,get_shipment,QVRU2410314,2026-08-21T02:01:57.178Z,63,ok,,121,,0
Q00814,18,1,get_shipment,ORBU3173581,2026-08-21T02:01:57.972Z,38,ok,,120,,0
Q00814,19,1,get_shipment,ORBU4610140,2026-08-21T02:01:58.767Z,64,ok,,119,,0
Q00814,20,1,get_shipment,ORBU5063658,2026-08-21T02:01:59.719Z,42,ok,,121,,0
Q00814,21,1,get_shipment,ORBU8479695,2026-08-21T02:02:00.701Z,65,ok,,120,,0
Q00814,22,1,carrier_track,ORBU8479695,2026-08-21T02:02:01.897Z,4309,ok,,120,0,0.004
Q00814,23,1,get_shipment,KSTU1017933,2026-08-21T02:02:07.561Z,70,ok,,120,,0
Q00814,24,1,get_shipment,CBTU4371885,2026-08-21T02:02:08.925Z,73,ok,,121,,0
Q00814,25,1,carrier_track,CBTU4371885,2026-08-21T02:02:10.403Z,2308,ok,,121,0,0.004
Q00816,1,1,search_docs,BK774147,2026-08-21T02:05:51.796Z,362,ok,,,,0
Q00817,1,1,search_docs,BK875813,2026-08-21T02:08:44.918Z,560,ok,,,,0
Q00818,1,1,get_shipment,QVRU6231591,2026-08-21T02:13:23.246Z,65,ok,,132,,0
Q00818,2,1,carrier_track,QVRU6231591,2026-08-21T02:13:24.193Z,2627,ok,,132,0,0.004
Q00819,1,1,get_shipment,KSTU7722368,2026-08-21T02:19:17.194Z,41,ok,,138,,0
Q00819,2,1,carrier_track,KSTU7722368,2026-08-21T02:19:18.353Z,3103,ok,,138,0,0.004
Q00820,1,1,get_shipment,KSTU5458176,2026-08-21T02:28:31.442Z,92,ok,,147,,0
Q00820,2,1,carrier_track,KSTU5458176,2026-08-21T02:28:32.415Z,3245,ok,,147,0,0.004
Q00821,1,1,get_shipment,QVRU5546975,2026-08-21T02:36:10.775Z,55,ok,,155,,0
Q00822,1,1,list_shipments,status=in_transit,2026-08-21T02:39:06.011Z,77,ok,2,,,0
Q00822,2,1,get_shipment,SNDU7152201,2026-08-21T02:39:06.946Z,109,ok,,157,,0
Q00822,3,1,get_shipment,SNDU6530860,2026-08-21T02:39:07.760Z,122,ok,,159,,0
Q00823,1,1,get_shipment,ORBU5989617,2026-08-21T02:39:55.890Z,77,ok,,159,,0
Q00825,1,1,get_shipment,QVRU7318605,2026-08-21T02:49:12.201Z,39,ok,,169,,0
Q00826,1,1,get_shipment,ZNTU5211866,2026-08-21T02:50:04.336Z,66,ok,,169,,0
Q00826,2,1,carrier_track,ZNTU5211866,2026-08-21T02:50:04.938Z,1937,ok,,169,0,0.004
Q00827,1,1,get_shipment,ZNTU4812784,2026-08-21T02:50:19.590Z,93,ok,,170,,0
Q00827,2,1,carrier_track,ZNTU4812784,2026-08-21T02:50:20.347Z,1709,ok,,170,0,0.004
Q00828,1,1,get_shipment,CBTU1568481,2026-08-21T02:51:26.370Z,60,ok,,170,,0
Q00829,1,1,search_docs,BK965138,2026-08-21T02:52:55.184Z,560,ok,,,,0
Q00829,2,1,get_shipment,BK965138,2026-08-21T02:52:56.573Z,79,ok,,171,,0
Q00830,1,1,search_docs,BK882396,2026-08-21T03:06:42.826Z,384,ok,,,,0
Q00831,1,1,get_shipment,CBTU4442978,2026-08-21T03:14:11.141Z,50,ok,,193,,0
Q00831,2,1,carrier_track,CBTU4442978,2026-08-21T03:14:11.962Z,2841,ok,,193,0,0.004
Q00832,1,1,get_shipment,ZNTU9156086,2026-08-21T03:14:14.837Z,110,ok,,193,,0
Q00832,2,1,carrier_track,ZNTU9156086,2026-08-21T03:14:16.027Z,2318,ok,,193,0,0.004
Q00833,1,1,get_shipment,ZNTU6824809,2026-08-21T03:17:10.466Z,42,ok,,197,,0
Q00833,2,1,carrier_track,ZNTU6824809,2026-08-21T03:17:10.988Z,1935,ok,,197,1,0.004
Q00834,1,1,get_shipment,CBTU7616393,2026-08-21T03:28:22.294Z,59,ok,,208,,0
Q00834,2,1,carrier_track,CBTU7616393,2026-08-21T03:28:23.391Z,1628,ok,,208,0,0.004
Q00835,1,1,search_docs,BK189422,2026-08-21T03:30:36.002Z,636,ok,,,,0
Q00836,1,1,search_docs,BK294523,2026-08-21T03:49:03.697Z,305,ok,,,,0
Q00837,1,1,search_docs,BK860006,2026-08-21T03:59:39.853Z,715,ok,,,,0
Q00838,1,1,get_shipment,ORBU5989617,2026-08-21T04:46:02.804Z,45,ok,,46,,0
Q00838,2,1,carrier_track,ORBU5989617,2026-08-21T04:46:03.615Z,2219,ok,,46,0,0.004
Q00839,1,1,get_shipment,ORBU1486206,2026-08-21T05:06:04.068Z,72,ok,,66,,0
Q00840,1,1,get_shipment,BK869499,2026-08-21T05:15:18.239Z,84,ok,,73,,0
Q00840,2,1,carrier_track,CBTU8201531,2026-08-21T05:15:19.034Z,1803,ok,,73,0,0.004
Q00841,1,1,get_shipment,BK657364,2026-08-21T05:33:02.263Z,48,ok,,91,,0
Q00841,2,1,carrier_track,ZNTU3128701,2026-08-21T05:33:02.962Z,2172,ok,,91,0,0.004
Q00842,1,1,get_shipment,ORBU3428539,2026-08-21T05:50:57.059Z,58,ok,,108,,0
Q00843,1,1,get_shipment,QVRU1257465,2026-08-21T05:54:55.174Z,56,ok,,114,,0
Q00844,1,1,get_shipment,QVRU9904024,2026-08-21T06:04:23.938Z,67,ok,,123,,0
Q00845,1,1,get_shipment,ORBU7490238,2026-08-21T06:13:47.207Z,81,ok,,133,,0
Q00845,2,1,carrier_track,ORBU7490238,2026-08-21T06:13:48.248Z,1976,ok,,133,0,0.004
Q00846,1,1,get_shipment,BK225559,2026-08-21T06:22:14.293Z,53,ok,,142,,0
Q00846,2,1,carrier_track,CBTU7616393,2026-08-21T06:22:15.520Z,1653,ok,,142,0,0.004
Q00847,1,1,get_shipment,SNDU1110843,2026-08-21T06:26:42.302Z,72,ok,,144,,0
Q00847,2,1,carrier_track,SNDU1110843,2026-08-21T06:26:43.457Z,2991,ok,,144,0,0.004
Q00849,1,1,get_shipment,SNDU4875947,2026-08-21T06:31:09.568Z,27,ok,,149,,0
Q00849,2,1,carrier_track,SNDU4875947,2026-08-21T06:31:10.480Z,3230,ok,,149,0,0.004
Q00850,1,1,get_shipment,BK517406,2026-08-21T06:39:41.408Z,59,ok,,157,,0
Q00850,2,1,carrier_track,SNDU7583025,2026-08-21T06:39:42.749Z,2501,ok,,157,0,0.004
Q00851,1,1,get_shipment,BK789857,2026-08-21T06:53:16.349Z,95,ok,,173,,0
Q00851,2,1,carrier_track,QVRU3761555,2026-08-21T06:53:17.087Z,1353,ok,,173,0,0.004
Q00852,1,1,get_shipment,QVRU3761555,2026-08-21T07:13:35.374Z,65,ok,,193,,0
Q00852,2,1,carrier_track,QVRU3761555,2026-08-21T07:13:36.148Z,2003,ok,,193,0,0.004
Q00853,1,1,get_shipment,ORBU8047636,2026-08-21T07:20:39.643Z,76,ok,,198,,0
Q00853,2,1,carrier_track,ORBU8047636,2026-08-21T07:20:40.772Z,1568,ok,,198,0,0.004
Q00854,1,1,get_shipment,ORBU1486206,2026-08-21T07:33:15.773Z,72,ok,,213,,0
Q00855,1,1,get_shipment,SNDU4342860,2026-08-21T07:45:38.596Z,35,ok,,225,,0
Q00855,2,1,carrier_track,SNDU4342860,2026-08-21T07:45:39.725Z,1911,ok,,225,1,0.004
Q00856,1,1,get_shipment,ZNTU5509258,2026-08-21T07:49:37.811Z,58,ok,,228,,0
Q00856,2,1,carrier_track,ZNTU5509258,2026-08-21T07:49:38.961Z,1218,ok,,228,0,0.004
Q00857,1,1,get_shipment,KSTU9535313,2026-08-21T08:19:46.643Z,63,ok,,19,,0
Q00857,2,1,carrier_track,KSTU9535313,2026-08-21T08:19:47.498Z,1463,ok,,19,0,0.004
Q00858,1,1,get_shipment,SNDU5956897,2026-08-21T08:37:43.593Z,48,ok,,37,,0
Q00858,2,1,carrier_track,SNDU5956897,2026-08-21T08:37:45.004Z,2329,ok,,37,0,0.004
Q00859,1,1,get_shipment,CBTU1568481,2026-08-21T08:44:52.257Z,63,ok,,43,,0
Q00859,2,1,carrier_track,CBTU1568481,2026-08-21T08:44:53.340Z,2289,ok,,43,0,0.004
Q00860,1,1,get_shipment,KSTU4209584,2026-08-21T08:45:37.119Z,73,ok,,44,,0
Q00860,2,1,carrier_track,KSTU4209584,2026-08-21T08:45:37.985Z,1472,ok,,44,0,0.004
Q00861,1,1,get_shipment,CBTU6866986,2026-08-21T08:51:36.280Z,44,ok,,51,,0
Q00861,2,1,carrier_track,CBTU6866986,2026-08-21T08:51:37.689Z,970,ok,,51,0,0.004
Q00862,1,1,get_shipment,KSTU9862688,2026-08-21T09:13:19.024Z,75,ok,,73,,0
Q00862,2,1,carrier_track,KSTU9862688,2026-08-21T09:13:19.995Z,1420,ok,,73,0,0.004
Q00863,1,1,get_shipment,SNDU4257491,2026-08-21T09:40:11.770Z,77,ok,,99,,0
Q00863,2,1,carrier_track,SNDU4257491,2026-08-21T09:40:12.908Z,1988,ok,,99,0,0.004
Q00864,1,1,get_shipment,SNDU6001115,2026-08-21T09:45:27.566Z,49,ok,,104,,0
Q00864,2,1,carrier_track,SNDU6001115,2026-08-21T09:45:28.439Z,1747,ok,,104,0,0.004
Q00865,1,1,search_docs,BK342620,2026-08-21T09:46:58.713Z,453,ok,,,,0
Q00865,2,1,search_docs,BK342620,2026-08-21T09:46:59.850Z,495,ok,,,,0
Q00866,1,1,search_docs,BK393148,2026-08-21T10:01:38.990Z,326,ok,,,,0
Q00867,1,1,search_docs,BK583069,2026-08-24T00:23:52.214Z,405,ok,,,,0
Q00868,1,1,get_shipment,SNDU2341639,2026-08-24T01:01:07.543Z,51,ok,,59,,0
Q00869,1,1,list_shipments,status=in_transit,2026-08-24T01:02:34.646Z,220,ok,101,,,0
Q00869,2,1,get_shipment,SNDU7583025,2026-08-24T01:02:36.119Z,57,ok,,60,,0
Q00869,3,1,get_shipment,SNDU2702289,2026-08-24T01:02:37.499Z,59,ok,,62,,0
Q00869,4,1,get_shipment,SNDU7312081,2026-08-24T01:02:38.270Z,72,ok,,60,,0
Q00869,5,1,get_shipment,SNDU7152201,2026-08-24T01:02:39.380Z,57,ok,,60,,0
Q00869,6,1,carrier_track,SNDU7152201,2026-08-24T01:02:40.091Z,3061,ok,,60,0,0.004
Q00869,7,1,get_shipment,SNDU6530860,2026-08-24T01:02:43.728Z,52,ok,,62,,0
Q00869,8,1,get_shipment,ZNTU6771478,2026-08-24T01:02:44.801Z,53,ok,,62,,0
Q00869,9,1,get_shipment,ZNTU2424708,2026-08-24T01:02:45.834Z,61,ok,,62,,0
Q00869,10,1,carrier_track,ZNTU2424708,2026-08-24T01:02:46.626Z,3211,ok,,62,0,0.004
Q00869,11,1,get_shipment,ZNTU6878862,2026-08-24T01:02:50.622Z,63,ok,,62,,0
Q00869,12,1,get_shipment,ORBU5351419,2026-08-24T01:02:51.414Z,34,ok,,60,,0
Q00869,13,1,carrier_track,ORBU5351419,2026-08-24T01:02:52.175Z,1717,ok,,60,0,0.004
Q00869,14,1,get_shipment,ORBU8686665,2026-08-24T01:02:54.661Z,78,ok,,61,,0
Q00869,15,1,get_shipment,SNDU9481774,2026-08-24T01:02:55.690Z,45,ok,,61,,0
Q00869,16,1,carrier_track,SNDU9481774,2026-08-24T01:02:56.577Z,2731,ok,,61,0,0.004
Q00869,17,1,get_shipment,SNDU9947044,2026-08-24T01:03:00.192Z,39,ok,,61,,0
Q00869,18,1,carrier_track,SNDU9947044,2026-08-24T01:03:01.064Z,3038,ok,,61,0,0.004
Q00869,19,1,get_shipment,KSTU7990009,2026-08-24T01:03:04.653Z,59,ok,,61,,0
Q00869,20,1,get_shipment,KSTU3708950,2026-08-24T01:03:05.532Z,69,ok,,62,,0
Q00869,21,1,carrier_track,KSTU3708950,2026-08-24T01:03:06.794Z,1614,ok,,62,0,0.004
Q00869,22,1,get_shipment,ZNTU4284050,2026-08-24T01:03:09.333Z,48,ok,,63,,0
Q00869,23,1,get_shipment,QVRU2410314,2026-08-24T01:03:10.209Z,63,ok,,63,,0
Q00869,24,1,get_shipment,ORBU3173581,2026-08-24T01:03:11.662Z,83,ok,,62,,0
Q00869,25,1,get_shipment,QVRU5511786,2026-08-24T01:03:12.897Z,59,ok,,63,,0
Q00870,1,1,list_shipments,status=in_transit,2026-08-24T01:02:42.143Z,107,ok,101,,,0
Q00870,2,1,get_shipment,SNDU7583025,2026-08-24T01:02:42.979Z,54,ok,,60,,0
Q00870,3,1,get_shipment,SNDU2702289,2026-08-24T01:02:44.092Z,84,ok,,62,,0
Q00870,4,1,carrier_track,SNDU2702289,2026-08-24T01:02:45.077Z,1380,ok,,62,0,0.004
Q00870,5,1,get_shipment,SNDU7312081,2026-08-24T01:02:47.199Z,43,ok,,60,,0
Q00870,6,1,get_shipment,SNDU7152201,2026-08-24T01:02:48.097Z,36,ok,,60,,0
Q00870,7,1,carrier_track,SNDU7152201,2026-08-24T01:02:48.834Z,3107,ok,,60,0,0.004
Q00870,8,1,get_shipment,SNDU6530860,2026-08-24T01:02:53.163Z,59,ok,,62,,0
Q00870,9,1,carrier_track,SNDU6530860,2026-08-24T01:02:54.047Z,2401,ok,,62,0,0.004
Q00870,10,1,get_shipment,ZNTU6771478,2026-08-24T01:02:57.516Z,57,ok,,62,,0
Q00870,11,1,carrier_track,ZNTU6771478,2026-08-24T01:02:58.505Z,1693,ok,,62,0,0.004
Q00870,12,1,get_shipment,ZNTU2424708,2026-08-24T01:03:01.020Z,86,ok,,63,,0
Q00870,13,1,get_shipment,ZNTU6878862,2026-08-24T01:03:02.105Z,73,ok,,63,,0
Q00870,14,1,get_shipment,ORBU5351419,2026-08-24T01:03:03.071Z,86,ok,,61,,0
Q00870,15,1,get_shipment,ORBU8686665,2026-08-24T01:03:04.193Z,86,ok,,62,,0
Q00870,16,1,carrier_track,ORBU8686665,2026-08-24T01:03:05.325Z,3484,ok,,62,0,0.004
Q00870,17,1,get_shipment,SNDU9481774,2026-08-24T01:03:09.852Z,56,ok,,62,,0
Q00870,18,1,carrier_track,SNDU9481774,2026-08-24T01:03:11.075Z,1598,ok,,62,0,0.004
Q00870,19,1,get_shipment,SNDU9947044,2026-08-24T01:03:13.900Z,75,ok,,61,,0
Q00870,20,1,get_shipment,KSTU7990009,2026-08-24T01:03:14.560Z,101,ok,,61,,0
Q00870,21,1,carrier_track,KSTU7990009,2026-08-24T01:03:15.666Z,1572,ok,,61,0,0.004
Q00870,22,1,get_shipment,KSTU3708950,2026-08-24T01:03:17.984Z,66,ok,,62,,0
Q00870,23,1,get_shipment,ZNTU4284050,2026-08-24T01:03:19.482Z,93,ok,,63,,0
Q00870,24,1,get_shipment,QVRU2410314,2026-08-24T01:03:20.746Z,32,ok,,63,,0
Q00870,25,1,carrier_track,QVRU2410314,2026-08-24T01:03:22.059Z,3123,ok,,63,0,0.004
Q00871,1,1,list_shipments,status=in_transit,2026-08-24T01:02:48.143Z,102,ok,101,,,0
Q00871,2,1,get_shipment,SNDU7583025,2026-08-24T01:02:49.121Z,52,ok,,60,,0
Q00871,3,1,carrier_track,SNDU7583025,2026-08-24T01:02:50.060Z,2829,ok,,60,0,0.004
Q00871,4,1,get_shipment,SNDU2702289,2026-08-24T01:02:53.468Z,54,ok,,62,,0
Q00871,5,1,get_shipment,SNDU7312081,2026-08-24T01:02:54.162Z,57,ok,,60,,0
Q00871,6,1,get_shipment,SNDU7152201,2026-08-24T01:02:55.021Z,49,ok,,60,,0
Q00871,7,1,get_shipment,SNDU6530860,2026-08-24T01:02:55.972Z,67,ok,,62,,0
Q00871,8,1,get_shipment,ZNTU6771478,2026-08-24T01:02:56.826Z,70,ok,,62,,0
Q00871,9,1,carrier_track,ZNTU6771478,2026-08-24T01:02:57.730Z,2837,ok,,62,0,0.004
Q00871,10,1,get_shipment,ZNTU2424708,2026-08-24T01:03:01.491Z,62,ok,,63,,0
Q00871,11,1,carrier_track,ZNTU2424708,2026-08-24T01:03:02.236Z,2381,ok,,63,0,0.004
Q00871,12,1,get_shipment,ZNTU6878862,2026-08-24T01:03:05.607Z,58,ok,,63,,0
Q00871,13,1,carrier_track,ZNTU6878862,2026-08-24T01:03:06.643Z,1446,ok,,63,0,0.004
Q00871,14,1,get_shipment,ORBU5351419,2026-08-24T01:03:09.416Z,45,ok,,61,,0
Q00871,15,1,get_shipment,ORBU8686665,2026-08-24T01:03:10.276Z,39,ok,,62,,0
Q00871,16,1,carrier_track,ORBU8686665,2026-08-24T01:03:11.145Z,2621,ok,,62,0,0.004
Q00871,17,1,get_shipment,SNDU9481774,2026-08-24T01:03:14.742Z,66,ok,,62,,0
Q00871,18,1,get_shipment,SNDU9947044,2026-08-24T01:03:15.423Z,50,ok,,61,,0
Q00871,19,1,get_shipment,KSTU7990009,2026-08-24T01:03:16.733Z,64,ok,,61,,0
Q00871,20,1,carrier_track,KSTU7990009,2026-08-24T01:03:17.590Z,4441,ok,,61,0,0.004
Q00871,21,1,get_shipment,KSTU3708950,2026-08-24T01:03:23.091Z,85,ok,,62,,0
Q00871,22,1,carrier_track,KSTU3708950,2026-08-24T01:03:24.207Z,2084,ok,,62,0,0.004
Q00871,23,1,get_shipment,ZNTU4284050,2026-08-24T01:03:27.362Z,68,ok,,63,,0
Q00871,24,1,carrier_track,ZNTU4284050,2026-08-24T01:03:28.640Z,3449,ok,,63,0,0.004
Q00871,25,1,get_shipment,QVRU2410314,2026-08-24T01:03:33.264Z,68,ok,,63,,0
Q00872,1,1,list_shipments,status=in_transit,2026-08-24T01:02:56.194Z,104,ok,101,,,0
Q00872,2,1,get_shipment,SNDU7583025,2026-08-24T01:02:57.011Z,71,ok,,60,,0
Q00872,3,1,get_shipment,SNDU2702289,2026-08-24T01:02:57.683Z,57,ok,,62,,0
Q00872,4,1,get_shipment,SNDU7312081,2026-08-24T01:02:58.653Z,77,ok,,60,,0
Q00872,5,1,carrier_track,SNDU7312081,2026-08-24T01:02:59.470Z,2280,ok,,60,0,0.004
Q00872,6,1,get_shipment,SNDU7152201,2026-08-24T01:03:02.554Z,74,ok,,61,,0
Q00872,7,1,carrier_track,SNDU7152201,2026-08-24T01:03:03.274Z,1372,ok,,61,0,0.004
Q00872,8,1,get_shipment,SNDU6530860,2026-08-24T01:03:05.457Z,34,ok,,63,,0
Q00872,9,1,carrier_track,SNDU6530860,2026-08-24T01:03:06.468Z,2384,ok,,63,0,0.004
Q00872,10,1,get_shipment,ZNTU6771478,2026-08-24T01:03:09.550Z,53,ok,,63,,0
Q00872,11,1,carrier_track,ZNTU6771478,2026-08-24T01:03:10.302Z,1109,ok,,63,0,0.004
Q00872,12,1,get_shipment,ZNTU2424708,2026-08-24T01:03:12.413Z,95,ok,,63,,0
Q00872,13,1,carrier_track,ZNTU2424708,2026-08-24T01:03:13.331Z,1985,ok,,63,0,0.004
Q00872,14,1,get_shipment,ZNTU6878862,2026-08-24T01:03:16.377Z,47,ok,,63,,0
Q00872,15,1,carrier_track,ZNTU6878862,2026-08-24T01:03:17.845Z,1867,ok,,63,0,0.004
Q00872,16,1,get_shipment,ORBU5351419,2026-08-24T01:03:20.467Z,52,ok,,61,,0
Q00872,17,1,carrier_track,ORBU5351419,2026-08-24T01:03:21.573Z,1946,ok,,61,0,0.004
Q00872,18,1,get_shipment,ORBU8686665,2026-08-24T01:03:24.689Z,64,ok,,62,,0
Q00872,19,1,carrier_track,ORBU8686665,2026-08-24T01:03:25.823Z,1195,ok,,62,0,0.004
Q00872,20,1,get_shipment,SNDU9481774,2026-08-24T01:03:28.019Z,60,ok,,62,,0
Q00872,21,1,carrier_track,SNDU9481774,2026-08-24T01:03:28.844Z,1969,ok,,62,1,0.004
Q00872,22,1,get_shipment,SNDU9947044,2026-08-24T01:03:31.655Z,55,ok,,61,,0
Q00872,23,1,carrier_track,SNDU9947044,2026-08-24T01:03:32.642Z,1628,ok,,61,0,0.004
Q00872,24,1,get_shipment,KSTU7990009,2026-08-24T01:03:35.523Z,54,ok,,61,,0
Q00872,25,1,carrier_track,KSTU7990009,2026-08-24T01:03:36.814Z,2836,ok,,61,0,0.004
Q00873,1,1,list_shipments,status=in_transit,2026-08-24T01:03:00.871Z,222,ok,101,,,0
Q00873,2,1,get_shipment,SNDU7583025,2026-08-24T01:03:01.852Z,79,ok,,61,,0
Q00873,3,1,get_shipment,SNDU2702289,2026-08-24T01:03:02.803Z,62,ok,,63,,0
Q00873,4,1,carrier_track,SNDU2702289,2026-08-24T01:03:03.632Z,1321,ok,,63,0,0.004
Q00873,5,1,get_shipment,SNDU7312081,2026-08-24T01:03:05.659Z,38,ok,,61,,0
Q00873,6,1,get_shipment,SNDU7152201,2026-08-24T01:03:06.515Z,59,ok,,61,,0
Q00873,7,1,carrier_track,SNDU7152201,2026-08-24T01:03:07.719Z,2368,ok,,61,0,0.004
Q00873,8,1,get_shipment,SNDU6530860,2026-08-24T01:03:10.987Z,38,ok,,63,,0
Q00873,9,1,carrier_track,SNDU6530860,2026-08-24T01:03:11.691Z,1847,ok,,63,0,0.004
Q00873,10,1,get_shipment,ZNTU6771478,2026-08-24T01:03:14.342Z,53,ok,,63,,0
Q00873,11,1,get_shipment,ZNTU2424708,2026-08-24T01:03:15.633Z,86,ok,,63,,0
Q00873,12,1,carrier_track,ZNTU2424708,2026-08-24T01:03:16.551Z,1583,ok,,63,0,0.004
Q00873,13,1,get_shipment,ZNTU6878862,2026-08-24T01:03:19.007Z,58,ok,,63,,0
Q00873,14,1,carrier_track,ZNTU6878862,2026-08-24T01:03:19.971Z,2280,ok,,63,0,0.004
Q00873,15,1,get_shipment,ORBU5351419,2026-08-24T01:03:22.886Z,55,ok,,61,,0
Q00873,16,1,carrier_track,ORBU5351419,2026-08-24T01:03:24.215Z,1976,ok,,61,0,0.004
Q00873,17,1,get_shipment,ORBU8686665,2026-08-24T01:03:26.968Z,68,ok,,62,,0
Q00873,18,1,carrier_track,ORBU8686665,2026-08-24T01:03:28.218Z,2768,ok,,62,0,0.004
Q00873,19,1,get_shipment,SNDU9481774,2026-08-24T01:03:31.792Z,75,ok,,62,,0
Q00873,20,1,get_shipment,SNDU9947044,2026-08-24T01:03:32.604Z,39,ok,,61,,0
Q00873,21,1,get_shipment,KSTU7990009,2026-08-24T01:03:33.618Z,34,ok,,61,,0
Q00873,22,1,get_shipment,KSTU3708950,2026-08-24T01:03:34.448Z,53,ok,,62,,0
Q00873,23,1,carrier_track,KSTU3708950,2026-08-24T01:03:35.867Z,3035,ok,,62,0,0.004
Q00873,24,1,get_shipment,ZNTU4284050,2026-08-24T01:03:39.608Z,51,ok,,63,,0
Q00873,25,1,carrier_track,ZNTU4284050,2026-08-24T01:03:40.382Z,3083,ok,,63,0,0.004
Q00874,1,1,list_shipments,status=in_transit,2026-08-24T01:03:06.470Z,129,ok,101,,,0
Q00874,2,1,get_shipment,SNDU7583025,2026-08-24T01:03:07.565Z,72,ok,,61,,0
Q00874,3,1,carrier_track,SNDU7583025,2026-08-24T01:03:08.345Z,4609,ok,,61,0,0.004
Q00874,4,1,get_shipment,SNDU2702289,2026-08-24T01:03:13.889Z,46,ok,,63,,0
Q00874,5,1,get_shipment,SNDU7312081,2026-08-24T01:03:14.982Z,50,ok,,61,,0
Q00874,6,1,carrier_track,SNDU7312081,2026-08-24T01:03:15.677Z,1617,ok,,61,0,0.004
Q00874,7,1,get_shipment,SNDU7152201,2026-08-24T01:03:18.839Z,107,ok,,61,,0
Q00874,8,1,carrier_track,SNDU7152201,2026-08-24T01:03:19.985Z,1077,ok,,61,0,0.004
Q00874,9,1,get_shipment,SNDU6530860,2026-08-24T01:03:22.267Z,77,ok,,63,,0
Q00874,10,1,carrier_track,SNDU6530860,2026-08-24T01:03:23.567Z,1968,ok,,63,0,0.004
Q00874,11,1,get_shipment,ZNTU6771478,2026-08-24T01:03:26.311Z,58,ok,,63,,0
Q00874,12,1,carrier_track,ZNTU6771478,2026-08-24T01:03:27.371Z,2223,ok,,63,0,0.004
Q00874,13,1,get_shipment,ZNTU2424708,2026-08-24T01:03:30.568Z,51,ok,,63,,0
Q00874,14,1,get_shipment,ZNTU6878862,2026-08-24T01:03:31.348Z,54,ok,,63,,0
Q00874,15,1,carrier_track,ZNTU6878862,2026-08-24T01:03:32.447Z,2527,ok,,63,0,0.004
Q00874,16,1,get_shipment,ORBU5351419,2026-08-24T01:03:35.972Z,63,ok,,61,,0
Q00874,17,1,carrier_track,ORBU5351419,2026-08-24T01:03:37.130Z,3270,ok,,61,0,0.004
Q00874,18,1,get_shipment,ORBU8686665,2026-08-24T01:03:41.245Z,63,ok,,62,,0
Q00874,19,1,carrier_track,ORBU8686665,2026-08-24T01:03:42.008Z,2497,ok,,62,0,0.004
Q00874,20,1,get_shipment,SNDU9481774,2026-08-24T01:03:45.711Z,57,ok,,62,,0
Q00874,21,1,carrier_track,SNDU9481774,2026-08-24T01:03:46.568Z,2382,ok,,62,0,0.004
Q00874,22,1,get_shipment,SNDU9947044,2026-08-24T01:03:49.876Z,52,ok,,61,,0
Q00874,23,1,carrier_track,SNDU9947044,2026-08-24T01:03:51.137Z,74,429,,,,0
Q00874,23,2,carrier_track,SNDU9947044,2026-08-24T01:03:51.512Z,75,429,,,,0
Q00874,23,3,carrier_track,SNDU9947044,2026-08-24T01:03:51.886Z,94,429,,,,0
Q00874,24,1,get_shipment,KSTU7990009,2026-08-24T01:03:53.177Z,104,ok,,61,,0
Q00874,25,1,carrier_track,KSTU7990009,2026-08-24T01:03:54.168Z,97,429,,,,0
Q00874,25,2,carrier_track,KSTU7990009,2026-08-24T01:03:54.565Z,85,429,,,,0
Q00874,25,3,carrier_track,KSTU7990009,2026-08-24T01:03:54.950Z,70,429,,,,0
Q00875,1,1,list_shipments,status=in_transit,2026-08-24T01:03:10.880Z,136,ok,101,,,0
Q00875,2,1,get_shipment,SNDU7583025,2026-08-24T01:03:11.830Z,50,ok,,61,,0
Q00875,3,1,get_shipment,SNDU2702289,2026-08-24T01:03:13.067Z,76,ok,,63,,0
Q00875,4,1,carrier_track,SNDU2702289,2026-08-24T01:03:14.154Z,2691,ok,,63,0,0.004
Q00875,5,1,get_shipment,SNDU7312081,2026-08-24T01:03:17.772Z,74,ok,,61,,0
Q00875,6,1,carrier_track,SNDU7312081,2026-08-24T01:03:18.769Z,1714,ok,,61,0,0.004
Q00875,7,1,get_shipment,SNDU7152201,2026-08-24T01:03:21.704Z,62,ok,,61,,0
Q00875,8,1,carrier_track,SNDU7152201,2026-08-24T01:03:22.432Z,3154,ok,,61,0,0.004
Q00875,9,1,get_shipment,SNDU6530860,2026-08-24T01:03:26.390Z,26,ok,,63,,0
Q00875,10,1,carrier_track,SNDU6530860,2026-08-24T01:03:27.467Z,1191,ok,,63,0,0.004
Q00875,11,1,get_shipment,ZNTU6771478,2026-08-24T01:03:29.417Z,57,ok,,63,,0
Q00875,12,1,carrier_track,ZNTU6771478,2026-08-24T01:03:30.038Z,1586,ok,,63,0,0.004
Q00875,13,1,get_shipment,ZNTU2424708,2026-08-24T01:03:32.386Z,58,ok,,63,,0
Q00875,14,1,carrier_track,ZNTU2424708,2026-08-24T01:03:33.407Z,1746,ok,,63,0,0.004
Q00875,15,1,get_shipment,ZNTU6878862,2026-08-24T01:03:36.191Z,38,ok,,63,,0
Q00875,16,1,get_shipment,ORBU5351419,2026-08-24T01:03:37.204Z,43,ok,,61,,0
Q00875,17,1,carrier_track,ORBU5351419,2026-08-24T01:03:38.276Z,1376,ok,,61,0,0.004
Q00875,18,1,get_shipment,ORBU8686665,2026-08-24T01:03:40.684Z,46,ok,,62,,0
Q00875,19,1,carrier_track,ORBU8686665,2026-08-24T01:03:41.569Z,2825,ok,,62,0,0.004
Q00875,20,1,get_shipment,SNDU9481774,2026-08-24T01:03:45.671Z,42,ok,,62,,0
Q00875,21,1,carrier_track,SNDU9481774,2026-08-24T01:03:46.525Z,2190,ok,,62,0,0.004
Q00875,22,1,get_shipment,SNDU9947044,2026-08-24T01:03:49.376Z,60,ok,,61,,0
Q00875,23,1,carrier_track,SNDU9947044,2026-08-24T01:03:50.053Z,90,429,,,,0
Q00875,23,2,carrier_track,SNDU9947044,2026-08-24T01:03:50.443Z,64,429,,,,0
Q00875,23,3,carrier_track,SNDU9947044,2026-08-24T01:03:50.806Z,67,429,,,,0
Q00875,24,1,get_shipment,KSTU7990009,2026-08-24T01:03:52.485Z,44,ok,,61,,0
Q00875,25,1,carrier_track,KSTU7990009,2026-08-24T01:03:53.580Z,79,429,,,,0
Q00875,25,2,carrier_track,KSTU7990009,2026-08-24T01:03:53.959Z,76,429,,,,0
Q00875,25,3,carrier_track,KSTU7990009,2026-08-24T01:03:54.335Z,85,429,,,,0
Q00876,1,1,list_shipments,status=in_transit,2026-08-24T01:03:16.340Z,156,ok,101,,,0
Q00876,2,1,get_shipment,SNDU7583025,2026-08-24T01:03:17.320Z,58,ok,,61,,0
Q00876,3,1,carrier_track,SNDU7583025,2026-08-24T01:03:18.329Z,1450,ok,,61,1,0.004
Q00876,4,1,get_shipment,SNDU2702289,2026-08-24T01:03:20.561Z,50,ok,,63,,0
Q00876,5,1,carrier_track,SNDU2702289,2026-08-24T01:03:21.610Z,2390,ok,,63,1,0.004
Q00876,6,1,get_shipment,SNDU7312081,2026-08-24T01:03:24.948Z,56,ok,,61,,0
Q00876,7,1,carrier_track,SNDU7312081,2026-08-24T01:03:25.862Z,1620,ok,,61,0,0.004
Q00876,8,1,get_shipment,SNDU7152201,2026-08-24T01:03:28.366Z,71,ok,,61,,0
Q00876,9,1,get_shipment,SNDU6530860,2026-08-24T01:03:29.481Z,62,ok,,63,,0
Q00876,10,1,get_shipment,ZNTU6771478,2026-08-24T01:03:30.503Z,49,ok,,63,,0
Q00876,11,1,carrier_track,ZNTU6771478,2026-08-24T01:03:31.310Z,1384,ok,,63,0,0.004
Q00876,12,1,get_shipment,ZNTU2424708,2026-08-24T01:03:33.631Z,38,ok,,63,,0
Q00876,13,1,get_shipment,ZNTU6878862,2026-08-24T01:03:34.422Z,59,ok,,63,,0
Q00876,14,1,get_shipment,ORBU5351419,2026-08-24T01:03:35.728Z,77,ok,,61,,0
Q00876,15,1,carrier_track,ORBU5351419,2026-08-24T01:03:36.691Z,2485,ok,,61,0,0.004
Q00876,16,1,get_shipment,ORBU8686665,2026-08-24T01:03:39.956Z,70,ok,,62,,0
Q00876,17,1,get_shipment,SNDU9481774,2026-08-24T01:03:40.943Z,124,ok,,62,,0
Q00876,18,1,get_shipment,SNDU9947044,2026-08-24T01:03:41.750Z,100,ok,,61,,0
Q00876,19,1,get_shipment,KSTU7990009,2026-08-24T01:03:42.993Z,82,ok,,61,,0
Q00876,20,1,get_shipment,KSTU3708950,2026-08-24T01:03:44.149Z,113,ok,,62,,0
Q00876,21,1,carrier_track,KSTU3708950,2026-08-24T01:03:45.228Z,1089,ok,,62,0,0.004
Q00876,22,1,get_shipment,ZNTU4284050,2026-08-24T01:03:47.490Z,47,ok,,63,,0
Q00876,23,1,carrier_track,ZNTU4284050,2026-08-24T01:03:48.728Z,75,429,,,,0
Q00876,23,2,carrier_track,ZNTU4284050,2026-08-24T01:03:49.103Z,74,429,,,,0
Q00876,23,3,carrier_track,ZNTU4284050,2026-08-24T01:03:49.476Z,73,429,,,,0
Q00876,24,1,get_shipment,QVRU2410314,2026-08-24T01:03:50.834Z,55,ok,,63,,0
Q00876,25,1,carrier_track,QVRU2410314,2026-08-24T01:03:52.150Z,60,429,,,,0
Q00876,25,2,carrier_track,QVRU2410314,2026-08-24T01:03:52.510Z,87,429,,,,0
Q00876,25,3,carrier_track,QVRU2410314,2026-08-24T01:03:52.898Z,100,429,,,,0
Q00877,1,1,list_shipments,status=at_origin,2026-08-24T01:03:23.776Z,141,ok,118,,,0
Q00877,2,1,get_shipment,ORBU6345416,2026-08-24T01:03:25.146Z,47,ok,,61,,0
Q00877,3,1,carrier_track,ORBU6345416,2026-08-24T01:03:25.889Z,2926,ok,,61,0,0.004
Q00877,4,1,get_shipment,CBTU1905850,2026-08-24T01:03:29.706Z,85,ok,,61,,0
Q00877,5,1,carrier_track,CBTU1905850,2026-08-24T01:03:30.676Z,2853,ok,,61,0,0.004
Q00877,6,1,get_shipment,CBTU5441883,2026-08-24T01:03:34.527Z,39,ok,,63,,0
Q00877,7,1,carrier_track,CBTU5441883,2026-08-24T01:03:35.231Z,1702,ok,,63,0,0.004
Q00877,8,1,get_shipment,SNDU6001115,2026-08-24T01:03:37.981Z,47,ok,,62,,0
Q00877,9,1,get_shipment,KSTU7722368,2026-08-24T01:03:38.768Z,64,ok,,62,,0
Q00877,10,1,carrier_track,KSTU7722368,2026-08-24T01:03:39.653Z,2144,ok,,62,0,0.004
Q00877,11,1,get_shipment,ORBU1486206,2026-08-24T01:03:42.763Z,64,ok,,63,,0
Q00877,12,1,get_shipment,CBTU6776075,2026-08-24T01:03:44.291Z,58,ok,,62,,0
Q00877,13,1,get_shipment,KSTU9097578,2026-08-24T01:03:45.388Z,31,ok,,63,,0
Q00877,14,1,carrier_track,KSTU9097578,2026-08-24T01:03:46.317Z,1391,ok,,63,0,0.004
Q00877,15,1,get_shipment,ZNTU4344024,2026-08-24T01:03:48.813Z,29,ok,,61,,0
Q00877,16,1,carrier_track,ZNTU4344024,2026-08-24T01:03:49.811Z,93,429,,,,0
Q00877,16,2,carrier_track,ZNTU4344024,2026-08-24T01:03:50.204Z,97,429,,,,0
Q00877,16,3,carrier_track,ZNTU4344024,2026-08-24T01:03:50.601Z,79,429,,,,0
Q00877,17,1,get_shipment,ORBU2455421,2026-08-24T01:03:52.603Z,83,ok,,62,,0
Q00877,18,1,carrier_track,ORBU2455421,2026-08-24T01:03:53.901Z,98,429,,,,0
Q00877,18,2,carrier_track,ORBU2455421,2026-08-24T01:03:54.299Z,65,429,,,,0
Q00877,18,3,carrier_track,ORBU2455421,2026-08-24T01:03:54.665Z,90,429,,,,0
Q00877,19,1,get_shipment,KSTU8807342,2026-08-24T01:03:56.315Z,78,ok,,61,,0
Q00877,20,1,get_shipment,CBTU2724228,2026-08-24T01:03:57.081Z,49,ok,,63,,0
Q00877,21,1,carrier_track,CBTU2724228,2026-08-24T01:03:57.776Z,80,429,,,,0
Q00877,21,2,carrier_track,CBTU2724228,2026-08-24T01:03:58.156Z,97,429,,,,0
Q00877,21,3,carrier_track,CBTU2724228,2026-08-24T01:03:58.553Z,64,429,,,,0
Q00877,22,1,get_shipment,KSTU1065976,2026-08-24T01:03:59.812Z,55,ok,,62,,0
Q00877,23,1,get_shipment,SNDU9094788,2026-08-24T01:04:00.841Z,82,ok,,64,,0
Q00877,24,1,carrier_track,SNDU9094788,2026-08-24T01:04:01.856Z,2083,ok,,64,0,0.004
Q00877,25,1,get_shipment,SNDU1467509,2026-08-24T01:04:04.863Z,42,ok,,63,,0
Q00880,1,1,list_shipments,status=in_transit,2026-08-24T01:03:46.235Z,107,ok,101,,,0
Q00880,2,1,get_shipment,SNDU7583025,2026-08-24T01:03:47.037Z,104,ok,,61,,0
Q00880,3,1,get_shipment,SNDU2702289,2026-08-24T01:03:48.302Z,48,ok,,63,,0
Q00880,4,1,carrier_track,SNDU2702289,2026-08-24T01:03:49.446Z,65,429,,,,0
Q00880,4,2,carrier_track,SNDU2702289,2026-08-24T01:03:49.811Z,96,429,,,,0
Q00880,4,3,carrier_track,SNDU2702289,2026-08-24T01:03:50.207Z,70,429,,,,0
Q00880,5,1,get_shipment,SNDU7312081,2026-08-24T01:03:51.206Z,82,ok,,61,,0
Q00880,6,1,get_shipment,SNDU7152201,2026-08-24T01:03:52.210Z,52,ok,,61,,0
Q00880,7,1,carrier_track,SNDU7152201,2026-08-24T01:03:52.988Z,74,429,,,,0
Q00880,7,2,carrier_track,SNDU7152201,2026-08-24T01:03:53.363Z,77,429,,,,0
Q00880,7,3,carrier_track,SNDU7152201,2026-08-24T01:03:53.740Z,72,429,,,,0
Q00880,8,1,get_shipment,SNDU6530860,2026-08-24T01:03:54.896Z,69,ok,,63,,0
Q00880,9,1,carrier_track,SNDU6530860,2026-08-24T01:03:55.485Z,61,429,,,,0
Q00880,9,2,carrier_track,SNDU6530860,2026-08-24T01:03:55.846Z,82,429,,,,0
Q00880,9,3,carrier_track,SNDU6530860,2026-08-24T01:03:56.228Z,73,429,,,,0
Q00880,10,1,get_shipment,ZNTU6771478,2026-08-24T01:03:57.423Z,66,ok,,63,,0
Q00880,11,1,carrier_track,ZNTU6771478,2026-08-24T01:03:58.410Z,83,429,,,,0
Q00880,11,2,carrier_track,ZNTU6771478,2026-08-24T01:03:58.793Z,98,429,,,,0
Q00880,11,3,carrier_track,ZNTU6771478,2026-08-24T01:03:59.191Z,75,429,,,,0
Q00880,12,1,get_shipment,ZNTU2424708,2026-08-24T01:04:00.486Z,41,ok,,64,,0
Q00880,13,1,carrier_track,ZNTU2424708,2026-08-24T01:04:02.116Z,1243,ok,,64,0,0.004
Q00880,14,1,get_shipment,ZNTU6878862,2026-08-24T01:04:04.216Z,78,ok,,64,,0
Q00880,15,1,get_shipment,ORBU5351419,2026-08-24T01:04:05.107Z,58,ok,,62,,0
Q00880,16,1,get_shipment,ORBU8686665,2026-08-24T01:04:05.815Z,44,ok,,63,,0
Q00880,17,1,get_shipment,SNDU9481774,2026-08-24T01:04:07.336Z,50,ok,,63,,0
Q00880,18,1,get_shipment,SNDU9947044,2026-08-24T01:04:08.445Z,49,ok,,62,,0
Q00880,19,1,get_shipment,KSTU7990009,2026-08-24T01:04:09.184Z,48,ok,,62,,0
Q00880,20,1,get_shipment,KSTU3708950,2026-08-24T01:04:10.040Z,67,ok,,63,,0
Q00880,21,1,carrier_track,KSTU3708950,2026-08-24T01:04:11.088Z,3951,ok,,63,0,0.004
Q00880,22,1,get_shipment,ZNTU4284050,2026-08-24T01:04:15.953Z,91,ok,,64,,0
Q00880,23,1,get_shipment,QVRU2410314,2026-08-24T01:04:16.972Z,91,ok,,64,,0
Q00880,24,1,get_shipment,ORBU3173581,2026-08-24T01:04:18.315Z,69,ok,,63,,0
Q00880,25,1,carrier_track,ORBU3173581,2026-08-24T01:04:19.598Z,2013,ok,,63,0,0.004
Q00886,1,1,get_shipment,ZNTU6052542,2026-08-24T01:12:23.092Z,138,ok,,71,,0
Q00886,2,1,carrier_track,ZNTU6052542,2026-08-24T01:12:23.975Z,1517,ok,,71,0,0.004
Q00888,1,1,get_shipment,ORBU8700252,2026-08-24T01:29:03.280Z,57,ok,,88,,0
Q00888,2,1,carrier_track,ORBU8700252,2026-08-24T01:29:04.544Z,3064,ok,,88,0,0.004
Q00889,1,1,get_shipment,SNDU6752099,2026-08-24T01:33:52.393Z,49,ok,,91,,0
Q00890,1,1,get_shipment,SNDU4257491,2026-08-24T01:43:05.963Z,68,ok,,102,,0
Q00890,2,1,carrier_track,SNDU4257491,2026-08-24T01:43:07.092Z,2379,ok,,102,0,0.004
Q00891,1,1,get_shipment,ORBU7490238,2026-08-24T01:46:06.859Z,70,ok,,106,,0
Q00891,2,1,carrier_track,ORBU7490238,2026-08-24T01:46:07.624Z,1661,ok,,106,1,0.004
Q00893,1,1,get_shipment,SNDU5355235,2026-08-24T02:02:52.698Z,46,ok,,121,,0
Q00893,2,1,carrier_track,SNDU5355235,2026-08-24T02:02:53.369Z,2203,ok,,121,0,0.004
Q00894,1,1,search_docs,BK320030,2026-08-24T02:15:52.232Z,434,ok,,,,0
Q00895,1,1,search_docs,BK556049,2026-08-24T02:19:11.002Z,704,ok,,,,0
Q00896,1,1,get_shipment,CBTU8562502,2026-08-24T02:19:26.848Z,63,ok,,138,,0
Q00897,1,1,get_shipment,CBTU8950025,2026-08-24T02:21:12.994Z,72,ok,,141,,0
Q00897,2,1,carrier_track,CBTU8950025,2026-08-24T02:21:14.071Z,1954,ok,,141,0,0.004
Q00898,1,1,get_shipment,KSTU9862688,2026-08-24T02:34:28.071Z,58,ok,,154,,0
Q00899,1,1,get_shipment,QVRU8335233,2026-08-24T02:40:47.391Z,56,ok,,160,,0
Q00899,2,1,carrier_track,QVRU8335233,2026-08-24T02:40:48.113Z,1634,ok,,160,0,0.004
Q00900,1,1,get_shipment,CBTU8981517,2026-08-24T02:43:01.540Z,55,ok,,162,,0
Q00900,2,1,carrier_track,CBTU8981517,2026-08-24T02:43:02.420Z,2221,ok,,162,0,0.004
Q00901,1,1,get_shipment,KSTU7143536,2026-08-24T02:53:12.723Z,89,ok,,172,,0
Q00902,1,1,get_shipment,SNDU4875947,2026-08-24T02:59:05.725Z,49,ok,,177,,0
Q00904,1,1,get_shipment,ZNTU2305306,2026-08-24T03:40:59.828Z,67,ok,,220,,0
Q00904,2,1,carrier_track,ZNTU2305306,2026-08-24T03:41:00.803Z,2577,ok,,221,0,0.004
Q00905,1,1,get_shipment,ZNTU3128701,2026-08-24T04:13:29.393Z,47,ok,,11,,0
Q00905,2,1,carrier_track,ZNTU3128701,2026-08-24T04:13:30.090Z,1839,ok,,11,0,0.004
Q00906,1,1,get_shipment,ZNTU9156086,2026-08-24T04:13:57.968Z,35,ok,,12,,0
Q00906,2,1,carrier_track,ZNTU9156086,2026-08-24T04:13:58.989Z,6643,ok,,12,0,0.004
Q00907,1,1,search_docs,BK536674,2026-08-24T04:28:26.474Z,578,ok,,,,0
Q00907,2,1,get_shipment,BK536674,2026-08-24T04:28:28.045Z,80,ok,,27,,0
Q00908,1,1,search_docs,BK751323,2026-08-24T04:30:02.861Z,632,ok,,,,0
Q00908,2,1,search_docs,BK751323,2026-08-24T04:30:04.015Z,356,ok,,,,0
Q00911,1,1,get_shipment,KSTU7143536,2026-08-24T05:31:48.015Z,44,ok,,90,,0
Q00912,1,1,get_shipment,ORBU1677159,2026-08-24T05:34:56.862Z,61,ok,,92,,0
Q00912,2,1,carrier_track,ORBU1677159,2026-08-24T05:34:57.816Z,3387,ok,,92,0,0.004
Q00913,1,1,get_shipment,CBTU1568481,2026-08-24T05:51:48.253Z,71,ok,,110,,0
Q00913,2,1,carrier_track,CBTU1568481,2026-08-24T05:51:49.314Z,2151,ok,,110,0,0.004
Q00914,1,1,get_shipment,ZNTU1486729,2026-08-24T06:00:22.485Z,81,ok,,118,,0
Q00914,2,1,carrier_track,ZNTU1486729,2026-08-24T06:00:23.381Z,2130,ok,,118,0,0.004
Q00915,1,1,search_docs,BK859822,2026-08-24T06:01:30.321Z,341,ok,,,,0
Q00916,1,1,get_shipment,BK595120,2026-08-24T06:04:47.123Z,45,ok,,123,,0
Q00917,1,1,get_shipment,CBTU2724228,2026-08-24T06:07:14.406Z,94,ok,,127,,0
Q00917,2,1,carrier_track,CBTU2724228,2026-08-24T06:07:15.263Z,2389,ok,,127,0,0.004
Q00918,1,1,search_docs,BK840633,2026-08-24T06:08:32.568Z,561,ok,,,,0
Q00920,1,1,get_shipment,ZNTU6052542,2026-08-24T06:17:20.347Z,69,ok,,136,,0
Q00920,2,1,carrier_track,ZNTU6052542,2026-08-24T06:17:21.436Z,1573,ok,,136,0,0.004
Q00921,1,1,get_shipment,BK331171,2026-08-24T06:49:42.762Z,46,ok,,168,,0
Q00921,2,1,carrier_track,ORBU2351205,2026-08-24T06:49:43.847Z,1552,ok,,168,0,0.004
Q00925,1,1,search_docs,BK275156,2026-08-24T08:49:09.318Z,569,ok,,,,0
Q00926,1,1,get_shipment,BK751323,2026-08-24T08:54:45.032Z,79,ok,,54,,0
Q00926,2,1,carrier_track,CBTU6107272,2026-08-24T08:54:45.729Z,2563,ok,,54,0,0.004
Q00927,1,1,get_shipment,SNDU5956897,2026-08-24T09:12:25.938Z,44,ok,,72,,0
Q00928,1,1,search_docs,BK507205,2026-08-24T09:26:14.366Z,557,ok,,,,0
Q00929,1,1,get_shipment,QVRU2825241,2026-08-24T09:28:42.320Z,57,ok,,88,,0
Q00929,2,1,carrier_track,QVRU2825241,2026-08-24T09:28:43.125Z,2609,ok,,88,0,0.004
Q00930,1,1,get_shipment,ZNTU5509258,2026-08-24T09:35:41.557Z,61,ok,,94,,0
Q00930,2,1,carrier_track,ZNTU5509258,2026-08-24T09:35:42.328Z,1983,ok,,94,0,0.004
Q00931,1,1,get_shipment,SNDU3452752,2026-08-24T09:59:07.091Z,81,ok,,119,,0
Q00931,2,1,carrier_track,SNDU3452752,2026-08-24T09:59:07.952Z,2082,ok,,119,0,0.004
Q00932,1,1,get_shipment,ORBU4199138,2026-08-25T01:08:47.929Z,44,ok,,67,,0
Q00932,2,1,carrier_track,ORBU4199138,2026-08-25T01:08:48.528Z,2206,ok,,67,0,0.004
Q00934,1,1,get_shipment,SNDU4326756,2026-08-25T01:19:40.870Z,56,ok,,77,,0
Q00934,2,1,carrier_track,SNDU4326756,2026-08-25T01:19:41.844Z,2618,ok,,77,0,0.004
Q00935,1,1,get_shipment,QVRU5398524,2026-08-25T01:27:50.049Z,72,ok,,86,,0
Q00935,2,1,carrier_track,QVRU5398524,2026-08-25T01:27:50.894Z,1540,ok,,86,1,0.004
Q00936,1,1,search_docs,BK189225,2026-08-25T01:28:54.333Z,569,ok,,,,0
Q00937,1,1,get_shipment,ZNTU3342033,2026-08-25T01:30:49.940Z,65,ok,,89,,0
Q00938,1,1,get_shipment,QVRU1671945,2026-08-25T01:47:13.811Z,42,ok,,105,,0
Q00939,1,1,get_shipment,SNDU1269773,2026-08-25T01:51:58.946Z,92,ok,,109,,0
Q00939,2,1,carrier_track,SNDU1269773,2026-08-25T01:52:00.042Z,2133,ok,,110,1,0.004
Q00940,1,1,get_shipment,KSTU8939294,2026-08-25T01:52:09.423Z,80,ok,,111,,0
Q00940,2,1,carrier_track,KSTU8939294,2026-08-25T01:52:10.508Z,2500,ok,,111,0,0.004
Q00941,1,1,get_shipment,ZNTU3013959,2026-08-25T01:53:17.030Z,84,ok,,112,,0
Q00942,1,1,get_shipment,QVRU8082166,2026-08-25T01:53:56.458Z,48,ok,,112,,0
Q00943,1,1,get_shipment,QVRU9513238,2026-08-25T01:59:53.192Z,49,ok,,117,,0
Q00943,2,1,carrier_track,QVRU9513238,2026-08-25T01:59:54.294Z,1782,ok,,117,0,0.004
Q00944,1,1,get_shipment,QVRU7892111,2026-08-25T02:21:49.342Z,56,ok,,141,,0
Q00944,2,1,carrier_track,QVRU7892111,2026-08-25T02:21:50.462Z,1509,ok,,141,0,0.004
Q00945,1,1,list_shipments,status=at_origin,2026-08-25T02:22:11.868Z,173,ok,113,,,0
Q00945,2,1,get_shipment,ORBU6345416,2026-08-25T02:22:12.956Z,60,ok,,140,,0
Q00945,3,1,carrier_track,ORBU6345416,2026-08-25T02:22:14.054Z,2420,ok,,140,0,0.004
Q00945,4,1,get_shipment,CBTU1905850,2026-08-25T02:22:17.347Z,76,ok,,140,,0
Q00945,5,1,carrier_track,CBTU1905850,2026-08-25T02:22:18.631Z,1643,ok,,140,0,0.004
Q00945,6,1,get_shipment,CBTU5441883,2026-08-25T02:22:20.812Z,69,ok,,142,,0
Q00945,7,1,carrier_track,CBTU5441883,2026-08-25T02:22:21.968Z,3710,ok,,142,0,0.004
Q00945,8,1,get_shipment,SNDU6001115,2026-08-25T02:22:26.892Z,31,ok,,141,,0
Q00945,9,1,get_shipment,KSTU7722368,2026-08-25T02:22:27.877Z,46,ok,,141,,0
Q00945,10,1,get_shipment,ORBU1486206,2026-08-25T02:22:28.979Z,96,ok,,142,,0
Q00945,11,1,carrier_track,ORBU1486206,2026-08-25T02:22:29.953Z,2040,ok,,142,0,0.004
Q00945,12,1,get_shipment,CBTU6776075,2026-08-25T02:22:32.973Z,93,ok,,141,,0
Q00945,13,1,carrier_track,CBTU6776075,2026-08-25T02:22:33.775Z,2108,ok,,141,0,0.004
Q00945,14,1,get_shipment,KSTU9097578,2026-08-25T02:22:36.771Z,63,ok,,142,,0
Q00945,15,1,carrier_track,KSTU9097578,2026-08-25T02:22:37.838Z,1449,ok,,142,0,0.004
Q00945,16,1,get_shipment,ZNTU4344024,2026-08-25T02:22:40.326Z,45,ok,,140,,0
Q00945,17,1,carrier_track,ZNTU4344024,2026-08-25T02:22:41.450Z,2060,ok,,140,0,0.004
Q00945,18,1,get_shipment,ORBU2455421,2026-08-25T02:22:44.482Z,72,ok,,141,,0
Q00945,19,1,carrier_track,ORBU2455421,2026-08-25T02:22:45.354Z,2165,ok,,141,0,0.004
Q00945,20,1,get_shipment,CBTU2724228,2026-08-25T02:22:48.502Z,37,ok,,142,,0
Q00945,21,1,carrier_track,CBTU2724228,2026-08-25T02:22:49.822Z,2467,ok,,142,0,0.004
Q00945,22,1,get_shipment,KSTU1065976,2026-08-25T02:22:53.074Z,60,ok,,141,,0
Q00945,23,1,get_shipment,SNDU9094788,2026-08-25T02:22:54.432Z,87,ok,,142,,0
Q00945,24,1,carrier_track,SNDU9094788,2026-08-25T02:22:55.517Z,1803,ok,,142,0,0.004
Q00945,25,1,get_shipment,SNDU1467509,2026-08-25T02:22:58.282Z,50,ok,,141,,0
Q00947,1,1,search_docs,BK101432,2026-08-25T02:25:14.320Z,654,ok,,,,0
Q00948,1,1,get_shipment,QVRU4249869,2026-08-25T02:30:32.798Z,64,ok,,150,,0
Q00948,2,1,carrier_track,QVRU4249869,2026-08-25T02:30:33.771Z,1242,ok,,150,0,0.004
Q00949,1,1,get_shipment,KSTU3708950,2026-08-25T02:46:19.682Z,125,ok,,165,,0
Q00949,2,1,carrier_track,KSTU3708950,2026-08-25T02:46:20.590Z,1573,ok,,165,0,0.004
Q00950,1,1,list_shipments,status=in_transit,2026-08-25T02:48:46.124Z,73,ok,102,,,0
Q00950,2,1,get_shipment,SNDU7583025,2026-08-25T02:48:46.850Z,59,ok,,166,,0
Q00950,3,1,get_shipment,SNDU2702289,2026-08-25T02:48:47.909Z,61,ok,,168,,0
Q00950,4,1,get_shipment,SNDU7312081,2026-08-25T02:48:48.797Z,49,ok,,166,,0
Q00950,5,1,carrier_track,SNDU7312081,2026-08-25T02:48:49.576Z,2815,ok,,166,0,0.004
Q00950,6,1,get_shipment,SNDU6530860,2026-08-25T02:48:53.354Z,78,ok,,168,,0
Q00950,7,1,get_shipment,ZNTU6771478,2026-08-25T02:48:54.112Z,61,ok,,168,,0
Q00950,8,1,get_shipment,ZNTU2424708,2026-08-25T02:48:54.931Z,78,ok,,168,,0
Q00950,9,1,carrier_track,ZNTU2424708,2026-08-25T02:48:55.691Z,1550,ok,,168,0,0.004
Q00950,10,1,get_shipment,KSTU8807342,2026-08-25T02:48:58.146Z,96,ok,,166,,0
Q00950,11,1,carrier_track,KSTU8807342,2026-08-25T02:48:59.130Z,2484,ok,,166,0,0.004
Q00950,12,1,get_shipment,ZNTU6878862,2026-08-25T02:49:02.574Z,57,ok,,169,,0
Q00950,13,1,carrier_track,ZNTU6878862,2026-08-25T02:49:03.542Z,2747,ok,,169,0,0.004
Q00950,14,1,get_shipment,ORBU5351419,2026-08-25T02:49:07.249Z,67,ok,,167,,0
Q00950,15,1,carrier_track,ORBU5351419,2026-08-25T02:49:08.248Z,2085,ok,,167,0,0.004
Q00950,16,1,get_shipment,ORBU8686665,2026-08-25T02:49:11.319Z,64,ok,,168,,0
Q00950,17,1,get_shipment,SNDU9481774,2026-08-25T02:49:12.612Z,47,ok,,168,,0
Q00950,18,1,carrier_track,SNDU9481774,2026-08-25T02:49:13.229Z,2811,ok,,168,0,0.004
Q00950,19,1,get_shipment,SNDU9947044,2026-08-25T02:49:17.009Z,83,ok,,167,,0
Q00950,20,1,carrier_track,SNDU9947044,2026-08-25T02:49:17.901Z,1601,ok,,167,0,0.004
Q00950,21,1,get_shipment,KSTU7990009,2026-08-25T02:49:20.170Z,54,ok,,167,,0
Q00950,22,1,get_shipment,KSTU3708950,2026-08-25T02:49:21.117Z,45,ok,,168,,0
Q00950,23,1,get_shipment,ZNTU4284050,2026-08-25T02:49:22.258Z,72,ok,,169,,0
Q00950,24,1,carrier_track,ZNTU4284050,2026-08-25T02:49:22.991Z,1749,ok,,169,0,0.004
Q00950,25,1,get_shipment,QVRU2410314,2026-08-25T02:49:26.023Z,78,ok,,169,,0
Q00952,1,1,list_shipments,status=in_transit,2026-08-25T02:54:23.810Z,86,ok,102,,,0
Q00952,2,1,get_shipment,SNDU7583025,2026-08-25T02:54:24.837Z,53,ok,,172,,0
Q00952,3,1,get_shipment,SNDU2702289,2026-08-25T02:54:26.252Z,91,ok,,174,,0
Q00952,4,1,get_shipment,SNDU7312081,2026-08-25T02:54:27.140Z,54,ok,,172,,0
Q00952,5,1,carrier_track,SNDU7312081,2026-08-25T02:54:27.757Z,1744,ok,,172,0,0.004
Q00952,6,1,get_shipment,SNDU6530860,2026-08-25T02:54:30.281Z,88,ok,,174,,0
Q00952,7,1,get_shipment,ZNTU6771478,2026-08-25T02:54:31.498Z,66,ok,,174,,0
Q00952,8,1,get_shipment,ZNTU2424708,2026-08-25T02:54:32.241Z,48,ok,,174,,0
Q00952,9,1,get_shipment,KSTU8807342,2026-08-25T02:54:33.678Z,92,ok,,172,,0
Q00952,10,1,carrier_track,KSTU8807342,2026-08-25T02:54:34.319Z,1696,ok,,172,0,0.004
Q00952,11,1,get_shipment,ZNTU6878862,2026-08-25T02:54:37.323Z,93,ok,,174,,0
Q00952,12,1,get_shipment,ORBU5351419,2026-08-25T02:54:38.467Z,54,ok,,172,,0
Q00952,13,1,get_shipment,ORBU8686665,2026-08-25T02:54:39.392Z,78,ok,,173,,0
Q00952,14,1,carrier_track,ORBU8686665,2026-08-25T02:54:40.328Z,1210,ok,,173,1,0.004
Q00952,15,1,get_shipment,SNDU9481774,2026-08-25T02:54:42.216Z,43,ok,,173,,0
Q00952,16,1,get_shipment,SNDU9947044,2026-08-25T02:54:43.533Z,73,ok,,172,,0
Q00952,17,1,carrier_track,SNDU9947044,2026-08-25T02:54:44.774Z,1345,ok,,172,0,0.004
Q00952,18,1,get_shipment,KSTU7990009,2026-08-25T02:54:46.735Z,42,ok,,172,,0
Q00952,19,1,get_shipment,KSTU3708950,2026-08-25T02:54:47.585Z,105,ok,,173,,0
Q00952,20,1,get_shipment,ZNTU4284050,2026-08-25T02:54:48.512Z,74,ok,,174,,0
Q00952,21,1,carrier_track,ZNTU4284050,2026-08-25T02:54:49.543Z,2809,ok,,174,0,0.004
Q00952,22,1,get_shipment,QVRU2410314,2026-08-25T02:54:53.424Z,29,ok,,174,,0
Q00952,23,1,get_shipment,ORBU3173581,2026-08-25T02:54:54.391Z,84,ok,,173,,0
Q00952,24,1,carrier_track,ORBU3173581,2026-08-25T02:54:55.802Z,2105,ok,,173,0,0.004
Q00952,25,1,get_shipment,QVRU5511786,2026-08-25T02:54:59.192Z,48,ok,,174,,0
Q00955,1,1,get_shipment,BK775797,2026-08-25T03:02:36.143Z,64,ok,,180,,0
Q00955,2,1,carrier_track,ZNTU3324861,2026-08-25T03:02:36.782Z,2213,ok,,180,0,0.004
Q00956,1,1,search_docs,BK231988,2026-08-25T03:02:47.673Z,678,ok,,,,0
Q00957,1,1,get_shipment,BK597584,2026-08-25T03:21:42.804Z,67,ok,,201,,0
Q00957,2,1,carrier_track,ORBU6726255,2026-08-25T03:21:43.769Z,2329,ok,,201,0,0.004
Q00958,1,1,get_shipment,CBTU4231219,2026-08-25T03:33:09.070Z,47,ok,,211,,0
Q00958,2,1,carrier_track,CBTU4231219,2026-08-25T03:33:09.963Z,3185,ok,,211,0,0.004
Q00959,1,1,search_docs,BK278647,2026-08-25T03:42:03.353Z,406,ok,,,,0
Q00960,1,1,get_shipment,ORBU8695218,2026-08-25T04:01:06.035Z,56,ok,,239,,0
Q00960,2,1,carrier_track,ORBU8695218,2026-08-25T04:01:06.816Z,2354,ok,,239,0,0.004
Q00961,1,1,get_shipment,SNDU5355235,2026-08-25T04:06:16.574Z,67,ok,,5,,0
Q00961,2,1,carrier_track,SNDU5355235,2026-08-25T04:06:17.414Z,1825,ok,,5,0,0.004
Q00962,1,1,search_docs,BK103798,2026-08-25T04:10:59.847Z,310,ok,,,,0
Q00963,1,1,search_docs,BK100187,2026-08-25T04:19:36.279Z,544,ok,,,,0
Q00963,2,1,search_docs,BK100187,2026-08-25T04:19:37.917Z,401,ok,,,,0
Q00964,1,1,list_shipments,status=in_transit,2026-08-25T04:32:43.993Z,107,ok,102,,,0
Q00964,2,1,get_shipment,SNDU7583025,2026-08-25T04:32:44.816Z,63,ok,,30,,0
Q00964,3,1,carrier_track,SNDU7583025,2026-08-25T04:32:45.578Z,1782,ok,,30,0,0.004
Q00964,4,1,get_shipment,SNDU2702289,2026-08-25T04:32:48.182Z,97,ok,,32,,0
Q00964,5,1,get_shipment,SNDU7312081,2026-08-25T04:32:49.307Z,74,ok,,30,,0
Q00964,6,1,get_shipment,SNDU6530860,2026-08-25T04:32:50.166Z,71,ok,,32,,0
Q00964,7,1,carrier_track,SNDU6530860,2026-08-25T04:32:51.091Z,2118,ok,,32,0,0.004
Q00964,8,1,get_shipment,ZNTU6771478,2026-08-25T04:32:53.871Z,88,ok,,32,,0
Q00964,9,1,get_shipment,ZNTU2424708,2026-08-25T04:32:54.784Z,56,ok,,32,,0
Q00964,10,1,get_shipment,KSTU8807342,2026-08-25T04:32:55.826Z,54,ok,,30,,0
Q00964,11,1,carrier_track,KSTU8807342,2026-08-25T04:32:56.862Z,2140,ok,,30,0,0.004
Q00964,12,1,get_shipment,ZNTU6878862,2026-08-25T04:33:00.265Z,80,ok,,33,,0
Q00964,13,1,carrier_track,ZNTU6878862,2026-08-25T04:33:01.166Z,2871,ok,,33,0,0.004
Q00964,14,1,get_shipment,ORBU5351419,2026-08-25T04:33:04.934Z,37,ok,,31,,0
Q00964,15,1,get_shipment,ORBU8686665,2026-08-25T04:33:05.649Z,79,ok,,32,,0
Q00964,16,1,carrier_track,ORBU8686665,2026-08-25T04:33:07.108Z,1211,ok,,32,0,0.004
Q00964,17,1,get_shipment,SNDU9481774,2026-08-25T04:33:09.502Z,50,ok,,32,,0
Q00964,18,1,carrier_track,SNDU9481774,2026-08-25T04:33:10.544Z,1830,ok,,32,0,0.004
Q00964,19,1,get_shipment,SNDU9947044,2026-08-25T04:33:13.385Z,43,ok,,31,,0
Q00964,20,1,get_shipment,KSTU7990009,2026-08-25T04:33:14.019Z,60,ok,,31,,0
Q00964,21,1,get_shipment,KSTU3708950,2026-08-25T04:33:15.031Z,82,ok,,32,,0
Q00964,22,1,get_shipment,ZNTU4284050,2026-08-25T04:33:16.004Z,96,ok,,33,,0
Q00964,23,1,carrier_track,ZNTU4284050,2026-08-25T04:33:17.363Z,2702,ok,,33,0,0.004
Q00964,24,1,get_shipment,QVRU2410314,2026-08-25T04:33:20.983Z,68,ok,,33,,0
Q00964,25,1,carrier_track,QVRU2410314,2026-08-25T04:33:22.096Z,3744,ok,,33,0,0.004
Q00965,1,1,search_docs,BK341944,2026-08-25T05:49:28.845Z,468,ok,,,,0
Q00966,1,1,get_shipment,KSTU8186330,2026-08-25T06:39:10.616Z,47,ok,,159,,0
Q00966,2,1,carrier_track,KSTU8186330,2026-08-25T06:39:11.560Z,2922,ok,,159,0,0.004
Q00967,1,1,get_shipment,CBTU5364912,2026-08-25T07:26:07.609Z,44,ok,,204,,0
Q00967,2,1,carrier_track,CBTU5364912,2026-08-25T07:26:08.621Z,1894,ok,,204,1,0.004
Q00968,1,1,list_shipments,status=in_transit,2026-08-25T08:04:08.691Z,50,ok,102,,,0
Q00968,2,1,get_shipment,SNDU7583025,2026-08-25T08:04:09.462Z,42,ok,,2,,0
Q00968,3,1,carrier_track,SNDU7583025,2026-08-25T08:04:10.270Z,2018,ok,,2,0,0.004
Q00968,4,1,get_shipment,SNDU2702289,2026-08-25T08:04:13.354Z,69,ok,,4,,0
Q00968,5,1,carrier_track,SNDU2702289,2026-08-25T08:04:14.131Z,2492,ok,,4,0,0.004
Q00968,6,1,get_shipment,SNDU7312081,2026-08-25T08:04:17.322Z,64,ok,,2,,0
Q00968,7,1,carrier_track,SNDU7312081,2026-08-25T08:04:18.656Z,896,ok,,2,0,0.004
Q00968,8,1,get_shipment,SNDU6530860,2026-08-25T08:04:20.430Z,186,ok,,4,,0
Q00968,9,1,get_shipment,ZNTU6771478,2026-08-25T08:04:21.359Z,66,ok,,4,,0
Q00968,10,1,get_shipment,ZNTU2424708,2026-08-25T08:04:22.672Z,88,ok,,4,,0
Q00968,11,1,carrier_track,ZNTU2424708,2026-08-25T08:04:23.618Z,2435,ok,,4,0,0.004
Q00968,12,1,get_shipment,KSTU8807342,2026-08-25T08:04:27.050Z,64,ok,,2,,0
Q00968,13,1,carrier_track,KSTU8807342,2026-08-25T08:04:27.938Z,1783,ok,,2,0,0.004
Q00968,14,1,get_shipment,ZNTU6878862,2026-08-25T08:04:30.709Z,92,ok,,4,,0
Q00968,15,1,get_shipment,ORBU5351419,2026-08-25T08:04:32.110Z,105,ok,,2,,0
Q00968,16,1,carrier_track,ORBU5351419,2026-08-25T08:04:33.650Z,2875,ok,,2,0,0.004
Q00968,17,1,get_shipment,ORBU8686665,2026-08-25T08:04:37.886Z,48,ok,,3,,0
Q00968,18,1,get_shipment,SNDU9481774,2026-08-25T08:04:38.779Z,31,ok,,3,,0
Q00968,19,1,carrier_track,SNDU9481774,2026-08-25T08:04:39.580Z,3248,ok,,3,0,0.004
Q00968,20,1,get_shipment,SNDU9947044,2026-08-25T08:04:43.696Z,62,ok,,2,,0
Q00968,21,1,carrier_track,SNDU9947044,2026-08-25T08:04:44.680Z,3104,ok,,2,0,0.004
Q00968,22,1,get_shipment,KSTU7990009,2026-08-25T08:04:48.826Z,67,ok,,2,,0
Q00968,23,1,carrier_track,KSTU7990009,2026-08-25T08:04:49.708Z,2523,ok,,2,0,0.004
Q00968,24,1,get_shipment,KSTU3708950,2026-08-25T08:04:53.470Z,73,ok,,3,,0
Q00968,25,1,carrier_track,KSTU3708950,2026-08-25T08:04:54.476Z,1744,ok,,3,0,0.004
Q00970,1,1,get_shipment,ZNTU6824809,2026-08-25T08:34:06.431Z,50,ok,,34,,0
Q00970,2,1,carrier_track,ZNTU6824809,2026-08-25T08:34:07.265Z,2475,ok,,34,0,0.004
Q00971,1,1,get_shipment,KSTU8186330,2026-08-25T09:45:45.618Z,50,ok,,105,,0
Q00972,1,1,get_shipment,ZNTU5211866,2026-08-25T09:55:07.649Z,46,ok,,114,,0
Q00972,2,1,carrier_track,ZNTU5211866,2026-08-25T09:55:08.581Z,1900,ok,,114,0,0.004
Q00973,1,1,search_docs,BK225559,2026-08-25T10:33:00.902Z,471,ok,,,,0
Q00973,2,1,get_shipment,BK225559,2026-08-25T10:33:02.259Z,85,ok,,153,,0
Q00974,1,1,get_shipment,QVRU1257465,2026-08-26T00:01:19.545Z,59,ok,,1,,0
Q00974,2,1,carrier_track,QVRU1257465,2026-08-26T00:01:20.504Z,2143,ok,,1,0,0.004
Q00975,1,1,search_docs,BK132369,2026-08-26T01:11:03.482Z,400,ok,,,,0
Q00975,2,1,search_docs,BK132369,2026-08-26T01:11:04.997Z,571,ok,,,,0
Q00976,1,1,get_shipment,CBTU8046697,2026-08-26T01:20:09.258Z,66,ok,,79,,0
Q00976,2,1,carrier_track,CBTU8046697,2026-08-26T01:20:09.969Z,1735,ok,,79,0,0.004
Q00978,1,1,get_shipment,CBTU8201531,2026-08-26T01:31:12.950Z,41,ok,,89,,0
Q00978,2,1,carrier_track,CBTU8201531,2026-08-26T01:31:13.906Z,1949,ok,,89,0,0.004
Q00979,1,1,get_shipment,QVRU9513238,2026-08-26T01:43:16.463Z,41,ok,,101,,0
Q00979,2,1,carrier_track,QVRU9513238,2026-08-26T01:43:17.346Z,1066,ok,,101,0,0.004
Q00981,1,1,search_docs,BK652160,2026-08-26T01:58:34.520Z,533,ok,,,,0
Q00981,2,1,get_shipment,BK652160,2026-08-26T01:58:35.803Z,55,ok,,118,,0
Q00984,1,1,get_shipment,ORBU8479695,2026-08-26T02:36:19.901Z,43,ok,,154,,0
Q00984,2,1,carrier_track,ORBU8479695,2026-08-26T02:36:21.018Z,4824,ok,,154,0,0.004
Q00985,1,1,get_shipment,ZNTU9156086,2026-08-26T02:37:08.432Z,66,ok,,156,,0
Q00985,2,1,carrier_track,ZNTU9156086,2026-08-26T02:37:09.526Z,2898,ok,,156,0,0.004
Q00986,1,1,list_shipments,status=at_origin,2026-08-26T02:50:58.329Z,115,ok,5,,,0
Q00986,2,1,get_shipment,ORBU7490238,2026-08-26T02:50:59.672Z,53,ok,,170,,0
Q00986,3,1,get_shipment,SNDU2515034,2026-08-26T02:51:00.416Z,54,ok,,170,,0
Q00986,4,1,carrier_track,SNDU2515034,2026-08-26T02:51:01.160Z,3102,ok,,170,0,0.004
Q00986,5,1,get_shipment,KSTU9535313,2026-08-26T02:51:04.839Z,65,ok,,171,,0
Q00986,6,1,carrier_track,KSTU9535313,2026-08-26T02:51:05.824Z,2150,ok,,171,0,0.004
Q00986,7,1,get_shipment,ZNTU6302909,2026-08-26T02:51:08.944Z,73,ok,,170,,0
Q00986,8,1,get_shipment,ZNTU3013959,2026-08-26T02:51:10.075Z,74,ok,,170,,0
Q00986,9,1,carrier_track,ZNTU3013959,2026-08-26T02:51:10.823Z,2090,ok,,170,0,0.004
Q00987,1,1,get_shipment,ZNTU8325728,2026-08-26T02:52:02.228Z,111,ok,,170,,0
Q00987,2,1,carrier_track,ZNTU8325728,2026-08-26T02:52:03.281Z,1329,ok,,170,0,0.004
Q00988,1,1,get_shipment,CBTU4857765,2026-08-26T02:54:17.652Z,37,ok,,173,,0
Q00988,2,1,carrier_track,CBTU4857765,2026-08-26T02:54:18.631Z,1007,ok,,173,0,0.004
Q00989,1,1,list_shipments,status=in_transit,2026-08-26T02:54:29.169Z,118,ok,99,,,0
Q00989,2,1,get_shipment,SNDU2702289,2026-08-26T02:54:30.019Z,61,ok,,174,,0
Q00989,3,1,carrier_track,SNDU2702289,2026-08-26T02:54:30.877Z,2978,ok,,174,0,0.004
Q00989,4,1,get_shipment,SNDU7312081,2026-08-26T02:54:35.102Z,54,ok,,172,,0
Q00989,5,1,get_shipment,SNDU6530860,2026-08-26T02:54:36.008Z,58,ok,,174,,0
Q00989,6,1,carrier_track,SNDU6530860,2026-08-26T02:54:37.290Z,2012,ok,,174,0,0.004
Q00989,7,1,get_shipment,ZNTU6771478,2026-08-26T02:54:40.156Z,59,ok,,174,,0
Q00989,8,1,carrier_track,ZNTU6771478,2026-08-26T02:54:40.867Z,2347,ok,,174,0,0.004
Q00989,9,1,get_shipment,ZNTU2424708,2026-08-26T02:54:44.786Z,64,ok,,174,,0
Q00989,10,1,carrier_track,ZNTU2424708,2026-08-26T02:54:45.915Z,3891,ok,,174,0,0.004
Q00989,11,1,get_shipment,KSTU8807342,2026-08-26T02:54:50.482Z,84,ok,,172,,0
Q00989,12,1,carrier_track,KSTU8807342,2026-08-26T02:54:51.233Z,1363,ok,,172,0,0.004
Q00989,13,1,get_shipment,ZNTU6878862,2026-08-26T02:54:53.417Z,71,ok,,174,,0
Q00989,14,1,carrier_track,ZNTU6878862,2026-08-26T02:54:54.330Z,1366,ok,,174,0,0.004
Q00989,15,1,get_shipment,ORBU5351419,2026-08-26T02:54:56.673Z,59,ok,,172,,0
Q00989,16,1,carrier_track,ORBU5351419,2026-08-26T02:54:57.683Z,2149,ok,,172,0,0.004
Q00989,17,1,get_shipment,ORBU8686665,2026-08-26T02:55:00.859Z,35,ok,,174,,0
Q00989,18,1,get_shipment,SNDU9481774,2026-08-26T02:55:01.645Z,54,ok,,174,,0
Q00989,19,1,carrier_track,SNDU9481774,2026-08-26T02:55:02.604Z,1683,ok,,174,0,0.004
Q00989,20,1,get_shipment,SNDU9947044,2026-08-26T02:55:05.465Z,66,ok,,173,,0
Q00989,21,1,get_shipment,KSTU7990009,2026-08-26T02:55:06.304Z,71,ok,,173,,0
Q00989,22,1,get_shipment,KSTU3708950,2026-08-26T02:55:07.478Z,45,ok,,174,,0
Q00989,23,1,carrier_track,KSTU3708950,2026-08-26T02:55:08.181Z,2043,ok,,174,0,0.004
Q00989,24,1,get_shipment,ZNTU4284050,2026-08-26T02:55:11.615Z,56,ok,,175,,0
Q00989,25,1,get_shipment,QVRU2410314,2026-08-26T02:55:12.962Z,63,ok,,175,,0
Q00991,1,1,get_shipment,KSTU9862688,2026-08-26T03:30:47.517Z,51,ok,,210,,0
Q00995,1,1,get_shipment,ORBU2833053,2026-08-26T04:22:21.862Z,87,ok,,20,,0
Q00996,1,1,get_shipment,CBTU6107272,2026-08-26T05:12:01.636Z,47,ok,,72,,0
Q00996,2,1,carrier_track,CBTU6107272,2026-08-26T05:12:02.588Z,1070,ok,,72,0,0.004
Q00997,1,1,search_docs,BK320030,2026-08-26T05:13:09.697Z,445,ok,,,,0
Q00998,1,1,search_docs,BK473937,2026-08-26T05:46:03.843Z,533,ok,,,,0
Q00999,1,1,get_shipment,ZNTU2433135,2026-08-26T05:56:56.284Z,71,ok,,115,,0
Q00999,2,1,carrier_track,ZNTU2433135,2026-08-26T05:56:57.627Z,5194,ok,,115,0,0.004
Q01000,1,1,get_shipment,KSTU3864924,2026-08-26T06:03:24.984Z,63,ok,,122,,0
Q01000,2,1,carrier_track,KSTU3864924,2026-08-26T06:03:25.807Z,991,ok,,122,0,0.004
Q01001,1,1,search_docs,BK129294,2026-08-26T06:05:19.166Z,323,ok,,,,0
Q01002,1,1,get_shipment,ZNTU3013959,2026-08-26T06:09:07.830Z,61,ok,,128,,0
Q01002,2,1,carrier_track,ZNTU3013959,2026-08-26T06:09:08.691Z,1050,ok,,128,0,0.004
Q01003,1,1,get_shipment,ZNTU4284050,2026-08-26T06:29:36.786Z,84,ok,,149,,0
Q01007,1,1,search_docs,BK882396,2026-08-26T07:34:24.418Z,670,ok,,,,0
Q01008,1,1,get_shipment,KSTU3671211,2026-08-26T08:13:31.115Z,50,ok,,11,,0
Q01008,2,1,carrier_track,KSTU3671211,2026-08-26T08:13:32.044Z,1545,ok,,11,0,0.004
Q01009,1,1,get_shipment,ORBU5989617,2026-08-26T08:26:07.420Z,62,ok,,26,,0
Q01010,1,1,get_shipment,ZNTU5433208,2026-08-26T08:28:34.350Z,41,ok,,27,,0
Q01010,2,1,carrier_track,ZNTU5433208,2026-08-26T08:28:35.344Z,2268,ok,,27,0,0.004
Q01011,1,1,list_shipments,status=in_transit,2026-08-26T08:40:44.935Z,81,ok,99,,,0
Q01011,2,1,get_shipment,SNDU2702289,2026-08-26T08:40:45.942Z,40,ok,,40,,0
Q01011,3,1,carrier_track,SNDU2702289,2026-08-26T08:40:46.689Z,3225,ok,,40,0,0.004
Q01011,4,1,get_shipment,SNDU7312081,2026-08-26T08:40:50.824Z,53,ok,,38,,0
Q01011,5,1,carrier_track,SNDU7312081,2026-08-26T08:40:51.957Z,2583,ok,,38,0,0.004
Q01011,6,1,get_shipment,SNDU6530860,2026-08-26T08:40:55.756Z,49,ok,,40,,0
Q01011,7,1,carrier_track,SNDU6530860,2026-08-26T08:40:57.010Z,2845,ok,,40,0,0.004
Q01011,8,1,get_shipment,ZNTU6771478,2026-08-26T08:41:00.820Z,47,ok,,41,,0
Q01011,9,1,carrier_track,ZNTU6771478,2026-08-26T08:41:01.750Z,5525,ok,,41,1,0.004
Q01011,10,1,get_shipment,ZNTU2424708,2026-08-26T08:41:08.559Z,61,ok,,41,,0
Q01011,11,1,carrier_track,ZNTU2424708,2026-08-26T08:41:09.392Z,2130,ok,,41,0,0.004
Q01011,12,1,get_shipment,KSTU8807342,2026-08-26T08:41:12.314Z,44,ok,,39,,0
Q01011,13,1,carrier_track,KSTU8807342,2026-08-26T08:41:13.503Z,1252,ok,,39,0,0.004
Q01011,14,1,get_shipment,ZNTU6878862,2026-08-26T08:41:15.610Z,56,ok,,41,,0
Q01011,15,1,carrier_track,ZNTU6878862,2026-08-26T08:41:16.673Z,1716,ok,,41,0,0.004
Q01011,16,1,get_shipment,ORBU5351419,2026-08-26T08:41:19.240Z,46,ok,,39,,0
Q01011,17,1,get_shipment,ORBU8686665,2026-08-26T08:41:20.224Z,86,ok,,40,,0
Q01011,18,1,carrier_track,ORBU8686665,2026-08-26T08:41:21.146Z,2035,ok,,40,0,0.004
Q01011,19,1,get_shipment,SNDU9481774,2026-08-26T08:41:24.231Z,87,ok,,40,,0
Q01011,20,1,carrier_track,SNDU9481774,2026-08-26T08:41:25.495Z,894,ok,,40,0,0.004
Q01011,21,1,get_shipment,SNDU9947044,2026-08-26T08:41:27.312Z,104,ok,,39,,0
Q01011,22,1,carrier_track,SNDU9947044,2026-08-26T08:41:28.317Z,2274,ok,,39,0,0.004
Q01011,23,1,get_shipment,KSTU7990009,2026-08-26T08:41:31.582Z,55,ok,,39,,0
Q01011,24,1,carrier_track,KSTU7990009,2026-08-26T08:41:32.549Z,1231,ok,,39,0,0.004
Q01011,25,1,get_shipment,KSTU3708950,2026-08-26T08:41:34.875Z,39,ok,,40,,0
Q01013,1,1,get_shipment,ZNTU5509258,2026-08-26T09:17:17.784Z,61,ok,,76,,0
Q01013,2,1,carrier_track,ZNTU5509258,2026-08-26T09:17:18.553Z,1485,ok,,76,0,0.004
Q01014,1,1,get_shipment,ZNTU6302909,2026-08-26T10:45:52.776Z,73,ok,,164,,0
Q01014,2,1,carrier_track,ZNTU6302909,2026-08-26T10:45:53.310Z,1619,ok,,164,0,0.004
Q01015,1,1,get_shipment,KSTU3670703,2026-08-27T00:37:31.540Z,38,ok,,36,,0
Q01015,2,1,carrier_track,KSTU3670703,2026-08-27T00:37:32.440Z,2207,ok,,36,0,0.004
Q01016,1,1,get_shipment,KSTU2836290,2026-08-27T01:00:18.035Z,87,ok,,59,,0
Q01017,1,1,list_shipments,status=in_transit,2026-08-27T01:02:48.530Z,87,ok,99,,,0
Q01017,2,1,get_shipment,ORBU6345416,2026-08-27T01:02:49.242Z,51,ok,,60,,0
Q01017,3,1,carrier_track,ORBU6345416,2026-08-27T01:02:49.843Z,3114,ok,,60,0,0.004
Q01017,4,1,get_shipment,SNDU2702289,2026-08-27T01:02:54.128Z,58,ok,,62,,0
Q01017,5,1,carrier_track,SNDU2702289,2026-08-27T01:02:54.920Z,2501,ok,,62,0,0.004
Q01017,6,1,get_shipment,SNDU7312081,2026-08-27T01:02:58.299Z,60,ok,,60,,0
Q01017,7,1,carrier_track,SNDU7312081,2026-08-27T01:02:59.332Z,1904,ok,,60,0,0.004
Q01017,8,1,get_shipment,SNDU6530860,2026-08-27T01:03:02.270Z,48,ok,,63,,0
Q01017,9,1,carrier_track,SNDU6530860,2026-08-27T01:03:04.016Z,1346,ok,,63,0,0.004
Q01017,10,1,get_shipment,ZNTU6771478,2026-08-27T01:03:05.980Z,37,ok,,63,,0
Q01017,11,1,carrier_track,ZNTU6771478,2026-08-27T01:03:07.154Z,2316,ok,,63,0,0.004
Q01017,12,1,get_shipment,KSTU8807342,2026-08-27T01:03:10.589Z,96,ok,,61,,0
Q01017,13,1,get_shipment,ZNTU6878862,2026-08-27T01:03:11.573Z,48,ok,,63,,0
Q01017,14,1,carrier_track,ZNTU6878862,2026-08-27T01:03:12.296Z,2488,ok,,63,0,0.004
Q01017,15,1,get_shipment,ORBU5351419,2026-08-27T01:03:15.812Z,64,ok,,61,,0
Q01017,16,1,carrier_track,ORBU5351419,2026-08-27T01:03:16.941Z,2259,ok,,61,0,0.004
Q01017,17,1,get_shipment,ORBU8686665,2026-08-27T01:03:20.080Z,36,ok,,62,,0
Q01017,18,1,carrier_track,ORBU8686665,2026-08-27T01:03:20.881Z,5908,ok,,62,0,0.004
Q01017,19,1,get_shipment,SNDU9481774,2026-08-27T01:03:27.682Z,93,ok,,62,,0
Q01017,20,1,carrier_track,SNDU9481774,2026-08-27T01:03:28.558Z,1469,ok,,62,0,0.004
Q01017,21,1,get_shipment,SNDU9947044,2026-08-27T01:03:30.757Z,76,ok,,61,,0
Q01017,22,1,get_shipment,KSTU7990009,2026-08-27T01:03:32.020Z,115,ok,,61,,0
Q01017,23,1,carrier_track,KSTU7990009,2026-08-27T01:03:33.020Z,1586,ok,,61,0,0.004
Q01017,24,1,get_shipment,KSTU3708950,2026-08-27T01:03:35.762Z,67,ok,,62,,0
Q01017,25,1,get_shipment,ZNTU4284050,2026-08-27T01:03:37.110Z,78,ok,,63,,0
Q01019,1,1,get_shipment,QVRU2789766,2026-08-27T01:08:44.924Z,105,ok,,68,,0
Q01020,1,1,get_shipment,SNDU7312081,2026-08-27T01:14:27.562Z,81,ok,,72,,0
Q01020,2,1,carrier_track,SNDU7312081,2026-08-27T01:14:28.691Z,1582,ok,,72,0,0.004
Q01021,1,1,search_docs,BK602278,2026-08-27T01:22:53.466Z,511,ok,,,,0
Q01021,2,1,search_docs,BK602278,2026-08-27T01:22:54.884Z,455,ok,,,,0
Q01021,3,1,get_shipment,BK602278,2026-08-27T01:22:56.149Z,60,ok,,82,,0
Q01022,1,1,get_shipment,BK473937,2026-08-27T01:29:52.828Z,67,ok,,89,,0
Q01022,2,1,carrier_track,ZNTU4284050,2026-08-27T01:29:53.737Z,2850,ok,,89,0,0.004
Q01023,1,1,get_shipment,KSTU8939294,2026-08-27T01:33:09.570Z,40,ok,,92,,0
Q01024,1,1,get_shipment,ORBU8479695,2026-08-27T01:40:02.905Z,59,ok,,98,,0
Q01025,1,1,get_shipment,BK189225,2026-08-27T02:00:26.942Z,47,ok,,119,,0
Q01026,1,1,get_shipment,CBTU4835374,2026-08-27T02:04:00.603Z,73,ok,,123,,0
Q01026,2,1,carrier_track,CBTU4835374,2026-08-27T02:04:01.498Z,1552,ok,,123,0,0.004
Q01027,1,1,search_docs,BK869499,2026-08-27T02:04:27.700Z,435,ok,,,,0
Q01028,1,1,get_shipment,SNDU4731386,2026-08-27T02:05:28.470Z,64,ok,,125,,0
Q01029,1,1,get_shipment,SNDU6530860,2026-08-27T02:11:04.957Z,50,ok,,131,,0
Q01032,1,1,search_docs,BK364444,2026-08-27T02:28:23.753Z,441,ok,,,,0
Q01033,1,1,get_shipment,ORBU7490238,2026-08-27T02:28:36.684Z,71,ok,,148,,0
Q01033,2,1,carrier_track,ORBU7490238,2026-08-27T02:28:37.553Z,2420,ok,,148,0,0.004
Q01034,1,1,get_shipment,KSTU7722368,2026-08-27T02:28:38.027Z,113,ok,,147,,0
Q01035,1,1,get_shipment,KSTU3671211,2026-08-27T02:49:27.938Z,63,ok,,167,,0
Q01035,2,1,carrier_track,KSTU3671211,2026-08-27T02:49:28.681Z,1727,ok,,167,0,0.004
Q01036,1,1,list_shipments,status=at_origin,2026-08-27T02:51:51.511Z,68,ok,106,,,0
Q01036,2,1,get_shipment,CBTU1905850,2026-08-27T02:51:52.527Z,52,ok,,169,,0
Q01036,3,1,carrier_track,CBTU1905850,2026-08-27T02:51:53.433Z,1297,ok,,169,0,0.004
Q01036,4,1,get_shipment,CBTU5441883,2026-08-27T02:51:55.650Z,74,ok,,171,,0
Q01036,5,1,carrier_track,CBTU5441883,2026-08-27T02:51:56.751Z,2968,ok,,171,0,0.004
Q01036,6,1,get_shipment,SNDU6001115,2026-08-27T02:52:00.661Z,114,ok,,171,,0
Q01036,7,1,carrier_track,SNDU6001115,2026-08-27T02:52:01.727Z,1620,ok,,171,0,0.004
Q01036,8,1,get_shipment,KSTU7722368,2026-08-27T02:52:04.594Z,53,ok,,171,,0
Q01036,9,1,carrier_track,KSTU7722368,2026-08-27T02:52:05.669Z,3618,ok,,171,0,0.004
Q01036,10,1,get_shipment,ORBU1486206,2026-08-27T02:52:10.136Z,58,ok,,172,,0
Q01036,11,1,carrier_track,ORBU1486206,2026-08-27T02:52:11.386Z,3439,ok,,172,0,0.004
Q01036,12,1,get_shipment,CBTU6776075,2026-08-27T02:52:15.686Z,115,ok,,171,,0
Q01036,13,1,get_shipment,KSTU9097578,2026-08-27T02:52:16.854Z,53,ok,,172,,0
Q01036,14,1,carrier_track,KSTU9097578,2026-08-27T02:52:18.135Z,1194,ok,,172,0,0.004
Q01036,15,1,get_shipment,ZNTU4344024,2026-08-27T02:52:20.303Z,64,ok,,170,,0
Q01036,16,1,carrier_track,ZNTU4344024,2026-08-27T02:52:21.726Z,2029,ok,,170,0,0.004
Q01036,17,1,get_shipment,ORBU2455421,2026-08-27T02:52:24.334Z,94,ok,,171,,0
Q01036,18,1,carrier_track,ORBU2455421,2026-08-27T02:52:25.321Z,1019,ok,,171,0,0.004
Q01036,19,1,get_shipment,CBTU2724228,2026-08-27T02:52:27.242Z,51,ok,,172,,0
Q01036,20,1,carrier_track,CBTU2724228,2026-08-27T02:52:28.042Z,1154,ok,,172,0,0.004
Q01036,21,1,get_shipment,KSTU1065976,2026-08-27T02:52:30.333Z,88,ok,,171,,0
Q01036,22,1,get_shipment,SNDU9094788,2026-08-27T02:52:31.277Z,90,ok,,172,,0
Q01036,23,1,get_shipment,SNDU1467509,2026-08-27T02:52:32.498Z,61,ok,,171,,0
Q01036,24,1,carrier_track,SNDU1467509,2026-08-27T02:52:33.775Z,1539,ok,,171,0,0.004
Q01036,25,1,get_shipment,SNDU5355235,2026-08-27T02:52:36.410Z,52,ok,,171,,0
Q01038,1,1,get_shipment,ORBU2538691,2026-08-27T03:36:02.594Z,50,ok,,216,,0
Q01038,2,1,carrier_track,ORBU2538691,2026-08-27T03:36:03.674Z,969,ok,,216,0,0.004
Q01039,1,1,list_shipments,status=in_transit,2026-08-27T03:42:01.102Z,139,ok,99,,,0
Q01039,2,1,get_shipment,ORBU6345416,2026-08-27T03:42:02.387Z,34,ok,,220,,0
Q01039,3,1,carrier_track,ORBU6345416,2026-08-27T03:42:03.986Z,2441,ok,,220,0,0.004
Q01039,4,1,get_shipment,SNDU2702289,2026-08-27T03:42:07.168Z,72,ok,,222,,0
Q01039,5,1,get_shipment,SNDU7312081,2026-08-27T03:42:08.139Z,54,ok,,220,,0
Q01039,6,1,carrier_track,SNDU7312081,2026-08-27T03:42:09.078Z,1531,ok,,220,0,0.004
Q01039,7,1,get_shipment,SNDU6530860,2026-08-27T03:42:11.430Z,58,ok,,222,,0
Q01039,8,1,get_shipment,ZNTU6771478,2026-08-27T03:42:12.526Z,59,ok,,222,,0
Q01039,9,1,get_shipment,KSTU8807342,2026-08-27T03:42:13.224Z,73,ok,,220,,0
Q01039,10,1,carrier_track,KSTU8807342,2026-08-27T03:42:14.046Z,2803,ok,,220,0,0.004
Q01039,11,1,get_shipment,ZNTU6878862,2026-08-27T03:42:17.658Z,77,ok,,222,,0
Q01039,12,1,carrier_track,ZNTU6878862,2026-08-27T03:42:18.656Z,1955,ok,,222,0,0.004
Q01039,13,1,get_shipment,ORBU5351419,2026-08-27T03:42:21.275Z,58,ok,,220,,0
Q01039,14,1,get_shipment,ORBU8686665,2026-08-27T03:42:22.103Z,55,ok,,221,,0
Q01039,15,1,get_shipment,SNDU9481774,2026-08-27T03:42:22.826Z,104,ok,,221,,0
Q01039,16,1,get_shipment,SNDU9947044,2026-08-27T03:42:24.233Z,77,ok,,220,,0
Q01039,17,1,carrier_track,SNDU9947044,2026-08-27T03:42:25.746Z,2076,ok,,220,0,0.004
Q01039,18,1,get_shipment,KSTU7990009,2026-08-27T03:42:28.663Z,61,ok,,220,,0
Q01039,19,1,carrier_track,KSTU7990009,2026-08-27T03:42:29.911Z,1260,ok,,220,0,0.004
Q01039,20,1,get_shipment,KSTU3708950,2026-08-27T03:42:32.231Z,86,ok,,221,,0
Q01039,21,1,carrier_track,KSTU3708950,2026-08-27T03:42:34.026Z,1086,ok,,221,0,0.004
Q01039,22,1,get_shipment,ZNTU4284050,2026-08-27T03:42:36.204Z,67,ok,,222,,0
Q01039,23,1,get_shipment,QVRU2410314,2026-08-27T03:42:37.330Z,78,ok,,222,,0
Q01039,24,1,carrier_track,QVRU2410314,2026-08-27T03:42:38.360Z,1053,ok,,222,0,0.004
Q01039,25,1,get_shipment,ORBU3173581,2026-08-27T03:42:40.325Z,70,ok,,221,,0
Q01041,1,1,search_docs,BK101432,2026-08-27T04:12:28.554Z,574,ok,,,,0
Q01041,2,1,get_shipment,BK101432,2026-08-27T04:12:30.015Z,70,ok,,12,,0
Q01042,1,1,get_shipment,SNDU6790659,2026-08-27T04:26:06.377Z,49,ok,,26,,0
Q01044,1,1,get_shipment,BK998703,2026-08-27T04:50:59.844Z,77,ok,,48,,0
Q01044,2,1,carrier_track,KSTU1433799,2026-08-27T04:51:00.550Z,2796,ok,,49,0,0.004
Q01045,1,1,search_docs,BK434797,2026-08-27T04:52:15.087Z,310,ok,,,,0
Q01045,2,1,search_docs,BK434797,2026-08-27T04:52:16.059Z,387,ok,,,,0
Q01046,1,1,get_shipment,BK661197,2026-08-27T05:03:07.027Z,73,ok,,61,,0
Q01046,2,1,carrier_track,QVRU9438453,2026-08-27T05:03:08.002Z,1895,ok,,61,0,0.004
Q01047,1,1,search_docs,BK248625,2026-08-27T05:07:34.758Z,375,ok,,,,0
Q01047,2,1,search_docs,BK248625,2026-08-27T05:07:35.743Z,338,ok,,,,0
Q01047,3,1,get_shipment,BK248625,2026-08-27T05:07:36.891Z,61,ok,,66,,0
Q01048,1,1,list_shipments,status=in_transit,2026-08-27T05:25:27.853Z,56,ok,99,,,0
Q01048,2,1,get_shipment,ORBU6345416,2026-08-27T05:25:28.620Z,72,ok,,83,,0
Q01048,3,1,get_shipment,SNDU2702289,2026-08-27T05:25:29.205Z,68,ok,,85,,0
Q01048,4,1,carrier_track,SNDU2702289,2026-08-27T05:25:30.225Z,4051,ok,,85,0,0.004
Q01048,5,1,get_shipment,SNDU7312081,2026-08-27T05:25:34.948Z,64,ok,,83,,0
Q01048,6,1,carrier_track,SNDU7312081,2026-08-27T05:25:35.952Z,2398,ok,,83,1,0.004
Q01048,7,1,get_shipment,SNDU6530860,2026-08-27T05:25:39.502Z,65,ok,,85,,0
Q01048,8,1,carrier_track,SNDU6530860,2026-08-27T05:25:40.293Z,2786,ok,,85,1,0.004
Q01048,9,1,get_shipment,ZNTU6771478,2026-08-27T05:25:43.985Z,40,ok,,85,,0
Q01048,10,1,get_shipment,KSTU8807342,2026-08-27T05:25:44.763Z,68,ok,,83,,0
Q01048,11,1,carrier_track,KSTU8807342,2026-08-27T05:25:45.953Z,5039,ok,,83,0,0.004
Q01048,12,1,get_shipment,ZNTU6878862,2026-08-27T05:25:51.943Z,40,ok,,85,,0
Q01048,13,1,carrier_track,ZNTU6878862,2026-08-27T05:25:52.907Z,3620,ok,,85,0,0.004
Q01048,14,1,get_shipment,ORBU5351419,2026-08-27T05:25:57.316Z,61,ok,,83,,0
Q01048,15,1,get_shipment,ORBU8686665,2026-08-27T05:25:58.367Z,58,ok,,84,,0
Q01048,16,1,carrier_track,ORBU8686665,2026-08-27T05:25:59.080Z,1623,ok,,84,0,0.004
Q01048,17,1,get_shipment,SNDU9481774,2026-08-27T05:26:01.328Z,91,ok,,85,,0
Q01048,18,1,carrier_track,SNDU9481774,2026-08-27T05:26:02.363Z,2045,ok,,85,0,0.004
Q01048,19,1,get_shipment,SNDU9947044,2026-08-27T05:26:05.520Z,71,ok,,84,,0
Q01048,20,1,get_shipment,KSTU7990009,2026-08-27T05:26:06.945Z,39,ok,,84,,0
Q01048,21,1,carrier_track,KSTU7990009,2026-08-27T05:26:08.066Z,1902,ok,,84,0,0.004
Q01048,22,1,get_shipment,KSTU3708950,2026-08-27T05:26:10.943Z,64,ok,,85,,0
Q01048,23,1,get_shipment,ZNTU4284050,2026-08-27T05:26:11.889Z,98,ok,,86,,0
Q01048,24,1,carrier_track,ZNTU4284050,2026-08-27T05:26:13.220Z,1724,ok,,86,0,0.004
Q01048,25,1,get_shipment,QVRU2410314,2026-08-27T05:26:15.932Z,88,ok,,86,,0
Q01051,1,1,list_shipments,status=in_transit,2026-08-27T06:01:00.287Z,84,ok,99,,,0
Q01051,2,1,get_shipment,ORBU6345416,2026-08-27T06:01:01.184Z,40,ok,,119,,0
Q01051,3,1,carrier_track,ORBU6345416,2026-08-27T06:01:02.254Z,2159,ok,,119,0,0.004
Q01051,4,1,get_shipment,SNDU2702289,2026-08-27T06:01:04.990Z,75,ok,,121,,0
Q01051,5,1,get_shipment,SNDU7312081,2026-08-27T06:01:05.834Z,57,ok,,119,,0
Q01051,6,1,get_shipment,SNDU6530860,2026-08-27T06:01:06.865Z,62,ok,,121,,0
Q01051,7,1,carrier_track,SNDU6530860,2026-08-27T06:01:07.894Z,1391,ok,,121,0,0.004
Q01051,8,1,get_shipment,ZNTU6771478,2026-08-27T06:01:10.271Z,55,ok,,121,,0
Q01051,9,1,carrier_track,ZNTU6771478,2026-08-27T06:01:11.710Z,1739,ok,,121,0,0.004
Q01051,10,1,get_shipment,KSTU8807342,2026-08-27T06:01:14.476Z,78,ok,,119,,0
Q01051,11,1,carrier_track,KSTU8807342,2026-08-27T06:01:15.602Z,2886,ok,,119,0,0.004
Q01051,12,1,get_shipment,ZNTU6878862,2026-08-27T06:01:20.039Z,106,ok,,121,,0
Q01051,13,1,get_shipment,ORBU5351419,2026-08-27T06:01:21.133Z,78,ok,,119,,0
Q01051,14,1,get_shipment,ORBU8686665,2026-08-27T06:01:22.515Z,59,ok,,120,,0
Q01051,15,1,get_shipment,SNDU9481774,2026-08-27T06:01:23.701Z,53,ok,,120,,0
Q01051,16,1,get_shipment,SNDU9947044,2026-08-27T06:01:24.455Z,71,ok,,119,,0
Q01051,17,1,carrier_track,SNDU9947044,2026-08-27T06:01:25.489Z,1761,ok,,119,0,0.004
Q01051,18,1,get_shipment,KSTU7990009,2026-08-27T06:01:27.899Z,65,ok,,119,,0
Q01051,19,1,carrier_track,KSTU7990009,2026-08-27T06:01:29.084Z,1443,ok,,119,0,0.004
Q01051,20,1,get_shipment,KSTU3708950,2026-08-27T06:01:31.494Z,47,ok,,120,,0
Q01051,21,1,carrier_track,KSTU3708950,2026-08-27T06:01:32.665Z,1435,ok,,120,0,0.004
Q01051,22,1,get_shipment,ZNTU4284050,2026-08-27T06:01:35.105Z,93,ok,,121,,0
Q01051,23,1,carrier_track,ZNTU4284050,2026-08-27T06:01:36.134Z,3207,ok,,121,0,0.004
Q01051,24,1,get_shipment,QVRU2410314,2026-08-27T06:01:40.293Z,49,ok,,121,,0
Q01051,25,1,carrier_track,QVRU2410314,2026-08-27T06:01:41.175Z,968,ok,,121,0,0.004
Q01053,1,1,get_shipment,SNDU8488468,2026-08-27T06:03:46.226Z,71,ok,,122,,0
Q01053,2,1,carrier_track,SNDU8488468,2026-08-27T06:03:47.189Z,2490,ok,,122,0,0.004
Q01055,1,1,get_shipment,ORBU4341855,2026-08-27T06:29:33.900Z,87,ok,,149,,0
Q01055,2,1,carrier_track,ORBU4341855,2026-08-27T06:29:34.865Z,2803,ok,,149,0,0.004
Q01056,1,1,search_docs,BK189225,2026-08-27T06:38:40.777Z,439,ok,,,,0
Q01056,2,1,search_docs,BK189225,2026-08-27T06:38:41.885Z,420,ok,,,,0
Q01057,1,1,get_shipment,ZNTU3342033,2026-08-27T06:41:41.598Z,43,ok,,160,,0
Q01057,2,1,carrier_track,ZNTU3342033,2026-08-27T06:41:42.409Z,2736,ok,,160,0,0.004
Q01058,1,1,get_shipment,ZNTU4284050,2026-08-27T06:44:51.341Z,43,ok,,164,,0
Q01058,2,1,carrier_track,ZNTU4284050,2026-08-27T06:44:52.017Z,3100,ok,,164,0,0.004
Q01059,1,1,get_shipment,ORBU7490238,2026-08-27T06:48:10.851Z,58,ok,,168,,0
Q01060,1,1,get_shipment,SNDU6530860,2026-08-27T07:00:58.706Z,27,ok,,180,,0
Q01060,2,1,carrier_track,SNDU6530860,2026-08-27T07:00:59.907Z,1400,ok,,180,0,0.004
Q01061,1,1,get_shipment,KSTU9535313,2026-08-27T07:02:20.656Z,72,ok,,182,,0
Q01061,2,1,carrier_track,KSTU9535313,2026-08-27T07:02:21.619Z,1759,ok,,182,1,0.004
Q01062,1,1,get_shipment,BK307701,2026-08-27T07:02:30.954Z,66,ok,,180,,0
Q01062,2,1,carrier_track,CBTU7649787,2026-08-27T07:02:31.615Z,2769,ok,,180,0,0.004
Q01064,1,1,get_shipment,QVRU1257465,2026-08-27T07:10:34.007Z,59,ok,,190,,0
Q01064,2,1,carrier_track,QVRU1257465,2026-08-27T07:10:34.913Z,2144,ok,,190,1,0.004
Q01065,1,1,get_shipment,KSTU7510934,2026-08-27T07:12:56.741Z,59,ok,,192,,0
Q01065,2,1,carrier_track,KSTU7510934,2026-08-27T07:12:57.569Z,4033,ok,,192,0,0.004
Q01066,1,1,get_shipment,ZNTU5253848,2026-08-27T07:34:33.396Z,71,ok,,212,,0
Q01067,1,1,get_shipment,ORBU4199138,2026-08-27T07:40:49.179Z,58,ok,,219,,0
Q01067,2,1,carrier_track,ORBU4199138,2026-08-27T07:40:50.068Z,1313,ok,,219,0,0.004
Q01068,1,1,search_docs,BK249924,2026-08-27T07:58:15.669Z,517,ok,,,,0
Q01070,1,1,get_shipment,BK677122,2026-08-27T08:07:46.427Z,44,ok,,6,,0
Q01071,1,1,get_shipment,BK145915,2026-08-27T08:15:00.342Z,50,ok,,13,,0
Q01072,1,1,get_shipment,ORBU5989617,2026-08-27T08:46:46.849Z,46,ok,,46,,0
Q01073,1,1,get_shipment,SNDU7583025,2026-08-27T08:57:24.341Z,57,ok,,55,,0
Q01073,2,1,carrier_track,SNDU7583025,2026-08-27T08:57:25.037Z,1712,ok,,55,0,0.004
Q01075,1,1,get_shipment,QVRU2137959,2026-08-27T09:19:35.325Z,46,ok,,78,,0
Q01076,1,1,list_shipments,status=in_transit,2026-08-27T09:22:32.311Z,84,ok,99,,,0
Q01076,2,1,get_shipment,ORBU6345416,2026-08-27T09:22:33.410Z,40,ok,,80,,0
Q01076,3,1,get_shipment,SNDU2702289,2026-08-27T09:22:34.278Z,62,ok,,82,,0
Q01076,4,1,carrier_track,SNDU2702289,2026-08-27T09:22:34.978Z,2240,ok,,82,0,0.004
Q01076,5,1,get_shipment,SNDU7312081,2026-08-27T09:22:37.991Z,57,ok,,80,,0
Q01076,6,1,carrier_track,SNDU7312081,2026-08-27T09:22:38.784Z,1360,ok,,80,0,0.004
Q01076,7,1,get_shipment,SNDU6530860,2026-08-27T09:22:40.818Z,59,ok,,82,,0
Q01076,8,1,get_shipment,ZNTU6771478,2026-08-27T09:22:41.616Z,101,ok,,82,,0
Q01076,9,1,carrier_track,ZNTU6771478,2026-08-27T09:22:42.530Z,1387,ok,,82,0,0.004
Q01076,10,1,get_shipment,KSTU8807342,2026-08-27T09:22:44.813Z,77,ok,,80,,0
Q01076,11,1,carrier_track,KSTU8807342,2026-08-27T09:22:45.872Z,1620,ok,,80,0,0.004
Q01076,12,1,get_shipment,ZNTU6878862,2026-08-27T09:22:48.227Z,63,ok,,82,,0
Q01076,13,1,carrier_track,ZNTU6878862,2026-08-27T09:22:49.547Z,3200,ok,,82,0,0.004
Q01076,14,1,get_shipment,ORBU5351419,2026-08-27T09:22:53.806Z,33,ok,,80,,0
Q01076,15,1,carrier_track,ORBU5351419,2026-08-27T09:22:55.056Z,1849,ok,,80,0,0.004
Q01076,16,1,get_shipment,ORBU8686665,2026-08-27T09:22:57.625Z,36,ok,,81,,0
Q01076,17,1,get_shipment,SNDU9481774,2026-08-27T09:22:58.518Z,54,ok,,81,,0
Q01076,18,1,carrier_track,SNDU9481774,2026-08-27T09:22:59.396Z,2123,ok,,81,0,0.004
Q01076,19,1,get_shipment,SNDU9947044,2026-08-27T09:23:02.954Z,55,ok,,81,,0
Q01076,20,1,get_shipment,KSTU7990009,2026-08-27T09:23:04.210Z,46,ok,,81,,0
Q01076,21,1,get_shipment,KSTU3708950,2026-08-27T09:23:05.416Z,72,ok,,82,,0
Q01076,22,1,carrier_track,KSTU3708950,2026-08-27T09:23:06.698Z,4887,ok,,82,0,0.004
Q01076,23,1,get_shipment,ZNTU4284050,2026-08-27T09:23:12.432Z,81,ok,,83,,0
Q01076,24,1,get_shipment,QVRU2410314,2026-08-27T09:23:13.211Z,39,ok,,83,,0
Q01076,25,1,get_shipment,ORBU3173581,2026-08-27T09:23:14.311Z,93,ok,,82,,0
Q01078,1,1,get_shipment,ORBU6645798,2026-08-27T09:25:37.812Z,96,ok,,84,,0
Q01078,2,1,carrier_track,ORBU6645798,2026-08-27T09:25:38.689Z,1366,ok,,84,0,0.004
Q01079,1,1,get_shipment,SNDU4257491,2026-08-27T09:42:18.526Z,54,ok,,101,,0
Q01079,2,1,carrier_track,SNDU4257491,2026-08-27T09:42:19.173Z,1537,ok,,101,0,0.004
Q01081,1,1,get_shipment,CBTU8981517,2026-08-27T10:34:28.115Z,76,ok,,153,,0
Q01081,2,1,carrier_track,CBTU8981517,2026-08-27T10:34:28.938Z,1231,ok,,153,0,0.004
Q01082,1,1,get_shipment,ZNTU2305306,2026-08-28T00:51:37.685Z,68,ok,,51,,0
Q01083,1,1,get_shipment,ZNTU4344024,2026-08-28T00:53:40.473Z,69,ok,,51,,0
Q01083,2,1,carrier_track,ZNTU4344024,2026-08-28T00:53:41.626Z,1541,ok,,51,0,0.004
Q01084,1,1,get_shipment,QVRU3068069,2026-08-28T01:01:06.806Z,80,ok,,60,,0
Q01084,2,1,carrier_track,QVRU3068069,2026-08-28T01:01:07.532Z,2788,ok,,60,0,0.004
Q01085,1,1,get_shipment,ORBU6958906,2026-08-28T01:07:20.110Z,50,ok,,66,,0
Q01085,2,1,carrier_track,ORBU6958906,2026-08-28T01:07:21.495Z,5050,ok,,66,0,0.004
Q01086,1,1,search_docs,BK472891,2026-08-28T01:08:03.824Z,375,ok,,,,0
Q01086,2,1,search_docs,BK472891,2026-08-28T01:08:05.067Z,381,ok,,,,0
Q01087,1,1,get_shipment,ZNTU2305306,2026-08-28T01:13:19.201Z,81,ok,,73,,0
Q01087,2,1,carrier_track,ZNTU2305306,2026-08-28T01:13:20.468Z,3687,ok,,73,0,0.004
Q01089,1,1,get_shipment,QVRU5546975,2026-08-28T01:36:26.603Z,47,ok,,95,,0
Q01089,2,1,carrier_track,QVRU5546975,2026-08-28T01:36:27.479Z,2231,ok,,95,0,0.004
Q01090,1,1,get_shipment,BK854526,2026-08-28T01:40:45.114Z,77,ok,,99,,0
Q01090,2,1,carrier_track,SNDU4413086,2026-08-28T01:40:46.067Z,2892,ok,,99,0,0.004
Q01091,1,1,list_shipments,status=in_transit,2026-08-28T01:41:17.683Z,122,ok,5,,,0
Q01091,2,1,get_shipment,ZNTU5253848,2026-08-28T01:41:18.595Z,94,ok,,99,,0
Q01091,3,1,get_shipment,ORBU7005864,2026-08-28T01:41:19.433Z,57,ok,,100,,0
Q01091,4,1,carrier_track,ORBU7005864,2026-08-28T01:41:20.331Z,911,ok,,100,0,0.004
Q01091,5,1,get_shipment,SNDU6790659,2026-08-28T01:41:21.963Z,74,ok,,101,,0
Q01091,6,1,get_shipment,QVRU5915596,2026-08-28T01:41:23.252Z,35,ok,,101,,0
Q01091,7,1,carrier_track,QVRU5915596,2026-08-28T01:41:24.204Z,2015,ok,,101,0,0.004
Q01091,8,1,get_shipment,CBTU5983567,2026-08-28T01:41:27.067Z,54,ok,,101,,0
Q01092,1,1,get_shipment,ORBU9666030,2026-08-28T01:41:49.265Z,60,ok,,101,,0
Q01092,2,1,carrier_track,ORBU9666030,2026-08-28T01:41:49.968Z,1789,ok,,101,0,0.004
Q01093,1,1,get_shipment,BK752181,2026-08-28T01:49:21.423Z,72,ok,,109,,0
Q01093,2,1,carrier_track,QVRU2789766,2026-08-28T01:49:22.434Z,3663,ok,,109,0,0.004
Q01094,1,1,search_docs,BK525112,2026-08-28T01:52:44.986Z,628,ok,,,,0
Q01096,1,1,list_shipments,status=in_transit,2026-08-28T01:55:38.188Z,131,ok,101,,,0
Q01096,2,1,get_shipment,ORBU6345416,2026-08-28T01:55:39.338Z,66,ok,,113,,0
Q01096,3,1,get_shipment,SNDU2702289,2026-08-28T01:55:40.596Z,76,ok,,115,,0
Q01096,4,1,get_shipment,SNDU7312081,2026-08-28T01:55:41.581Z,83,ok,,113,,0
Q01096,5,1,carrier_track,SNDU7312081,2026-08-28T01:55:42.439Z,2493,ok,,113,0,0.004
Q01096,6,1,get_shipment,ZNTU6771478,2026-08-28T01:55:45.843Z,61,ok,,115,,0
Q01096,7,1,get_shipment,KSTU8807342,2026-08-28T01:55:46.948Z,82,ok,,113,,0
Q01096,8,1,carrier_track,KSTU8807342,2026-08-28T01:55:48.000Z,2351,ok,,113,0,0.004
Q01096,9,1,get_shipment,ZNTU6878862,2026-08-28T01:55:51.259Z,48,ok,,115,,0
Q01096,10,1,get_shipment,ORBU8686665,2026-08-28T01:55:52.180Z,70,ok,,114,,0
Q01096,11,1,carrier_track,ORBU8686665,2026-08-28T01:55:52.951Z,2433,ok,,114,0,0.004
Q01096,12,1,get_shipment,SNDU9481774,2026-08-28T01:55:56.370Z,40,ok,,114,,0
Q01096,13,1,carrier_track,SNDU9481774,2026-08-28T01:55:57.175Z,2324,ok,,114,0,0.004
Q01096,14,1,get_shipment,SNDU9947044,2026-08-28T01:56:00.275Z,65,ok,,114,,0
Q01096,15,1,get_shipment,KSTU7990009,2026-08-28T01:56:01.075Z,35,ok,,114,,0
Q01096,16,1,carrier_track,KSTU7990009,2026-08-28T01:56:02.100Z,1338,ok,,114,0,0.004
Q01096,17,1,get_shipment,KSTU3708950,2026-08-28T01:56:04.415Z,61,ok,,115,,0
Q01096,18,1,carrier_track,KSTU3708950,2026-08-28T01:56:05.598Z,2453,ok,,115,0,0.004
Q01096,19,1,get_shipment,ZNTU4284050,2026-08-28T01:56:08.916Z,52,ok,,116,,0
Q01096,20,1,get_shipment,ORBU8695218,2026-08-28T01:56:09.833Z,66,ok,,114,,0
Q01096,21,1,carrier_track,ORBU8695218,2026-08-28T01:56:11.081Z,2434,ok,,114,0,0.004
Q01096,22,1,get_shipment,QVRU2410314,2026-08-28T01:56:14.377Z,39,ok,,116,,0
Q01096,23,1,carrier_track,QVRU2410314,2026-08-28T01:56:15.344Z,2729,ok,,116,0,0.004
Q01096,24,1,get_shipment,ORBU3173581,2026-08-28T01:56:19.283Z,37,ok,,115,,0
Q01096,25,1,carrier_track,ORBU3173581,2026-08-28T01:56:20.685Z,1411,ok,,115,0,0.004
Q01097,1,1,get_shipment,ORBU4610140,2026-08-28T02:11:29.955Z,51,ok,,129,,0
Q01097,2,1,carrier_track,ORBU4610140,2026-08-28T02:11:30.944Z,1657,ok,,129,0,0.004
Q01098,1,1,get_shipment,ORBU2833053,2026-08-28T02:44:09.072Z,44,ok,,162,,0
Q01098,2,1,carrier_track,ORBU2833053,2026-08-28T02:44:10.238Z,2883,ok,,162,1,0.004
Q01100,1,1,get_shipment,BK226782,2026-08-28T03:20:27.189Z,83,ok,,199,,0
Q01100,2,1,carrier_track,ZNTU6302909,2026-08-28T03:20:28.154Z,1779,ok,,199,0,0.004
Q01101,1,1,get_shipment,KSTU9535313,2026-08-28T03:27:05.644Z,63,ok,,207,,0
Q01101,2,1,carrier_track,KSTU9535313,2026-08-28T03:27:06.570Z,1757,ok,,207,0,0.004
Q01102,1,1,get_shipment,ZNTU3505978,2026-08-28T03:42:43.573Z,72,ok,,220,,0
Q01102,2,1,carrier_track,ZNTU3505978,2026-08-28T03:42:44.590Z,1747,ok,,220,0,0.004
Q01103,1,1,get_shipment,KSTU9862688,2026-08-28T03:59:59.130Z,52,ok,,239,,0
Q01103,2,1,carrier_track,KSTU9862688,2026-08-28T03:59:59.990Z,1269,ok,,239,0,0.004
Q01104,1,1,search_docs,BK661197,2026-08-28T04:08:23.643Z,451,ok,,,,0
Q01106,1,1,get_shipment,BK497881,2026-08-28T05:20:03.291Z,77,ok,,78,,0
Q01106,2,1,carrier_track,ORBU5012569,2026-08-28T05:20:04.413Z,1365,ok,,78,0,0.004
Q01107,1,1,get_shipment,KSTU7143536,2026-08-28T05:22:44.083Z,66,ok,,81,,0
Q01107,2,1,carrier_track,KSTU7143536,2026-08-28T05:22:44.935Z,2158,ok,,81,0,0.004
Q01108,1,1,get_shipment,SNDU7152201,2026-08-28T05:33:07.238Z,69,ok,,91,,0
Q01108,2,1,carrier_track,SNDU7152201,2026-08-28T05:33:07.970Z,1078,ok,,91,0,0.004
Q01110,1,1,get_shipment,KSTU7143536,2026-08-28T05:57:44.404Z,63,ok,,116,,0
Q01110,2,1,carrier_track,KSTU7143536,2026-08-28T05:57:45.024Z,2555,ok,,116,0,0.004
Q01111,1,1,get_shipment,QVRU1865998,2026-08-28T06:12:56.453Z,26,ok,,132,,0
Q01112,1,1,get_shipment,BK838889,2026-08-28T06:32:57.246Z,104,ok,,150,,0
Q01113,1,1,search_docs,BK775797,2026-08-28T06:38:57.489Z,237,ok,,,,0
Q01114,1,1,get_shipment,CBTU1482053,2026-08-28T06:54:13.344Z,35,ok,,172,,0
Q01115,1,1,get_shipment,CBTU8950025,2026-08-28T06:57:34.180Z,86,ok,,177,,0
Q01115,2,1,carrier_track,CBTU8950025,2026-08-28T06:57:35.297Z,1013,ok,,177,0,0.004
Q01116,1,1,get_shipment,CBTU4308493,2026-08-28T07:18:59.745Z,108,ok,,198,,0
Q01117,1,1,search_docs,BK731118,2026-08-28T07:19:59.841Z,413,ok,,,,0
Q01118,1,1,get_shipment,CBTU1482053,2026-08-28T07:23:41.070Z,51,ok,,201,,0
Q01119,1,1,get_shipment,BK972243,2026-08-28T07:24:45.504Z,48,ok,,204,,0
Q01119,2,1,carrier_track,ZNTU6824809,2026-08-28T07:24:46.015Z,923,ok,,204,0,0.004
Q01120,1,1,get_shipment,CBTU8562502,2026-08-28T07:27:06.127Z,67,ok,,206,,0
Q01120,2,1,carrier_track,CBTU8562502,2026-08-28T07:27:07.122Z,1362,ok,,206,0,0.004
Q01122,1,1,get_shipment,ZNTU5433208,2026-08-28T08:40:48.019Z,53,ok,,39,,0
Q01122,2,1,carrier_track,ZNTU5433208,2026-08-28T08:40:48.852Z,1887,ok,,39,0,0.004
Q01124,1,1,search_docs,BK517838,2026-08-28T09:00:49.856Z,470,ok,,,,0
Q01125,1,1,get_shipment,SNDU4309442,2026-08-28T09:46:57.964Z,67,ok,,104,,0
Q01125,2,1,carrier_track,SNDU4309442,2026-08-28T09:46:58.906Z,3717,ok,,104,0,0.004
Q01126,1,1,get_shipment,QVRU4028605,2026-08-28T09:57:21.725Z,74,ok,,117,,0
Q01127,1,1,get_shipment,ZNTU4284050,2026-08-28T10:23:58.465Z,65,ok,,143,,0
Q01128,1,1,search_docs,BK232180,2026-08-29T06:05:02.314Z,647,ok,,,,0
Q01129,1,1,get_shipment,CBTU4371885,2026-08-30T00:06:44.844Z,41,ok,,5,,0
Q01130,1,1,search_docs,BK752181,2026-08-30T02:19:45.116Z,344,ok,,,,0
Q01131,1,1,get_shipment,BK502375,2026-08-30T08:44:25.215Z,102,ok,,44,,0
Q01131,2,1,carrier_track,QVRU2825241,2026-08-30T08:44:26.580Z,2320,ok,,44,0,0.004
Q01132,1,1,search_docs,BK360234,2026-08-31T00:34:47.926Z,501,ok,,,,0
Q01133,1,1,list_shipments,status=in_transit,2026-08-31T01:00:20.387Z,135,ok,105,,,0
Q01133,2,1,get_shipment,ORBU6345416,2026-08-31T01:00:21.358Z,50,ok,,58,,0
Q01133,3,1,carrier_track,ORBU6345416,2026-08-31T01:00:22.459Z,3033,ok,,58,0,0.004
Q01133,4,1,get_shipment,SNDU2702289,2026-08-31T01:00:26.386Z,43,ok,,60,,0
Q01133,5,1,carrier_track,SNDU2702289,2026-08-31T01:00:27.262Z,2866,ok,,60,0,0.004
Q01133,6,1,get_shipment,SNDU7312081,2026-08-31T01:00:31.410Z,51,ok,,58,,0
Q01133,7,1,carrier_track,SNDU7312081,2026-08-31T01:00:32.269Z,3417,ok,,58,0,0.004
Q01133,8,1,get_shipment,ZNTU6771478,2026-08-31T01:00:36.764Z,52,ok,,60,,0
Q01133,9,1,get_shipment,KSTU8807342,2026-08-31T01:00:37.612Z,53,ok,,58,,0
Q01133,10,1,carrier_track,KSTU8807342,2026-08-31T01:00:38.470Z,1172,ok,,58,0,0.004
Q01133,11,1,get_shipment,ZNTU6878862,2026-08-31T01:00:40.347Z,80,ok,,60,,0
Q01133,12,1,carrier_track,ZNTU6878862,2026-08-31T01:00:41.578Z,3943,ok,,60,0,0.004
Q01133,13,1,get_shipment,ORBU8686665,2026-08-31T01:00:46.259Z,70,ok,,59,,0
Q01133,14,1,carrier_track,ORBU8686665,2026-08-31T01:00:47.334Z,2325,ok,,59,0,0.004
Q01133,15,1,get_shipment,SNDU9481774,2026-08-31T01:00:50.316Z,70,ok,,59,,0
Q01133,16,1,carrier_track,SNDU9481774,2026-08-31T01:00:51.179Z,1522,ok,,59,0,0.004
Q01133,17,1,get_shipment,SNDU9947044,2026-08-31T01:00:53.692Z,63,ok,,58,,0
Q01133,18,1,get_shipment,KSTU3708950,2026-08-31T01:00:54.798Z,56,ok,,59,,0
Q01133,19,1,get_shipment,ZNTU4284050,2026-08-31T01:00:55.903Z,45,ok,,60,,0
Q01133,20,1,carrier_track,ZNTU4284050,2026-08-31T01:00:56.930Z,2212,ok,,60,0,0.004
Q01133,21,1,get_shipment,ORBU8695218,2026-08-31T01:01:00.504Z,87,ok,,59,,0
Q01133,22,1,carrier_track,ORBU8695218,2026-08-31T01:01:01.478Z,1566,ok,,59,0,0.004
Q01133,23,1,get_shipment,QVRU2410314,2026-08-31T01:01:04.076Z,83,ok,,61,,0
Q01133,24,1,carrier_track,QVRU2410314,2026-08-31T01:01:05.139Z,3082,ok,,61,0,0.004
Q01133,25,1,get_shipment,ORBU3173581,2026-08-31T01:01:09.806Z,68,ok,,60,,0
Q01134,1,1,list_shipments,status=in_transit,2026-08-31T01:00:27.230Z,68,ok,105,,,0
Q01134,2,1,get_shipment,ORBU6345416,2026-08-31T01:00:27.887Z,73,ok,,58,,0
Q01134,3,1,get_shipment,SNDU2702289,2026-08-31T01:00:29.029Z,60,ok,,60,,0
Q01134,4,1,get_shipment,SNDU7312081,2026-08-31T01:00:29.942Z,65,ok,,58,,0
Q01134,5,1,get_shipment,ZNTU6771478,2026-08-31T01:00:31.006Z,81,ok,,60,,0
Q01134,6,1,get_shipment,KSTU8807342,2026-08-31T01:00:32.144Z,85,ok,,58,,0
Q01134,7,1,carrier_track,KSTU8807342,2026-08-31T01:00:33.117Z,2477,ok,,58,0,0.004
Q01134,8,1,get_shipment,ZNTU6878862,2026-08-31T01:00:36.442Z,80,ok,,60,,0
Q01134,9,1,carrier_track,ZNTU6878862,2026-08-31T01:00:37.539Z,1493,ok,,60,0,0.004
Q01134,10,1,get_shipment,ORBU8686665,2026-08-31T01:00:40.009Z,77,ok,,59,,0
Q01134,11,1,carrier_track,ORBU8686665,2026-08-31T01:00:40.975Z,2332,ok,,59,0,0.004
Q01134,12,1,get_shipment,SNDU9481774,2026-08-31T01:00:44.077Z,60,ok,,59,,0
Q01134,13,1,carrier_track,SNDU9481774,2026-08-31T01:00:44.824Z,1218,ok,,59,0,0.004
Q01134,14,1,get_shipment,SNDU9947044,2026-08-31T01:00:47.110Z,53,ok,,58,,0
Q01134,15,1,carrier_track,SNDU9947044,2026-08-31T01:00:47.858Z,2706,ok,,58,0,0.004
Q01134,16,1,get_shipment,KSTU3708950,2026-08-31T01:00:51.739Z,46,ok,,59,,0
Q01134,17,1,carrier_track,KSTU3708950,2026-08-31T01:00:52.622Z,3572,ok,,59,0,0.004
Q01134,18,1,get_shipment,ZNTU4284050,2026-08-31T01:00:57.265Z,59,ok,,60,,0
Q01134,19,1,get_shipment,ORBU8695218,2026-08-31T01:00:58.132Z,84,ok,,58,,0
Q01134,20,1,get_shipment,QVRU2410314,2026-08-31T01:00:59.171Z,42,ok,,60,,0
Q01134,21,1,get_shipment,ORBU3173581,2026-08-31T01:00:59.998Z,48,ok,,59,,0
Q01134,22,1,carrier_track,ORBU3173581,2026-08-31T01:01:01.166Z,1253,ok,,60,0,0.004
Q01134,23,1,get_shipment,QVRU5511786,2026-08-31T01:01:03.436Z,63,ok,,61,,0
Q01134,24,1,get_shipment,ORBU8008855,2026-08-31T01:01:04.353Z,56,ok,,59,,0
Q01134,25,1,get_shipment,QVRU1257465,2026-08-31T01:01:05.757Z,95,ok,,61,,0
Q01135,1,1,list_shipments,status=in_transit,2026-08-31T01:00:31.221Z,98,ok,105,,,0
Q01135,2,1,get_shipment,ORBU6345416,2026-08-31T01:00:32.440Z,50,ok,,58,,0
Q01135,3,1,carrier_track,ORBU6345416,2026-08-31T01:00:33.308Z,1718,ok,,58,0,0.004
Q01135,4,1,get_shipment,SNDU2702289,2026-08-31T01:00:35.651Z,65,ok,,60,,0
Q01135,5,1,carrier_track,SNDU2702289,2026-08-31T01:00:36.840Z,2469,ok,,60,0,0.004
Q01135,6,1,get_shipment,SNDU7312081,2026-08-31T01:00:40.151Z,70,ok,,58,,0
Q01135,7,1,carrier_track,SNDU7312081,2026-08-31T01:00:41.020Z,2913,ok,,58,0,0.004
Q01135,8,1,get_shipment,ZNTU6771478,2026-08-31T01:00:44.797Z,64,ok,,60,,0
Q01135,9,1,get_shipment,KSTU8807342,2026-08-31T01:00:45.906Z,73,ok,,58,,0
Q01135,10,1,carrier_track,KSTU8807342,2026-08-31T01:00:47.171Z,1058,ok,,58,0,0.004
Q01135,11,1,get_shipment,ZNTU6878862,2026-08-31T01:00:49.034Z,61,ok,,60,,0
Q01135,12,1,carrier_track,ZNTU6878862,2026-08-31T01:00:50.040Z,2009,ok,,60,0,0.004
Q01135,13,1,get_shipment,ORBU8686665,2026-08-31T01:00:53.242Z,54,ok,,59,,0
Q01135,14,1,carrier_track,ORBU8686665,2026-08-31T01:00:54.274Z,1835,ok,,59,0,0.004
Q01135,15,1,get_shipment,SNDU9481774,2026-08-31T01:00:56.935Z,75,ok,,59,,0
Q01135,16,1,carrier_track,SNDU9481774,2026-08-31T01:00:57.983Z,2006,ok,,59,0,0.004
Q01135,17,1,get_shipment,SNDU9947044,2026-08-31T01:01:01.082Z,42,ok,,59,,0
Q01135,18,1,get_shipment,KSTU3708950,2026-08-31T01:01:02.196Z,65,ok,,60,,0
Q01135,19,1,carrier_track,KSTU3708950,2026-08-31T01:01:03.293Z,1633,ok,,60,0,0.004
Q01135,20,1,get_shipment,ZNTU4284050,2026-08-31T01:01:06.151Z,64,ok,,61,,0
Q01135,21,1,get_shipment,ORBU8695218,2026-08-31T01:01:07.211Z,96,ok,,59,,0
Q01135,22,1,carrier_track,ORBU8695218,2026-08-31T01:01:08.278Z,1471,ok,,59,0,0.004
Q01135,23,1,get_shipment,QVRU2410314,2026-08-31T01:01:10.664Z,43,ok,,61,,0
Q01135,24,1,carrier_track,QVRU2410314,2026-08-31T01:01:11.902Z,1803,ok,,61,0,0.004
Q01135,25,1,get_shipment,ORBU3173581,2026-08-31T01:01:15.092Z,24,ok,,60,,0
Q01136,1,1,list_shipments,status=in_transit,2026-08-31T01:00:35.930Z,80,ok,105,,,0
Q01136,2,1,get_shipment,ORBU6345416,2026-08-31T01:00:36.788Z,47,ok,,58,,0
Q01136,3,1,get_shipment,SNDU2702289,2026-08-31T01:00:37.793Z,50,ok,,60,,0
Q01136,4,1,carrier_track,SNDU2702289,2026-08-31T01:00:38.574Z,2413,ok,,60,0,0.004
Q01136,5,1,get_shipment,SNDU7312081,2026-08-31T01:00:41.688Z,51,ok,,58,,0
Q01136,6,1,carrier_track,SNDU7312081,2026-08-31T01:00:42.658Z,1424,ok,,58,0,0.004
Q01136,7,1,get_shipment,ZNTU6771478,2026-08-31T01:00:45.083Z,37,ok,,60,,0
Q01136,8,1,carrier_track,ZNTU6771478,2026-08-31T01:00:45.907Z,1978,ok,,60,0,0.004
Q01136,9,1,get_shipment,KSTU8807342,2026-08-31T01:00:48.664Z,88,ok,,58,,0
Q01136,10,1,get_shipment,ZNTU6878862,2026-08-31T01:00:50.073Z,54,ok,,60,,0
Q01136,11,1,carrier_track,ZNTU6878862,2026-08-31T01:00:51.033Z,2279,ok,,60,0,0.004
Q01136,12,1,get_shipment,ORBU8686665,2026-08-31T01:00:53.894Z,55,ok,,59,,0
Q01136,13,1,carrier_track,ORBU8686665,2026-08-31T01:00:54.735Z,1852,ok,,59,0,0.004
Q01136,14,1,get_shipment,SNDU9481774,2026-08-31T01:00:57.710Z,70,ok,,59,,0
Q01136,15,1,carrier_track,SNDU9481774,2026-08-31T01:00:58.848Z,2267,ok,,59,0,0.004
Q01136,16,1,get_shipment,SNDU9947044,2026-08-31T01:01:01.972Z,58,ok,,59,,0
Q01136,17,1,carrier_track,SNDU9947044,2026-08-31T01:01:03.164Z,997,ok,,59,0,0.004
Q01136,18,1,get_shipment,KSTU3708950,2026-08-31T01:01:04.978Z,53,ok,,60,,0
Q01136,19,1,get_shipment,ZNTU4284050,2026-08-31T01:01:06.428Z,74,ok,,61,,0
Q01136,20,1,carrier_track,ZNTU4284050,2026-08-31T01:01:07.690Z,1557,ok,,61,0,0.004
Q01136,21,1,get_shipment,ORBU8695218,2026-08-31T01:01:10.261Z,48,ok,,59,,0
Q01136,22,1,get_shipment,QVRU2410314,2026-08-31T01:01:11.263Z,52,ok,,61,,0
Q01136,23,1,carrier_track,QVRU2410314,2026-08-31T01:01:12.148Z,2273,ok,,61,0,0.004
Q01136,24,1,get_shipment,ORBU3173581,2026-08-31T01:01:15.240Z,72,ok,,60,,0
Q01136,25,1,carrier_track,ORBU3173581,2026-08-31T01:01:16.458Z,1835,ok,,60,0,0.004
Q01137,1,1,list_shipments,status=in_transit,2026-08-31T01:00:39.487Z,62,ok,105,,,0
Q01137,2,1,get_shipment,ORBU6345416,2026-08-31T01:00:40.247Z,95,ok,,58,,0
Q01137,3,1,get_shipment,SNDU2702289,2026-08-31T01:00:41.260Z,92,ok,,60,,0
Q01137,4,1,get_shipment,SNDU7312081,2026-08-31T01:00:42.197Z,48,ok,,58,,0
Q01137,5,1,carrier_track,SNDU7312081,2026-08-31T01:00:43.477Z,1395,ok,,58,0,0.004
Q01137,6,1,get_shipment,ZNTU6771478,2026-08-31T01:00:45.823Z,54,ok,,60,,0
Q01137,7,1,carrier_track,ZNTU6771478,2026-08-31T01:00:46.576Z,1849,ok,,60,0,0.004
Q01137,8,1,get_shipment,KSTU8807342,2026-08-31T01:00:49.195Z,70,ok,,58,,0
Q01137,9,1,get_shipment,ZNTU6878862,2026-08-31T01:00:50.276Z,78,ok,,60,,0
Q01137,10,1,carrier_track,ZNTU6878862,2026-08-31T01:00:51.407Z,2870,ok,,60,0,0.004
Q01137,11,1,get_shipment,ORBU8686665,2026-08-31T01:00:55.211Z,72,ok,,59,,0
Q01137,12,1,carrier_track,ORBU8686665,2026-08-31T01:00:56.015Z,2102,ok,,59,0,0.004
Q01137,13,1,get_shipment,SNDU9481774,2026-08-31T01:00:59.232Z,85,ok,,59,,0
Q01137,14,1,get_shipment,SNDU9947044,2026-08-31T01:01:00.057Z,52,ok,,59,,0
Q01137,15,1,get_shipment,KSTU3708950,2026-08-31T01:01:00.900Z,41,ok,,60,,0
Q01137,16,1,carrier_track,KSTU3708950,2026-08-31T01:01:01.772Z,1729,ok,,60,0,0.004
Q01137,17,1,get_shipment,ZNTU4284050,2026-08-31T01:01:04.643Z,47,ok,,61,,0
Q01137,18,1,get_shipment,ORBU8695218,2026-08-31T01:01:05.689Z,47,ok,,59,,0
Q01137,19,1,carrier_track,ORBU8695218,2026-08-31T01:01:06.815Z,2075,ok,,59,0,0.004
Q01137,20,1,get_shipment,QVRU2410314,2026-08-31T01:01:09.647Z,31,ok,,61,,0
Q01137,21,1,get_shipment,ORBU3173581,2026-08-31T01:01:10.775Z,55,ok,,60,,0
Q01137,22,1,carrier_track,ORBU3173581,2026-08-31T01:01:11.816Z,1326,ok,,60,0,0.004
Q01137,23,1,get_shipment,QVRU5511786,2026-08-31T01:01:14.258Z,48,ok,,61,,0
Q01137,24,1,get_shipment,ORBU8008855,2026-08-31T01:01:15.100Z,36,ok,,59,,0
Q01137,25,1,carrier_track,ORBU8008855,2026-08-31T01:01:16.175Z,2068,ok,,59,0,0.004
Q01138,1,1,list_shipments,status=in_transit,2026-08-31T01:00:43.835Z,80,ok,105,,,0
Q01138,2,1,get_shipment,ORBU6345416,2026-08-31T01:00:44.756Z,47,ok,,58,,0
Q01138,3,1,get_shipment,SNDU2702289,2026-08-31T01:00:45.800Z,70,ok,,60,,0
Q01138,4,1,get_shipment,SNDU7312081,2026-08-31T01:00:46.875Z,40,ok,,58,,0
Q01138,5,1,carrier_track,SNDU7312081,2026-08-31T01:00:47.841Z,2600,ok,,58,0,0.004
Q01138,6,1,get_shipment,ZNTU6771478,2026-08-31T01:00:51.176Z,37,ok,,60,,0
Q01138,7,1,get_shipment,KSTU8807342,2026-08-31T01:00:51.953Z,47,ok,,58,,0
Q01138,8,1,get_shipment,ZNTU6878862,2026-08-31T01:00:52.757Z,69,ok,,60,,0
Q01138,9,1,carrier_track,ZNTU6878862,2026-08-31T01:00:54.377Z,1193,ok,,60,0,0.004
Q01138,10,1,get_shipment,ORBU8686665,2026-08-31T01:00:56.238Z,33,ok,,59,,0
Q01138,11,1,get_shipment,SNDU9481774,2026-08-31T01:00:57.585Z,48,ok,,59,,0
Q01138,12,1,get_shipment,SNDU9947044,2026-08-31T01:00:58.410Z,106,ok,,58,,0
Q01138,13,1,carrier_track,SNDU9947044,2026-08-31T01:00:59.193Z,1922,ok,,58,0,0.004
Q01138,14,1,get_shipment,KSTU3708950,2026-08-31T01:01:01.971Z,70,ok,,60,,0
Q01138,15,1,get_shipment,ZNTU4284050,2026-08-31T01:01:02.626Z,86,ok,,61,,0
Q01138,16,1,get_shipment,ORBU8695218,2026-08-31T01:01:03.492Z,62,ok,,59,,0
Q01138,17,1,get_shipment,QVRU2410314,2026-08-31T01:01:04.265Z,80,ok,,61,,0
Q01138,18,1,get_shipment,ORBU3173581,2026-08-31T01:01:05.689Z,62,ok,,60,,0
Q01138,19,1,carrier_track,ORBU3173581,2026-08-31T01:01:06.758Z,1769,ok,,60,0,0.004
Q01138,20,1,get_shipment,QVRU5511786,2026-08-31T01:01:09.455Z,88,ok,,61,,0
Q01138,21,1,carrier_track,QVRU5511786,2026-08-31T01:01:10.370Z,1302,ok,,61,0,0.004
Q01138,22,1,get_shipment,ORBU8008855,2026-08-31T01:01:12.492Z,57,ok,,59,,0
Q01138,23,1,get_shipment,QVRU1257465,2026-08-31T01:01:13.616Z,107,ok,,61,,0
Q01138,24,1,get_shipment,ORBU4610140,2026-08-31T01:01:15.129Z,65,ok,,59,,0
Q01138,25,1,get_shipment,QVRU2186531,2026-08-31T01:01:16.160Z,58,ok,,61,,0
Q01139,1,1,list_shipments,status=in_transit,2026-08-31T01:00:49.438Z,97,ok,105,,,0
Q01139,2,1,get_shipment,ORBU6345416,2026-08-31T01:00:50.262Z,52,ok,,58,,0
Q01139,3,1,carrier_track,ORBU6345416,2026-08-31T01:00:51.008Z,1930,ok,,58,0,0.004
Q01139,4,1,get_shipment,SNDU2702289,2026-08-31T01:00:53.607Z,80,ok,,60,,0
Q01139,5,1,carrier_track,SNDU2702289,2026-08-31T01:00:54.624Z,3300,ok,,60,0,0.004
Q01139,6,1,get_shipment,SNDU7312081,2026-08-31T01:00:58.803Z,75,ok,,58,,0
Q01139,7,1,get_shipment,ZNTU6771478,2026-08-31T01:00:59.829Z,114,ok,,60,,0
Q01139,8,1,carrier_track,ZNTU6771478,2026-08-31T01:01:00.961Z,3705,ok,,61,0,0.004
Q01139,9,1,get_shipment,KSTU8807342,2026-08-31T01:01:05.394Z,67,ok,,59,,0
Q01139,10,1,get_shipment,ZNTU6878862,2026-08-31T01:01:06.520Z,53,ok,,61,,0
Q01139,11,1,carrier_track,ZNTU6878862,2026-08-31T01:01:07.271Z,1438,ok,,61,0,0.004
Q01139,12,1,get_shipment,ORBU8686665,2026-08-31T01:01:09.592Z,59,ok,,60,,0
Q01139,13,1,get_shipment,SNDU9481774,2026-08-31T01:01:10.436Z,84,ok,,60,,0
Q01139,14,1,carrier_track,SNDU9481774,2026-08-31T01:01:11.352Z,1806,ok,,60,0,0.004
Q01139,15,1,get_shipment,SNDU9947044,2026-08-31T01:01:14.008Z,44,ok,,59,,0
Q01139,16,1,get_shipment,KSTU3708950,2026-08-31T01:01:15.234Z,46,ok,,60,,0
Q01139,17,1,carrier_track,KSTU3708950,2026-08-31T01:01:16.392Z,2458,ok,,60,0,0.004
Q01139,18,1,get_shipment,ZNTU4284050,2026-08-31T01:01:19.779Z,63,ok,,61,,0
Q01139,19,1,carrier_track,ZNTU4284050,2026-08-31T01:01:20.881Z,3921,ok,,61,0,0.004
Q01139,20,1,get_shipment,ORBU8695218,2026-08-31T01:01:25.701Z,54,ok,,59,,0
Q01139,21,1,carrier_track,ORBU8695218,2026-08-31T01:01:27.005Z,2733,ok,,59,0,0.004
Q01139,22,1,get_shipment,QVRU2410314,2026-08-31T01:01:30.783Z,63,ok,,61,,0
Q01139,23,1,get_shipment,ORBU3173581,2026-08-31T01:01:31.590Z,107,ok,,60,,0
Q01139,24,1,carrier_track,ORBU3173581,2026-08-31T01:01:32.986Z,2559,ok,,60,0,0.004
Q01139,25,1,get_shipment,QVRU5511786,2026-08-31T01:01:36.489Z,70,ok,,61,,0
Q01140,1,1,list_shipments,status=in_transit,2026-08-31T01:00:56.159Z,77,ok,105,,,0
Q01140,2,1,get_shipment,ORBU6345416,2026-08-31T01:00:57.101Z,56,ok,,58,,0
Q01140,3,1,carrier_track,ORBU6345416,2026-08-31T01:00:58.097Z,1414,ok,,58,0,0.004
Q01140,4,1,get_shipment,SNDU2702289,2026-08-31T01:01:00.377Z,120,ok,,61,,0
Q01140,5,1,get_shipment,SNDU7312081,2026-08-31T01:01:01.341Z,45,ok,,59,,0
Q01140,6,1,carrier_track,SNDU7312081,2026-08-31T01:01:02.251Z,2311,ok,,59,0,0.004
Q01140,7,1,get_shipment,ZNTU6771478,2026-08-31T01:01:05.356Z,95,ok,,61,,0
Q01140,8,1,carrier_track,ZNTU6771478,2026-08-31T01:01:06.605Z,3211,ok,,61,0,0.004
Q01140,9,1,get_shipment,KSTU8807342,2026-08-31T01:01:10.965Z,61,ok,,59,,0
Q01140,10,1,get_shipment,ZNTU6878862,2026-08-31T01:01:11.999Z,72,ok,,61,,0
Q01140,11,1,get_shipment,ORBU8686665,2026-08-31T01:01:13.049Z,94,ok,,60,,0
Q01140,12,1,carrier_track,ORBU8686665,2026-08-31T01:01:14.258Z,1570,ok,,60,0,0.004
Q01140,13,1,get_shipment,SNDU9481774,2026-08-31T01:01:17.192Z,88,ok,,60,,0
Q01140,14,1,carrier_track,SNDU9481774,2026-08-31T01:01:18.167Z,1198,ok,,60,0,0.004
Q01140,15,1,get_shipment,SNDU9947044,2026-08-31T01:01:20.725Z,118,ok,,59,,0
Q01140,16,1,carrier_track,SNDU9947044,2026-08-31T01:01:21.461Z,2591,ok,,59,0,0.004
Q01140,17,1,get_shipment,KSTU3708950,2026-08-31T01:01:25.137Z,64,ok,,60,,0
Q01140,18,1,get_shipment,ZNTU4284050,2026-08-31T01:01:26.454Z,58,ok,,61,,0
Q01140,19,1,carrier_track,ZNTU4284050,2026-08-31T01:01:27.250Z,1986,ok,,61,0,0.004
Q01140,20,1,get_shipment,ORBU8695218,2026-08-31T01:01:30.123Z,87,ok,,59,,0
Q01140,21,1,carrier_track,ORBU8695218,2026-08-31T01:01:31.740Z,2277,ok,,59,0,0.004
Q01140,22,1,get_shipment,QVRU2410314,2026-08-31T01:01:34.723Z,114,ok,,61,,0
Q01140,23,1,carrier_track,QVRU2410314,2026-08-31T01:01:35.742Z,2407,ok,,61,0,0.004
Q01140,24,1,get_shipment,ORBU3173581,2026-08-31T01:01:39.511Z,39,ok,,60,,0
Q01140,25,1,carrier_track,ORBU3173581,2026-08-31T01:01:40.417Z,2113,ok,,60,0,0.004
Q01141,1,1,list_shipments,status=at_origin,2026-08-31T01:01:01.625Z,151,ok,88,,,0
Q01141,2,1,get_shipment,CBTU1905850,2026-08-31T01:01:02.957Z,64,ok,,59,,0
Q01141,3,1,carrier_track,CBTU1905850,2026-08-31T01:01:04.181Z,1338,ok,,59,0,0.004
Q01141,4,1,get_shipment,CBTU5441883,2026-08-31T01:01:06.660Z,55,ok,,61,,0
Q01141,5,1,carrier_track,CBTU5441883,2026-08-31T01:01:07.596Z,2947,ok,,61,0,0.004
Q01141,6,1,get_shipment,SNDU6001115,2026-08-31T01:01:11.504Z,75,ok,,60,,0
Q01141,7,1,get_shipment,KSTU7722368,2026-08-31T01:01:12.442Z,52,ok,,60,,0
Q01141,8,1,carrier_track,KSTU7722368,2026-08-31T01:01:13.372Z,1520,ok,,60,0,0.004
Q01141,9,1,get_shipment,ORBU1486206,2026-08-31T01:01:15.610Z,64,ok,,61,,0
Q01141,10,1,carrier_track,ORBU1486206,2026-08-31T01:01:16.645Z,3135,ok,,61,0,0.004
Q01141,11,1,get_shipment,CBTU6776075,2026-08-31T01:01:20.789Z,41,ok,,60,,0
Q01141,12,1,get_shipment,KSTU9097578,2026-08-31T01:01:22.004Z,39,ok,,61,,0
Q01141,13,1,get_shipment,ZNTU4344024,2026-08-31T01:01:22.923Z,63,ok,,59,,0
Q01141,14,1,carrier_track,ZNTU4344024,2026-08-31T01:01:23.743Z,1592,ok,,59,0,0.004
Q01141,15,1,get_shipment,ORBU2455421,2026-08-31T01:01:26.274Z,62,ok,,60,,0
Q01141,16,1,carrier_track,ORBU2455421,2026-08-31T01:01:27.023Z,1788,ok,,60,0,0.004
Q01141,17,1,get_shipment,CBTU2724228,2026-08-31T01:01:29.837Z,38,ok,,61,,0
Q01141,18,1,carrier_track,CBTU2724228,2026-08-31T01:01:30.838Z,1851,ok,,61,0,0.004
Q01141,19,1,get_shipment,KSTU1065976,2026-08-31T01:01:33.519Z,91,ok,,60,,0
Q01141,20,1,carrier_track,KSTU1065976,2026-08-31T01:01:34.509Z,3514,ok,,60,0,0.004
Q01141,21,1,get_shipment,SNDU9094788,2026-08-31T01:01:38.915Z,58,ok,,61,,0
Q01141,22,1,get_shipment,SNDU1467509,2026-08-31T01:01:39.657Z,80,ok,,60,,0
Q01141,23,1,get_shipment,SNDU5355235,2026-08-31T01:01:41.027Z,50,ok,,60,,0
Q01141,24,1,get_shipment,KSTU2579162,2026-08-31T01:01:41.971Z,38,ok,,59,,0
Q01141,25,1,carrier_track,KSTU2579162,2026-08-31T01:01:42.924Z,2204,ok,,59,0,0.004
Q01149,1,1,get_shipment,KSTU8875252,2026-08-31T01:04:31.763Z,66,ok,,62,,0
Q01149,2,1,carrier_track,KSTU8875252,2026-08-31T01:04:32.540Z,3364,ok,,62,0,0.004
Q01150,1,1,get_shipment,CBTU7616393,2026-08-31T01:05:43.774Z,86,ok,,65,,0
Q01152,1,1,get_shipment,ZNTU3342033,2026-08-31T01:25:36.485Z,61,ok,,84,,0
Q01154,1,1,get_shipment,QVRU2789766,2026-08-31T01:31:39.560Z,44,ok,,91,,0
Q01155,1,1,get_shipment,QVRU7174423,2026-08-31T01:41:08.973Z,100,ok,,100,,0
Q01156,1,1,get_shipment,KSTU5315327,2026-08-31T01:41:27.181Z,66,ok,,101,,0
Q01156,2,1,carrier_track,KSTU5315327,2026-08-31T01:41:28.654Z,2044,ok,,101,0,0.004
Q01158,1,1,get_shipment,SNDU9339547,2026-08-31T02:01:25.122Z,65,ok,,120,,0
Q01158,2,1,carrier_track,SNDU9339547,2026-08-31T02:01:26.248Z,1532,ok,,120,0,0.004
Q01159,1,1,get_shipment,ZNTU3839727,2026-08-31T02:02:53.978Z,42,ok,,121,,0
Q01159,2,1,carrier_track,ZNTU3839727,2026-08-31T02:02:54.680Z,2779,ok,,121,0,0.004
Q01160,1,1,get_shipment,ORBU5012569,2026-08-31T02:10:00.654Z,67,ok,,128,,0
Q01160,2,1,carrier_track,ORBU5012569,2026-08-31T02:10:01.483Z,1109,ok,,128,0,0.004
Q01163,1,1,get_shipment,KSTU8803319,2026-08-31T02:35:53.338Z,65,ok,,155,,0
Q01163,2,1,carrier_track,KSTU8803319,2026-08-31T02:35:53.998Z,1108,ok,,155,0,0.004
Q01164,1,1,search_docs,BK774147,2026-08-31T02:43:12.556Z,496,ok,,,,0
Q01164,2,1,search_docs,BK774147,2026-08-31T02:43:13.842Z,662,ok,,,,0
Q01165,1,1,get_shipment,CBTU7616393,2026-08-31T02:51:45.175Z,76,ok,,171,,0
Q01165,2,1,carrier_track,CBTU7616393,2026-08-31T02:51:45.868Z,4379,ok,,171,0,0.004
Q01166,1,1,get_shipment,QVRU6439220,2026-08-31T03:03:21.492Z,79,ok,,181,,0
Q01166,2,1,carrier_track,QVRU6439220,2026-08-31T03:03:22.534Z,1116,ok,,181,0,0.004
Q01167,1,1,get_shipment,KSTU8186330,2026-08-31T03:17:24.560Z,47,ok,,197,,0
Q01167,2,1,carrier_track,KSTU8186330,2026-08-31T03:17:25.386Z,2985,ok,,197,0,0.004
Q01168,1,1,get_shipment,BK423183,2026-08-31T03:24:08.536Z,78,ok,,202,,0
Q01169,1,1,get_shipment,ORBU6345416,2026-08-31T03:38:25.871Z,62,ok,,216,,0
Q01169,2,1,carrier_track,ORBU6345416,2026-08-31T03:38:26.863Z,2486,ok,,216,1,0.004
Q01170,1,1,get_shipment,CBTU8201531,2026-08-31T04:07:58.575Z,39,ok,,5,,0
Q01171,1,1,search_docs,BK100187,2026-08-31T04:11:15.845Z,334,ok,,,,0
Q01171,2,1,search_docs,BK100187,2026-08-31T04:11:16.926Z,428,ok,,,,0
Q01172,1,1,get_shipment,ORBU6645798,2026-08-31T04:30:48.868Z,70,ok,,29,,0
Q01172,2,1,carrier_track,ORBU6645798,2026-08-31T04:30:49.784Z,1568,ok,,29,0,0.004
Q01173,1,1,get_shipment,ZNTU3013959,2026-08-31T04:44:39.224Z,59,ok,,43,,0
Q01174,1,1,get_shipment,BK752181,2026-08-31T05:20:02.731Z,73,ok,,80,,0
Q01175,1,1,get_shipment,QVRU6439220,2026-08-31T05:25:11.682Z,63,ok,,83,,0
Q01176,1,1,search_docs,BK624798,2026-08-31T05:30:40.057Z,332,ok,,,,0
Q01177,1,1,search_docs,BK540975,2026-08-31T05:45:54.977Z,428,ok,,,,0
Q01179,1,1,search_docs,BK249177,2026-08-31T06:00:35.410Z,444,ok,,,,0
Q01179,2,1,get_shipment,BK249177,2026-08-31T06:00:36.668Z,40,ok,,118,,0
Q01181,1,1,get_shipment,ORBU5351419,2026-08-31T06:06:56.606Z,46,ok,,124,,0
Q01181,2,1,carrier_track,ORBU5351419,2026-08-31T06:06:57.589Z,2244,ok,,124,0,0.004
Q01184,1,1,get_shipment,KSTU9270218,2026-08-31T06:13:15.560Z,101,ok,,132,,0
Q01184,2,1,carrier_track,KSTU9270218,2026-08-31T06:13:16.725Z,1734,ok,,132,0,0.004
Q01185,1,1,search_docs,BK592299,2026-08-31T06:23:47.822Z,693,ok,,,,0
Q01185,2,1,get_shipment,BK592299,2026-08-31T06:23:49.347Z,82,ok,,143,,0
Q01186,1,1,get_shipment,QVRU7051698,2026-08-31T06:37:47.331Z,63,ok,,156,,0
Q01186,2,1,carrier_track,QVRU7051698,2026-08-31T06:37:48.579Z,1420,ok,,156,0,0.004
Q01187,1,1,get_shipment,SNDU4413086,2026-08-31T06:43:41.897Z,48,ok,,162,,0
Q01188,1,1,get_shipment,SNDU1269773,2026-08-31T06:45:24.648Z,45,ok,,163,,0
Q01188,2,1,carrier_track,SNDU1269773,2026-08-31T06:45:25.400Z,2632,ok,,163,1,0.004
Q01189,1,1,get_shipment,BK677122,2026-08-31T06:49:18.578Z,81,ok,,168,,0
Q01189,2,1,carrier_track,SNDU9339547,2026-08-31T06:49:19.415Z,1625,ok,,168,0,0.004
Q01190,1,1,get_shipment,QVRU2410314,2026-08-31T07:09:20.962Z,63,ok,,189,,0
Q01190,2,1,carrier_track,QVRU2410314,2026-08-31T07:09:22.106Z,1490,ok,,189,0,0.004
Q01191,1,1,get_shipment,SNDU6790659,2026-08-31T07:15:11.494Z,51,ok,,195,,0
Q01191,2,1,carrier_track,SNDU6790659,2026-08-31T07:15:12.510Z,2499,ok,,195,0,0.004
Q01192,1,1,get_shipment,QVRU4028605,2026-08-31T07:22:52.973Z,49,ok,,202,,0
Q01193,1,1,get_shipment,BK378464,2026-08-31T07:29:40.659Z,41,ok,,209,,0
Q01193,2,1,carrier_track,QVRU2410314,2026-08-31T07:29:41.445Z,1965,ok,,209,0,0.004
Q01194,1,1,search_docs,BK560741,2026-08-31T07:33:35.127Z,519,ok,,,,0
Q01195,1,1,search_docs,BK444011,2026-08-31T07:43:41.127Z,360,ok,,,,0
Q01195,2,1,get_shipment,BK444011,2026-08-31T07:43:42.463Z,82,ok,,221,,0
Q01196,1,1,get_shipment,ZNTU8325728,2026-08-31T07:49:55.270Z,57,ok,,227,,0
Q01196,2,1,carrier_track,ZNTU8325728,2026-08-31T07:49:56.534Z,1775,ok,,227,0,0.004
Q01197,1,1,search_docs,BK966552,2026-08-31T08:00:17.752Z,399,ok,,,,0
Q01197,2,1,search_docs,BK966552,2026-08-31T08:00:19.038Z,357,ok,,,,0
Q01198,1,1,get_shipment,ZNTU2305306,2026-08-31T08:02:45.495Z,55,ok,,2,,0
Q01198,2,1,carrier_track,ZNTU2305306,2026-08-31T08:02:46.356Z,1816,ok,,2,0,0.004
Q01199,1,1,get_shipment,KSTU9097578,2026-08-31T08:18:39.322Z,54,ok,,18,,0
Q01199,2,1,carrier_track,KSTU9097578,2026-08-31T08:18:40.495Z,2258,ok,,18,0,0.004
Q01200,1,1,get_shipment,ORBU8695218,2026-08-31T08:19:18.034Z,59,ok,,17,,0
Q01200,2,1,carrier_track,ORBU8695218,2026-08-31T08:19:18.755Z,2155,ok,,17,0,0.004
Q01202,1,1,get_shipment,KSTU8582626,2026-08-31T08:33:06.359Z,91,ok,,32,,0
Q01202,2,1,carrier_track,KSTU8582626,2026-08-31T08:33:06.947Z,1809,ok,,32,0,0.004
Q01203,1,1,get_shipment,SNDU3688987,2026-08-31T08:33:48.522Z,62,ok,,32,,0
Q01203,2,1,carrier_track,SNDU3688987,2026-08-31T08:33:49.575Z,2300,ok,,32,0,0.004
Q01204,1,1,get_shipment,QVRU3380872,2026-08-31T08:43:25.015Z,40,ok,,42,,0
Q01204,2,1,carrier_track,QVRU3380872,2026-08-31T08:43:25.880Z,1442,ok,,42,0,0.004
Q01206,1,1,get_shipment,KSTU1810196,2026-08-31T08:53:26.818Z,83,ok,,51,,0
Q01206,2,1,carrier_track,KSTU1810196,2026-08-31T08:53:28.091Z,2405,ok,,51,0,0.004
Q01207,1,1,search_docs,BK661197,2026-08-31T08:53:50.730Z,469,ok,,,,0
Q01207,2,1,search_docs,BK661197,2026-08-31T08:53:52.068Z,467,ok,,,,0
Q01208,1,1,get_shipment,KSTU1065976,2026-08-31T09:09:14.634Z,57,ok,,68,,0
Q01208,2,1,carrier_track,KSTU1065976,2026-08-31T09:09:15.648Z,1734,ok,,68,0,0.004
Q01209,1,1,search_docs,BK854526,2026-08-31T09:11:25.474Z,503,ok,,,,0
Q01210,1,1,get_shipment,SNDU6530860,2026-08-31T09:41:12.325Z,118,ok,,101,,0
Q01210,2,1,carrier_track,SNDU6530860,2026-08-31T09:41:13.249Z,2659,ok,,101,0,0.004
Q01211,1,1,get_shipment,ZNTU2305306,2026-08-31T09:41:46.632Z,85,ok,,101,,0
Q01211,2,1,carrier_track,ZNTU2305306,2026-08-31T09:41:47.363Z,2060,ok,,101,0,0.004
Q01213,1,1,get_shipment,SNDU7152201,2026-08-31T09:57:13.212Z,61,ok,,115,,0
Q01214,1,1,search_docs,BK364444,2026-09-01T00:07:10.966Z,445,ok,,,,0
Q01214,2,1,get_shipment,BK364444,2026-09-01T00:07:12.420Z,54,ok,,7,,0
Q01216,1,1,search_docs,BK341944,2026-09-01T01:05:36.072Z,540,ok,,,,0
Q01216,2,1,get_shipment,BK341944,2026-09-01T01:05:37.240Z,61,ok,,64,,0
Q01217,1,1,get_shipment,BK661197,2026-09-01T01:13:10.126Z,44,ok,,71,,0
Q01217,2,1,carrier_track,QVRU9438453,2026-09-01T01:13:11.124Z,1712,ok,,71,0,0.004
Q01218,1,1,search_docs,BK465413,2026-09-01T01:16:09.664Z,558,ok,,,,0
Q01219,1,1,get_shipment,CBTU8950025,2026-09-01T01:16:53.946Z,73,ok,,76,,0
Q01219,2,1,carrier_track,CBTU8950025,2026-09-01T01:16:54.757Z,2200,ok,,76,0,0.004
Q01220,1,1,get_shipment,ZNTU6302909,2026-09-01T01:30:13.287Z,48,ok,,89,,0
Q01220,2,1,carrier_track,ZNTU6302909,2026-09-01T01:30:14.156Z,1528,ok,,89,0,0.004
Q01221,1,1,get_shipment,ORBU8700252,2026-09-01T01:31:16.099Z,43,ok,,90,,0
Q01221,2,1,carrier_track,ORBU8700252,2026-09-01T01:31:16.915Z,2757,ok,,90,0,0.004
Q01222,1,1,get_shipment,SNDU9481774,2026-09-01T01:38:23.459Z,63,ok,,97,,0
Q01223,1,1,get_shipment,ORBU1486206,2026-09-01T01:40:22.473Z,75,ok,,100,,0
Q01223,2,1,carrier_track,ORBU1486206,2026-09-01T01:40:23.183Z,1417,ok,,100,0,0.004
Q01224,1,1,get_shipment,SNDU2826877,2026-09-01T01:48:52.395Z,48,ok,,107,,0
Q01224,2,1,carrier_track,SNDU2826877,2026-09-01T01:48:53.402Z,1412,ok,,107,0,0.004
Q01225,1,1,list_shipments,status=in_transit,2026-09-01T01:53:59.831Z,57,ok,112,,,0
Q01225,2,1,get_shipment,ORBU6345416,2026-09-01T01:54:00.659Z,94,ok,,112,,0
Q01225,3,1,carrier_track,ORBU6345416,2026-09-01T01:54:01.743Z,3732,ok,,112,0,0.004
Q01225,4,1,get_shipment,SNDU2702289,2026-09-01T01:54:06.127Z,73,ok,,114,,0
Q01225,5,1,carrier_track,SNDU2702289,2026-09-01T01:54:07.010Z,2976,ok,,114,0,0.004
Q01225,6,1,get_shipment,SNDU7312081,2026-09-01T01:54:10.930Z,53,ok,,112,,0
Q01225,7,1,get_shipment,ZNTU6771478,2026-09-01T01:54:11.923Z,83,ok,,114,,0
Q01225,8,1,get_shipment,KSTU8807342,2026-09-01T01:54:13.192Z,63,ok,,112,,0
Q01225,9,1,carrier_track,KSTU8807342,2026-09-01T01:54:14.380Z,1138,ok,,112,0,0.004
Q01225,10,1,get_shipment,ZNTU6878862,2026-09-01T01:54:16.552Z,77,ok,,114,,0
Q01225,11,1,carrier_track,ZNTU6878862,2026-09-01T01:54:17.398Z,1579,ok,,114,0,0.004
Q01225,12,1,get_shipment,CBTU2724228,2026-09-01T01:54:19.592Z,58,ok,,114,,0
Q01225,13,1,carrier_track,CBTU2724228,2026-09-01T01:54:20.406Z,2067,ok,,114,0,0.004
Q01225,14,1,get_shipment,ORBU8686665,2026-09-01T01:54:23.341Z,68,ok,,113,,0
Q01225,15,1,carrier_track,ORBU8686665,2026-09-01T01:54:24.497Z,2419,ok,,113,0,0.004
Q01225,16,1,get_shipment,SNDU9481774,2026-09-01T01:54:27.581Z,71,ok,,113,,0
Q01225,17,1,carrier_track,SNDU9481774,2026-09-01T01:54:28.478Z,1779,ok,,113,1,0.004
Q01225,18,1,get_shipment,SNDU9947044,2026-09-01T01:54:31.173Z,39,ok,,112,,0
Q01225,19,1,get_shipment,KSTU3708950,2026-09-01T01:54:32.534Z,83,ok,,113,,0
Q01225,20,1,carrier_track,KSTU3708950,2026-09-01T01:54:33.653Z,2302,ok,,113,0,0.004
Q01225,21,1,get_shipment,ZNTU4284050,2026-09-01T01:54:36.946Z,50,ok,,114,,0
Q01225,22,1,get_shipment,ORBU8695218,2026-09-01T01:54:37.893Z,62,ok,,112,,0
Q01225,23,1,carrier_track,ORBU8695218,2026-09-01T01:54:38.849Z,1661,ok,,112,0,0.004
Q01225,24,1,get_shipment,QVRU2410314,2026-09-01T01:54:41.715Z,37,ok,,114,,0
Q01225,25,1,get_shipment,ORBU3173581,2026-09-01T01:54:43.099Z,70,ok,,113,,0
Q01226,1,1,get_shipment,SNDU3452752,2026-09-01T01:54:53.279Z,73,ok,,114,,0
Q01226,2,1,carrier_track,SNDU3452752,2026-09-01T01:54:54.396Z,1762,ok,,114,0,0.004
Q01228,1,1,search_docs,BK264080,2026-09-01T01:59:40.135Z,627,ok,,,,0
Q01229,1,1,get_shipment,SNDU6530860,2026-09-01T01:59:45.873Z,62,ok,,119,,0
Q01229,2,1,carrier_track,SNDU6530860,2026-09-01T01:59:46.619Z,2377,ok,,119,0,0.004
Q01230,1,1,get_shipment,ORBU1813540,2026-09-01T02:19:48.021Z,66,ok,,139,,0
Q01230,2,1,carrier_track,ORBU1813540,2026-09-01T02:19:48.784Z,2796,ok,,139,0,0.004
Q01231,1,1,get_shipment,SNDU9829995,2026-09-01T02:41:25.242Z,35,ok,,160,,0
Q01231,2,1,carrier_track,SNDU9829995,2026-09-01T02:41:25.957Z,1663,ok,,160,0,0.004
Q01232,1,1,list_shipments,status=at_origin,2026-09-01T02:41:29.439Z,105,ok,80,,,0
Q01232,2,1,get_shipment,CBTU1905850,2026-09-01T02:41:30.451Z,88,ok,,159,,0
Q01232,3,1,get_shipment,CBTU5441883,2026-09-01T02:41:31.237Z,39,ok,,161,,0
Q01232,4,1,carrier_track,CBTU5441883,2026-09-01T02:41:32.041Z,2551,ok,,161,0,0.004
Q01232,5,1,get_shipment,SNDU6001115,2026-09-01T02:41:35.414Z,80,ok,,160,,0
Q01232,6,1,carrier_track,SNDU6001115,2026-09-01T02:41:36.424Z,2462,ok,,160,0,0.004
Q01232,7,1,get_shipment,KSTU7722368,2026-09-01T02:41:39.531Z,28,ok,,160,,0
Q01232,8,1,get_shipment,ORBU1486206,2026-09-01T02:41:40.436Z,62,ok,,161,,0
Q01232,9,1,carrier_track,ORBU1486206,2026-09-01T02:41:41.355Z,2772,ok,,161,0,0.004
Q01232,10,1,get_shipment,CBTU6776075,2026-09-01T02:41:45.633Z,55,ok,,160,,0
Q01232,11,1,get_shipment,KSTU9097578,2026-09-01T02:41:46.578Z,44,ok,,161,,0
Q01232,12,1,get_shipment,ZNTU4344024,2026-09-01T02:41:47.477Z,46,ok,,159,,0
Q01232,13,1,get_shipment,ORBU2455421,2026-09-01T02:41:48.465Z,73,ok,,160,,0
Q01232,14,1,carrier_track,ORBU2455421,2026-09-01T02:41:49.406Z,2253,ok,,160,0,0.004
Q01232,15,1,get_shipment,KSTU1065976,2026-09-01T02:41:52.670Z,50,ok,,160,,0
Q01232,16,1,get_shipment,SNDU9094788,2026-09-01T02:41:53.530Z,71,ok,,161,,0
Q01232,17,1,get_shipment,SNDU1467509,2026-09-01T02:41:54.736Z,29,ok,,160,,0
Q01232,18,1,carrier_track,SNDU1467509,2026-09-01T02:41:55.872Z,1610,ok,,160,0,0.004
Q01232,19,1,get_shipment,SNDU5355235,2026-09-01T02:41:58.409Z,57,ok,,160,,0
Q01232,20,1,carrier_track,SNDU5355235,2026-09-01T02:41:59.205Z,1520,ok,,160,0,0.004
Q01232,21,1,get_shipment,KSTU2579162,2026-09-01T02:42:01.541Z,62,ok,,160,,0
Q01232,22,1,get_shipment,SNDU5956897,2026-09-01T02:42:03.301Z,54,ok,,162,,0
Q01232,23,1,get_shipment,ZNTU3505978,2026-09-01T02:42:04.848Z,89,ok,,160,,0
Q01232,24,1,get_shipment,SNDU8965161,2026-09-01T02:42:06.120Z,40,ok,,160,,0
Q01232,25,1,carrier_track,SNDU8965161,2026-09-01T02:42:06.836Z,1636,ok,,160,0,0.004
Q01234,1,1,get_shipment,KSTU3864924,2026-09-01T02:45:47.918Z,93,ok,,164,,0
Q01235,1,1,get_shipment,CBTU1482053,2026-09-01T03:00:09.224Z,69,ok,,178,,0
Q01235,2,1,carrier_track,CBTU1482053,2026-09-01T03:00:10.290Z,2950,ok,,178,0,0.004
Q01236,1,1,get_shipment,ZNTU5433208,2026-09-01T03:01:51.430Z,65,ok,,180,,0
Q01236,2,1,carrier_track,ZNTU5433208,2026-09-01T03:01:52.217Z,871,ok,,180,0,0.004
Q01237,1,1,get_shipment,BK674394,2026-09-01T03:12:05.054Z,24,ok,,191,,0
Q01237,2,1,carrier_track,ZNTU3342033,2026-09-01T03:12:06.132Z,1544,ok,,191,0,0.004
Q01238,1,1,search_docs,BK859822,2026-09-01T03:13:59.202Z,457,ok,,,,0
Q01240,1,1,get_shipment,QVRU2137959,2026-09-01T03:22:54.528Z,54,ok,,201,,0
Q01240,2,1,carrier_track,QVRU2137959,2026-09-01T03:22:55.545Z,2001,ok,,201,0,0.004
Q01241,1,1,get_shipment,QVRU9438453,2026-09-01T03:32:01.851Z,53,ok,,210,,0
Q01241,2,1,carrier_track,QVRU9438453,2026-09-01T03:32:02.670Z,1529,ok,,210,0,0.004
Q01242,1,1,get_shipment,QVRU6705153,2026-09-01T03:36:00.504Z,57,ok,,216,,0
Q01243,1,1,get_shipment,ORBU8047636,2026-09-01T03:42:31.791Z,121,ok,,220,,0
Q01244,1,1,search_docs,BK364444,2026-09-01T03:53:14.226Z,403,ok,,,,0
Q01244,2,1,search_docs,BK364444,2026-09-01T03:53:15.257Z,384,ok,,,,0
Q01245,1,1,get_shipment,BK592299,2026-09-01T04:42:11.823Z,57,ok,,42,,0
Q01245,2,1,carrier_track,CBTU9998559,2026-09-01T04:42:12.795Z,2058,ok,,42,0,0.004
Q01246,1,1,get_shipment,ZNTU6824809,2026-09-01T05:16:16.885Z,50,ok,,76,,0
Q01246,2,1,carrier_track,ZNTU6824809,2026-09-01T05:16:17.834Z,2905,ok,,76,0,0.004
Q01249,1,1,get_shipment,CBTU5441883,2026-09-01T06:52:07.628Z,93,ok,,172,,0
Q01249,2,1,carrier_track,CBTU5441883,2026-09-01T06:52:08.702Z,2771,ok,,172,1,0.004
Q01250,1,1,get_shipment,BK859822,2026-09-01T06:59:06.145Z,48,ok,,179,,0
Q01250,2,1,carrier_track,QVRU8335233,2026-09-01T06:59:07.022Z,1883,ok,,179,0,0.004
Q01251,1,1,search_docs,BK657658,2026-09-01T07:12:07.415Z,316,ok,,,,0
Q01251,2,1,get_shipment,BK657658,2026-09-01T07:12:08.654Z,61,ok,,191,,0
Q01252,1,1,search_docs,BK677122,2026-09-01T07:40:45.004Z,558,ok,,,,0
Q01252,2,1,get_shipment,BK677122,2026-09-01T07:40:46.490Z,54,ok,,219,,0
Q01253,1,1,get_shipment,ORBU5358856,2026-09-01T07:45:38.342Z,40,ok,,225,,0
Q01253,2,1,carrier_track,ORBU5358856,2026-09-01T07:45:39.144Z,1755,ok,,225,0,0.004
Q01254,1,1,get_shipment,ZNTU9117398,2026-09-01T07:52:35.299Z,41,ok,,231,,0
Q01254,2,1,carrier_track,ZNTU9117398,2026-09-01T07:52:36.217Z,1108,ok,,231,0,0.004
Q01255,1,1,get_shipment,QVRU5915596,2026-09-01T08:05:43.016Z,51,ok,,5,,0
Q01257,1,1,get_shipment,KSTU6353232,2026-09-01T08:08:09.078Z,42,ok,,8,,0
Q01257,2,1,carrier_track,KSTU6353232,2026-09-01T08:08:09.847Z,2537,ok,,8,0,0.004
Q01258,1,1,get_shipment,KSTU9535313,2026-09-01T08:15:45.256Z,34,ok,,15,,0
Q01259,1,1,get_shipment,ZNTU3324861,2026-09-01T08:34:00.151Z,77,ok,,32,,0
Q01259,2,1,carrier_track,ZNTU3324861,2026-09-01T08:34:01.148Z,1823,ok,,32,0,0.004
Q01260,1,1,list_shipments,status=in_transit,2026-09-01T08:44:08.688Z,84,ok,112,,,0
Q01260,2,1,get_shipment,ORBU6345416,2026-09-01T08:44:09.747Z,68,ok,,42,,0
Q01260,3,1,get_shipment,SNDU2702289,2026-09-01T08:44:10.666Z,73,ok,,44,,0
Q01260,4,1,carrier_track,SNDU2702289,2026-09-01T08:44:11.567Z,1615,ok,,44,0,0.004
Q01260,5,1,get_shipment,SNDU7312081,2026-09-01T08:44:14.323Z,56,ok,,42,,0
Q01260,6,1,get_shipment,ZNTU6771478,2026-09-01T08:44:15.140Z,46,ok,,44,,0
Q01260,7,1,carrier_track,ZNTU6771478,2026-09-01T08:44:16.364Z,1409,ok,,44,0,0.004
Q01260,8,1,get_shipment,KSTU8807342,2026-09-01T08:44:18.482Z,78,ok,,42,,0
Q01260,9,1,carrier_track,KSTU8807342,2026-09-01T08:44:19.554Z,957,ok,,42,0,0.004
Q01260,10,1,get_shipment,ZNTU6878862,2026-09-01T08:44:21.395Z,93,ok,,44,,0
Q01260,11,1,get_shipment,CBTU2724228,2026-09-01T08:44:22.156Z,48,ok,,44,,0
Q01260,12,1,get_shipment,ORBU8686665,2026-09-01T08:44:22.763Z,126,ok,,43,,0
Q01260,13,1,carrier_track,ORBU8686665,2026-09-01T08:44:23.628Z,1676,ok,,43,0,0.004
Q01260,14,1,get_shipment,SNDU9481774,2026-09-01T08:44:25.909Z,101,ok,,43,,0
Q01260,15,1,carrier_track,SNDU9481774,2026-09-01T08:44:27.038Z,1936,ok,,43,0,0.004
Q01260,16,1,get_shipment,SNDU9947044,2026-09-01T08:44:30.422Z,83,ok,,42,,0
Q01260,17,1,get_shipment,KSTU3708950,2026-09-01T08:44:31.367Z,51,ok,,43,,0
Q01260,18,1,carrier_track,KSTU3708950,2026-09-01T08:44:32.501Z,1067,ok,,43,0,0.004
Q01260,19,1,get_shipment,ZNTU4284050,2026-09-01T08:44:35.155Z,57,ok,,44,,0
Q01260,20,1,get_shipment,ORBU8695218,2026-09-01T08:44:36.562Z,46,ok,,42,,0
Q01260,21,1,carrier_track,ORBU8695218,2026-09-01T08:44:37.999Z,2381,ok,,42,0,0.004
Q01260,22,1,get_shipment,QVRU2410314,2026-09-01T08:44:41.439Z,78,ok,,44,,0
Q01260,23,1,carrier_track,QVRU2410314,2026-09-01T08:44:42.430Z,2569,ok,,44,0,0.004
Q01260,24,1,get_shipment,ORBU3173581,2026-09-01T08:44:46.235Z,45,ok,,43,,0
Q01260,25,1,carrier_track,ORBU3173581,2026-09-01T08:44:47.131Z,1048,ok,,43,0,0.004
Q01262,1,1,get_shipment,SNDU1110843,2026-09-01T08:48:25.633Z,75,ok,,46,,0
Q01262,2,1,carrier_track,SNDU1110843,2026-09-01T08:48:26.573Z,2742,ok,,46,0,0.004
Q01264,1,1,get_shipment,CBTU4308493,2026-09-01T10:45:46.488Z,49,ok,,165,,0
Q01264,2,1,carrier_track,CBTU4308493,2026-09-01T10:45:47.203Z,2070,ok,,165,0,0.004
Q01266,1,1,get_shipment,SNDU6530860,2026-09-02T00:17:23.986Z,77,ok,,17,,0
Q01267,1,1,search_docs,BK479324,2026-09-02T00:24:19.437Z,647,ok,,,,0
Q01268,1,1,get_shipment,ZNTU8805987,2026-09-02T00:44:55.519Z,62,ok,,43,,0
Q01268,2,1,carrier_track,ZNTU8805987,2026-09-02T00:44:56.974Z,3481,ok,,43,0,0.004
Q01269,1,1,get_shipment,CBTU4941526,2026-09-02T00:51:52.589Z,67,ok,,51,,0
Q01269,2,1,carrier_track,CBTU4941526,2026-09-02T00:51:53.436Z,1910,ok,,51,0,0.004
Q01270,1,1,get_shipment,KSTU7143536,2026-09-02T01:02:50.997Z,65,ok,,61,,0
Q01270,2,1,carrier_track,KSTU7143536,2026-09-02T01:02:51.743Z,2299,ok,,61,0,0.004
Q01271,1,1,get_shipment,QVRU5915596,2026-09-02T01:13:34.126Z,51,ok,,73,,0
Q01271,2,1,carrier_track,QVRU5915596,2026-09-02T01:13:34.892Z,2062,ok,,73,0,0.004
Q01272,1,1,get_shipment,SNDU7312081,2026-09-02T01:21:49.813Z,74,ok,,79,,0
Q01272,2,1,carrier_track,SNDU7312081,2026-09-02T01:21:50.795Z,1409,ok,,79,0,0.004
Q01273,1,1,get_shipment,CBTU7616393,2026-09-02T01:24:52.187Z,81,ok,,84,,0
Q01273,2,1,carrier_track,CBTU7616393,2026-09-02T01:24:53.316Z,2282,ok,,84,0,0.004
Q01274,1,1,get_shipment,ORBU8700252,2026-09-02T01:46:33.143Z,62,ok,,105,,0
Q01274,2,1,carrier_track,ORBU8700252,2026-09-02T01:46:34.209Z,2900,ok,,105,0,0.004
Q01275,1,1,search_docs,BK661197,2026-09-02T01:47:10.430Z,416,ok,,,,0
Q01275,2,1,search_docs,BK661197,2026-09-02T01:47:11.855Z,481,ok,,,,0
Q01276,1,1,get_shipment,CBTU2467498,2026-09-02T02:01:38.430Z,100,ok,,120,,0
Q01277,1,1,search_docs,BK882396,2026-09-02T02:01:43.707Z,365,ok,,,,0
Q01277,2,1,search_docs,BK882396,2026-09-02T02:01:44.927Z,341,ok,,,,0
Q01278,1,1,get_shipment,CBTU8981517,2026-09-02T02:09:19.507Z,39,ok,,128,,0
Q01279,1,1,search_docs,BK231988,2026-09-02T02:10:11.025Z,579,ok,,,,0
Q01279,2,1,search_docs,BK231988,2026-09-02T02:10:12.454Z,395,ok,,,,0
Q01280,1,1,get_shipment,KSTU4962997,2026-09-02T02:11:29.223Z,75,ok,,129,,0
Q01280,2,1,carrier_track,KSTU4962997,2026-09-02T02:11:30.314Z,2427,ok,,129,0,0.004
Q01281,1,1,get_shipment,CBTU9998559,2026-09-02T02:19:03.537Z,62,ok,,139,,0
Q01283,1,1,get_shipment,ZNTU9156086,2026-09-02T02:35:08.686Z,47,ok,,154,,0
Q01283,2,1,carrier_track,ZNTU9156086,2026-09-02T02:35:09.750Z,2093,ok,,154,0,0.004
Q01284,1,1,get_shipment,QVRU8335233,2026-09-02T02:41:32.303Z,70,ok,,161,,0
Q01284,2,1,carrier_track,QVRU8335233,2026-09-02T02:41:33.224Z,2443,ok,,161,0,0.004
Q01285,1,1,get_shipment,ORBU5063658,2026-09-02T02:50:41.078Z,49,ok,,170,,0
Q01286,1,1,get_shipment,SNDU4290229,2026-09-02T02:55:34.747Z,52,ok,,175,,0
Q01286,2,1,carrier_track,SNDU4290229,2026-09-02T02:55:35.965Z,2231,ok,,175,1,0.004
Q01287,1,1,get_shipment,QVRU9513238,2026-09-02T03:01:50.647Z,44,ok,,179,,0
Q01287,2,1,carrier_track,QVRU9513238,2026-09-02T03:01:51.544Z,2085,ok,,179,0,0.004
Q01288,1,1,search_docs,BK479324,2026-09-02T03:08:57.474Z,409,ok,,,,0
Q01288,2,1,search_docs,BK479324,2026-09-02T03:08:58.687Z,352,ok,,,,0
Q01288,3,1,get_shipment,BK479324,2026-09-02T03:09:00.352Z,68,ok,,189,,0
Q01289,1,1,get_shipment,ORBU1486206,2026-09-02T03:11:14.933Z,41,ok,,191,,0
Q01289,2,1,carrier_track,ORBU1486206,2026-09-02T03:11:15.839Z,4368,ok,,191,0,0.004
Q01290,1,1,get_shipment,KSTU2054477,2026-09-02T03:13:18.020Z,58,ok,,191,,0
Q01290,2,1,carrier_track,KSTU2054477,2026-09-02T03:13:19.223Z,2992,ok,,191,0,0.004
Q01291,1,1,get_shipment,CBTU6157279,2026-09-02T03:13:50.047Z,57,ok,,191,,0
Q01292,1,1,search_docs,BK752181,2026-09-02T03:14:48.744Z,396,ok,,,,0
Q01292,2,1,get_shipment,BK752181,2026-09-02T03:14:49.985Z,59,ok,,194,,0
Q01293,1,1,list_shipments,status=at_origin,2026-09-02T03:43:13.270Z,65,ok,77,,,0
Q01293,2,1,get_shipment,CBTU1905850,2026-09-02T03:43:14.087Z,81,ok,,221,,0
Q01293,3,1,carrier_track,CBTU1905850,2026-09-02T03:43:14.868Z,1704,ok,,221,0,0.004
Q01293,4,1,get_shipment,CBTU5441883,2026-09-02T03:43:17.403Z,74,ok,,223,,0
Q01293,5,1,get_shipment,SNDU6001115,2026-09-02T03:43:18.339Z,44,ok,,222,,0
Q01293,6,1,carrier_track,SNDU6001115,2026-09-02T03:43:19.540Z,2326,ok,,222,0,0.004
Q01293,7,1,get_shipment,KSTU7722368,2026-09-02T03:43:22.713Z,87,ok,,222,,0
Q01293,8,1,get_shipment,ORBU1486206,2026-09-02T03:43:23.583Z,56,ok,,223,,0
Q01293,9,1,get_shipment,CBTU6776075,2026-09-02T03:43:24.821Z,58,ok,,222,,0
Q01293,10,1,carrier_track,CBTU6776075,2026-09-02T03:43:25.625Z,1916,ok,,222,0,0.004
Q01293,11,1,get_shipment,KSTU9097578,2026-09-02T03:43:28.461Z,56,ok,,223,,0
Q01293,12,1,carrier_track,KSTU9097578,2026-09-02T03:43:29.242Z,1690,ok,,223,0,0.004
Q01293,13,1,get_shipment,ZNTU4344024,2026-09-02T03:43:31.787Z,57,ok,,221,,0
Q01293,14,1,get_shipment,ORBU2455421,2026-09-02T03:43:32.580Z,51,ok,,222,,0
Q01293,15,1,carrier_track,ORBU2455421,2026-09-02T03:43:33.395Z,1885,ok,,222,0,0.004
Q01293,16,1,get_shipment,KSTU1065976,2026-09-02T03:43:36.332Z,58,ok,,222,,0
Q01293,17,1,get_shipment,SNDU9094788,2026-09-02T03:43:37.277Z,67,ok,,223,,0
Q01293,18,1,carrier_track,SNDU9094788,2026-09-02T03:43:38.596Z,1639,ok,,223,0,0.004
Q01293,19,1,get_shipment,SNDU1467509,2026-09-02T03:43:41.088Z,56,ok,,222,,0
Q01293,20,1,carrier_track,SNDU1467509,2026-09-02T03:43:42.123Z,1163,ok,,222,0,0.004
Q01293,21,1,get_shipment,SNDU5355235,2026-09-02T03:43:44.652Z,50,ok,,222,,0
Q01293,22,1,get_shipment,KSTU2579162,2026-09-02T03:43:45.736Z,82,ok,,221,,0
Q01293,23,1,get_shipment,SNDU5956897,2026-09-02T03:43:46.798Z,73,ok,,223,,0
Q01293,24,1,get_shipment,ZNTU3505978,2026-09-02T03:43:47.804Z,52,ok,,221,,0
Q01293,25,1,carrier_track,ZNTU3505978,2026-09-02T03:43:48.658Z,3055,ok,,221,0,0.004
Q01295,1,1,search_docs,BK998703,2026-09-02T03:45:47.583Z,516,ok,,,,0
Q01295,2,1,search_docs,BK998703,2026-09-02T03:45:48.577Z,472,ok,,,,0
Q01296,1,1,get_shipment,ZNTU6302909,2026-09-02T05:16:17.861Z,60,ok,,75,,0
Q01296,2,1,carrier_track,ZNTU6302909,2026-09-02T05:16:19.008Z,3907,ok,,75,0,0.004
Q01297,1,1,search_docs,BK959598,2026-09-02T05:27:13.511Z,436,ok,,,,0
Q01298,1,1,search_docs,BK390368,2026-09-02T05:28:49.516Z,551,ok,,,,0
Q01299,1,1,get_shipment,BK976422,2026-09-02T05:33:01.436Z,66,ok,,93,,0
Q01300,1,1,search_docs,BK959598,2026-09-02T05:55:57.521Z,550,ok,,,,0
Q01301,1,1,get_shipment,QVRU9904024,2026-09-02T05:58:24.062Z,65,ok,,117,,0
Q01301,2,1,carrier_track,QVRU9904024,2026-09-02T05:58:24.890Z,2439,ok,,117,1,0.004
Q01302,1,1,search_docs,BK135753,2026-09-02T06:31:23.783Z,451,ok,,,,0
Q01302,2,1,search_docs,BK135753,2026-09-02T06:31:25.297Z,407,ok,,,,0
Q01303,1,1,get_shipment,CBTU4240888,2026-09-02T06:52:25.777Z,79,ok,,172,,0
Q01304,1,1,list_shipments,status=in_transit,2026-09-02T07:02:27.529Z,240,ok,110,,,0
Q01304,2,1,get_shipment,ORBU6345416,2026-09-02T07:02:28.979Z,50,ok,,180,,0
Q01304,3,1,carrier_track,ORBU6345416,2026-09-02T07:02:29.724Z,3127,ok,,180,0,0.004
Q01304,4,1,get_shipment,SNDU2702289,2026-09-02T07:02:33.510Z,54,ok,,182,,0
Q01304,5,1,get_shipment,SNDU7312081,2026-09-02T07:02:34.618Z,42,ok,,180,,0
Q01304,6,1,carrier_track,SNDU7312081,2026-09-02T07:02:35.585Z,2787,ok,,180,0,0.004
Q01304,7,1,get_shipment,ZNTU6771478,2026-09-02T07:02:39.341Z,47,ok,,182,,0
Q01304,8,1,carrier_track,ZNTU6771478,2026-09-02T07:02:40.366Z,2636,ok,,182,0,0.004
Q01304,9,1,get_shipment,KSTU8807342,2026-09-02T07:02:43.721Z,58,ok,,180,,0
Q01304,10,1,get_shipment,ZNTU6878862,2026-09-02T07:02:45.195Z,77,ok,,182,,0
Q01304,11,1,get_shipment,CBTU2724228,2026-09-02T07:02:46.429Z,84,ok,,182,,0
Q01304,12,1,carrier_track,CBTU2724228,2026-09-02T07:02:47.435Z,2205,ok,,182,0,0.004
Q01304,13,1,get_shipment,ORBU8686665,2026-09-02T07:02:50.580Z,95,ok,,181,,0
Q01304,14,1,get_shipment,SNDU9481774,2026-09-02T07:02:51.541Z,50,ok,,181,,0
Q01304,15,1,carrier_track,SNDU9481774,2026-09-02T07:02:52.996Z,2402,ok,,181,0,0.004
Q01304,16,1,get_shipment,SNDU9947044,2026-09-02T07:02:56.263Z,39,ok,,180,,0
Q01304,17,1,get_shipment,KSTU3708950,2026-09-02T07:02:57.144Z,103,ok,,181,,0
Q01304,18,1,carrier_track,KSTU3708950,2026-09-02T07:02:58.262Z,1118,ok,,181,0,0.004
Q01304,19,1,get_shipment,ORBU8695218,2026-09-02T07:03:00.362Z,50,ok,,181,,0
Q01304,20,1,carrier_track,ORBU8695218,2026-09-02T07:03:01.590Z,1690,ok,,181,0,0.004
Q01304,21,1,get_shipment,QVRU2410314,2026-09-02T07:03:04.348Z,70,ok,,183,,0
Q01304,22,1,carrier_track,QVRU2410314,2026-09-02T07:03:05.259Z,2712,ok,,183,0,0.004
Q01304,23,1,get_shipment,ORBU3173581,2026-09-02T07:03:08.862Z,59,ok,,182,,0
Q01304,24,1,carrier_track,ORBU3173581,2026-09-02T07:03:10.293Z,2919,ok,,182,0,0.004
Q01304,25,1,get_shipment,QVRU5511786,2026-09-02T07:03:14.289Z,80,ok,,183,,0
Q01306,1,1,get_shipment,BK204275,2026-09-02T07:10:42.241Z,42,ok,,188,,0
Q01306,2,1,carrier_track,CBTU2881274,2026-09-02T07:10:43.094Z,2474,ok,,188,0,0.004
Q01307,1,1,search_docs,BK752181,2026-09-02T07:20:42.126Z,678,ok,,,,0
Q01308,1,1,get_shipment,QVRU9438453,2026-09-02T07:25:59.366Z,72,ok,,203,,0
Q01308,2,1,carrier_track,QVRU9438453,2026-09-02T07:26:00.585Z,1887,ok,,204,0,0.004
Q01309,1,1,get_shipment,KSTU7143536,2026-09-02T07:26:19.567Z,58,ok,,205,,0
Q01310,1,1,get_shipment,ZNTU3942584,2026-09-02T07:29:39.261Z,34,ok,,207,,0
Q01310,2,1,carrier_track,ZNTU3942584,2026-09-02T07:29:40.392Z,1864,ok,,207,0,0.004
Q01311,1,1,get_shipment,BK967228,2026-09-02T07:36:53.257Z,38,ok,,216,,0
Q01311,2,1,carrier_track,ZNTU4928817,2026-09-02T07:36:54.461Z,2126,ok,,216,0,0.004
Q01312,1,1,get_shipment,KSTU2836290,2026-09-02T07:47:18.055Z,102,ok,,226,,0
Q01312,2,1,carrier_track,KSTU2836290,2026-09-02T07:47:18.851Z,1990,ok,,226,0,0.004
Q01313,1,1,search_docs,BK275156,2026-09-02T08:11:05.232Z,359,ok,,,,0
Q01314,1,1,get_shipment,ZNTU3342033,2026-09-02T08:17:30.090Z,63,ok,,16,,0
Q01314,2,1,carrier_track,ZNTU3342033,2026-09-02T08:17:31.242Z,4723,ok,,16,0,0.004
Q01315,1,1,search_docs,BK517602,2026-09-02T08:19:56.863Z,419,ok,,,,0
Q01316,1,1,get_shipment,CBTU9998559,2026-09-02T08:24:30.161Z,67,ok,,24,,0
Q01316,2,1,carrier_track,CBTU9998559,2026-09-02T08:24:30.953Z,2182,ok,,24,0,0.004
Q01317,1,1,get_shipment,ORBU1677159,2026-09-02T08:31:25.846Z,70,ok,,29,,0
Q01317,2,1,carrier_track,ORBU1677159,2026-09-02T08:31:27.190Z,2016,ok,,29,0,0.004
Q01318,1,1,search_docs,BK458566,2026-09-02T08:33:25.476Z,552,ok,,,,0
Q01320,1,1,get_shipment,QVRU4412616,2026-09-02T09:03:31.174Z,90,ok,,63,,0
Q01321,1,1,list_shipments,status=in_transit,2026-09-02T09:32:53.292Z,94,ok,110,,,0
Q01321,2,1,get_shipment,ORBU6345416,2026-09-02T09:32:53.978Z,115,ok,,90,,0
Q01321,3,1,get_shipment,SNDU2702289,2026-09-02T09:32:54.980Z,47,ok,,92,,0
Q01321,4,1,get_shipment,SNDU7312081,2026-09-02T09:32:55.680Z,30,ok,,90,,0
Q01321,5,1,carrier_track,SNDU7312081,2026-09-02T09:32:56.607Z,1321,ok,,90,0,0.004
Q01321,6,1,get_shipment,ZNTU6771478,2026-09-02T09:32:59.255Z,60,ok,,92,,0
Q01321,7,1,carrier_track,ZNTU6771478,2026-09-02T09:33:00.068Z,2715,ok,,93,0,0.004
Q01321,8,1,get_shipment,KSTU8807342,2026-09-02T09:33:03.961Z,79,ok,,91,,0
Q01321,9,1,get_shipment,ZNTU6878862,2026-09-02T09:33:05.071Z,64,ok,,93,,0
Q01321,10,1,get_shipment,CBTU2724228,2026-09-02T09:33:05.990Z,35,ok,,93,,0
Q01321,11,1,carrier_track,CBTU2724228,2026-09-02T09:33:07.250Z,3137,ok,,93,1,0.004
Q01321,12,1,get_shipment,ORBU8686665,2026-09-02T09:33:11.565Z,52,ok,,92,,0
Q01321,13,1,get_shipment,SNDU9481774,2026-09-02T09:33:12.424Z,61,ok,,92,,0
Q01321,14,1,carrier_track,SNDU9481774,2026-09-02T09:33:13.284Z,1933,ok,,92,0,0.004
Q01321,15,1,get_shipment,SNDU9947044,2026-09-02T09:33:16.231Z,40,ok,,91,,0
Q01321,16,1,get_shipment,KSTU3708950,2026-09-02T09:33:17.168Z,64,ok,,92,,0
Q01321,17,1,carrier_track,KSTU3708950,2026-09-02T09:33:18.131Z,2097,ok,,92,0,0.004
Q01321,18,1,get_shipment,ORBU8695218,2026-09-02T09:33:21.043Z,62,ok,,91,,0
Q01321,19,1,carrier_track,ORBU8695218,2026-09-02T09:33:21.867Z,2116,ok,,91,0,0.004
Q01321,20,1,get_shipment,QVRU2410314,2026-09-02T09:33:25.040Z,82,ok,,93,,0
Q01321,21,1,carrier_track,QVRU2410314,2026-09-02T09:33:26.440Z,2131,ok,,93,0,0.004
Q01321,22,1,get_shipment,ORBU3173581,2026-09-02T09:33:30.091Z,75,ok,,92,,0
Q01321,23,1,get_shipment,QVRU5511786,2026-09-02T09:33:31.033Z,69,ok,,93,,0
Q01321,24,1,get_shipment,ORBU8008855,2026-09-02T09:33:32.075Z,51,ok,,91,,0
Q01321,25,1,get_shipment,CBTU6117141,2026-09-02T09:33:33.265Z,78,ok,,91,,0
Q01323,1,1,list_shipments,status=in_transit,2026-09-02T09:42:09.716Z,83,ok,110,,,0
Q01323,2,1,get_shipment,ORBU6345416,2026-09-02T09:42:10.512Z,70,ok,,100,,0
Q01323,3,1,carrier_track,ORBU6345416,2026-09-02T09:42:11.604Z,1511,ok,,100,0,0.004
Q01323,4,1,get_shipment,SNDU2702289,2026-09-02T09:42:13.891Z,73,ok,,102,,0
Q01323,5,1,carrier_track,SNDU2702289,2026-09-02T09:42:14.831Z,1958,ok,,102,0,0.004
Q01323,6,1,get_shipment,SNDU7312081,2026-09-02T09:42:17.683Z,76,ok,,100,,0
Q01323,7,1,get_shipment,ZNTU6771478,2026-09-02T09:42:18.901Z,52,ok,,102,,0
Q01323,8,1,carrier_track,ZNTU6771478,2026-09-02T09:42:20.275Z,2503,ok,,102,0,0.004
Q01323,9,1,get_shipment,KSTU8807342,2026-09-02T09:42:23.614Z,52,ok,,100,,0
Q01323,10,1,carrier_track,KSTU8807342,2026-09-02T09:42:24.511Z,1477,ok,,100,0,0.004
Q01323,11,1,get_shipment,ZNTU6878862,2026-09-02T09:42:26.991Z,80,ok,,102,,0
Q01323,12,1,carrier_track,ZNTU6878862,2026-09-02T09:42:28.033Z,2556,ok,,102,1,0.004
Q01323,13,1,get_shipment,CBTU2724228,2026-09-02T09:42:31.572Z,50,ok,,102,,0
Q01323,14,1,carrier_track,CBTU2724228,2026-09-02T09:42:32.339Z,2770,ok,,102,1,0.004
Q01323,15,1,get_shipment,ORBU8686665,2026-09-02T09:42:36.102Z,57,ok,,101,,0
Q01323,16,1,get_shipment,SNDU9481774,2026-09-02T09:42:37.280Z,67,ok,,101,,0
Q01323,17,1,get_shipment,SNDU9947044,2026-09-02T09:42:38.514Z,48,ok,,100,,0
Q01323,18,1,get_shipment,KSTU3708950,2026-09-02T09:42:39.633Z,41,ok,,101,,0
Q01323,19,1,carrier_track,KSTU3708950,2026-09-02T09:42:40.652Z,3037,ok,,101,0,0.004
Q01323,20,1,get_shipment,ORBU8695218,2026-09-02T09:42:44.581Z,67,ok,,100,,0
Q01323,21,1,carrier_track,ORBU8695218,2026-09-02T09:42:45.728Z,3398,ok,,100,0,0.004
Q01323,22,1,get_shipment,QVRU2410314,2026-09-02T09:42:50.258Z,50,ok,,102,,0
Q01323,23,1,carrier_track,QVRU2410314,2026-09-02T09:42:51.571Z,1864,ok,,102,0,0.004
Q01323,24,1,get_shipment,ORBU3173581,2026-09-02T09:42:54.346Z,70,ok,,101,,0
Q01323,25,1,get_shipment,QVRU5511786,2026-09-02T09:42:55.746Z,87,ok,,102,,0
Q01325,1,1,get_shipment,SNDU4875947,2026-09-02T10:24:14.545Z,34,ok,,142,,0
Q01325,2,1,carrier_track,SNDU4875947,2026-09-02T10:24:15.395Z,1718,ok,,142,0,0.004
Q01327,1,1,get_shipment,QVRU9438453,2026-09-03T00:28:18.978Z,94,ok,,26,,0
Q01327,2,1,carrier_track,QVRU9438453,2026-09-03T00:28:19.803Z,3078,ok,,26,0,0.004
Q01328,1,1,get_shipment,KSTU9517849,2026-09-03T00:35:13.970Z,83,ok,,33,,0
Q01328,2,1,carrier_track,KSTU9517849,2026-09-03T00:35:15.132Z,1773,ok,,33,0,0.004
Q01329,1,1,get_shipment,ORBU1063277,2026-09-03T01:02:24.577Z,59,ok,,60,,0
Q01329,2,1,carrier_track,ORBU1063277,2026-09-03T01:02:25.249Z,2409,ok,,60,0,0.004
Q01330,1,1,get_shipment,QVRU9438453,2026-09-03T01:24:58.581Z,48,ok,,82,,0
Q01331,1,1,list_shipments,status=in_transit,2026-09-03T01:30:11.194Z,75,ok,115,,,0
Q01331,2,1,get_shipment,ORBU6345416,2026-09-03T01:30:12.174Z,85,ok,,88,,0
Q01331,3,1,carrier_track,ORBU6345416,2026-09-03T01:30:12.892Z,2431,ok,,88,0,0.004
Q01331,4,1,get_shipment,SNDU2702289,2026-09-03T01:30:16.383Z,45,ok,,90,,0
Q01331,5,1,carrier_track,SNDU2702289,2026-09-03T01:30:17.064Z,3481,ok,,90,0,0.004
Q01331,6,1,get_shipment,SNDU7312081,2026-09-03T01:30:21.419Z,49,ok,,88,,0
Q01331,7,1,get_shipment,ZNTU6771478,2026-09-03T01:30:22.358Z,83,ok,,90,,0
Q01331,8,1,carrier_track,ZNTU6771478,2026-09-03T01:30:23.276Z,1594,ok,,90,0,0.004
Q01331,9,1,get_shipment,KSTU8807342,2026-09-03T01:30:25.811Z,83,ok,,88,,0
Q01331,10,1,carrier_track,KSTU8807342,2026-09-03T01:30:27.001Z,2156,ok,,88,0,0.004
Q01331,11,1,get_shipment,ZNTU6878862,2026-09-03T01:30:30.446Z,56,ok,,90,,0
Q01331,12,1,get_shipment,CBTU2724228,2026-09-03T01:30:31.985Z,71,ok,,90,,0
Q01331,13,1,carrier_track,CBTU2724228,2026-09-03T01:30:32.709Z,2643,ok,,90,0,0.004
Q01331,14,1,get_shipment,ORBU8686665,2026-09-03T01:30:36.798Z,60,ok,,89,,0
Q01331,15,1,get_shipment,SNDU9094788,2026-09-03T01:30:37.833Z,36,ok,,90,,0
Q01331,16,1,get_shipment,SNDU9481774,2026-09-03T01:30:38.944Z,57,ok,,89,,0
Q01331,17,1,carrier_track,SNDU9481774,2026-09-03T01:30:39.964Z,1524,ok,,89,0,0.004
Q01331,18,1,get_shipment,SNDU9947044,2026-09-03T01:30:42.726Z,38,ok,,88,,0
Q01331,19,1,carrier_track,SNDU9947044,2026-09-03T01:30:43.594Z,1625,ok,,88,0,0.004
Q01331,20,1,get_shipment,KSTU3708950,2026-09-03T01:30:45.956Z,45,ok,,89,,0
Q01331,21,1,carrier_track,KSTU3708950,2026-09-03T01:30:46.928Z,3422,ok,,89,0,0.004
Q01331,22,1,get_shipment,ORBU8695218,2026-09-03T01:30:51.443Z,60,ok,,88,,0
Q01331,23,1,carrier_track,ORBU8695218,2026-09-03T01:30:52.702Z,1638,ok,,88,0,0.004
Q01331,24,1,get_shipment,ORBU3173581,2026-09-03T01:30:55.245Z,71,ok,,89,,0
Q01331,25,1,carrier_track,ORBU3173581,2026-09-03T01:30:56.147Z,1875,ok,,89,0,0.004
Q01332,1,1,get_shipment,SNDU3452752,2026-09-03T01:32:57.028Z,57,ok,,92,,0
Q01332,2,1,carrier_track,SNDU3452752,2026-09-03T01:32:57.838Z,1455,ok,,92,0,0.004
Q01334,1,1,search_docs,BK223449,2026-09-03T01:43:14.341Z,534,ok,,,,0
Q01336,1,1,get_shipment,CBTU4442978,2026-09-03T01:56:40.675Z,60,ok,,115,,0
Q01336,2,1,carrier_track,CBTU4442978,2026-09-03T01:56:41.681Z,2577,ok,,115,0,0.004
Q01337,1,1,get_shipment,ORBU8301268,2026-09-03T02:02:27.104Z,74,ok,,121,,0
Q01337,2,1,carrier_track,ORBU8301268,2026-09-03T02:02:27.725Z,1510,ok,,121,0,0.004
Q01338,1,1,get_shipment,BK473937,2026-09-03T02:06:26.315Z,53,ok,,126,,0
Q01339,1,1,get_shipment,SNDU4413086,2026-09-03T02:23:42.492Z,45,ok,,142,,0
Q01339,2,1,carrier_track,SNDU4413086,2026-09-03T02:23:43.082Z,2076,ok,,142,0,0.004
Q01341,1,1,get_shipment,CBTU5983567,2026-09-03T02:37:35.984Z,58,ok,,157,,0
Q01341,2,1,carrier_track,CBTU5983567,2026-09-03T02:37:36.842Z,1739,ok,,157,0,0.004
Q01342,1,1,get_shipment,SNDU9317551,2026-09-03T02:39:52.757Z,92,ok,,158,,0
Q01342,2,1,carrier_track,SNDU9317551,2026-09-03T02:39:53.730Z,2526,ok,,158,0,0.004
Q01343,1,1,search_docs,BK497881,2026-09-03T02:52:29.583Z,389,ok,,,,0
Q01343,2,1,search_docs,BK497881,2026-09-03T02:52:31.033Z,374,ok,,,,0
Q01345,1,1,search_docs,BK275156,2026-09-03T03:04:08.578Z,344,ok,,,,0
Q01346,1,1,get_shipment,ZNTU4344024,2026-09-03T03:10:03.639Z,52,ok,,188,,0
Q01346,2,1,carrier_track,ZNTU4344024,2026-09-03T03:10:04.581Z,1985,ok,,188,0,0.004
Q01348,1,1,list_shipments,status=in_transit,2026-09-03T03:32:52.681Z,88,ok,115,,,0
Q01348,2,1,get_shipment,ORBU6345416,2026-09-03T03:32:53.785Z,67,ok,,210,,0
Q01348,3,1,get_shipment,SNDU2702289,2026-09-03T03:32:54.764Z,75,ok,,212,,0
Q01348,4,1,carrier_track,SNDU2702289,2026-09-03T03:32:56.017Z,1935,ok,,212,0,0.004
Q01348,5,1,get_shipment,SNDU7312081,2026-09-03T03:32:58.699Z,44,ok,,210,,0
Q01348,6,1,get_shipment,ZNTU6771478,2026-09-03T03:32:59.617Z,78,ok,,212,,0
Q01348,7,1,carrier_track,ZNTU6771478,2026-09-03T03:33:00.408Z,1662,ok,,213,1,0.004
Q01348,8,1,get_shipment,KSTU8807342,2026-09-03T03:33:02.976Z,69,ok,,211,,0
Q01348,9,1,carrier_track,KSTU8807342,2026-09-03T03:33:03.914Z,2119,ok,,211,0,0.004
Q01348,10,1,get_shipment,ZNTU6878862,2026-09-03T03:33:07.003Z,58,ok,,213,,0
Q01348,11,1,carrier_track,ZNTU6878862,2026-09-03T03:33:08.031Z,2097,ok,,213,1,0.004
Q01348,12,1,get_shipment,CBTU2724228,2026-09-03T03:33:11.291Z,56,ok,,213,,0
Q01348,13,1,get_shipment,ORBU8686665,2026-09-03T03:33:12.307Z,32,ok,,212,,0
Q01348,14,1,carrier_track,ORBU8686665,2026-09-03T03:33:13.373Z,2646,ok,,212,0,0.004
Q01348,15,1,get_shipment,SNDU9094788,2026-09-03T03:33:17.323Z,129,ok,,213,,0
Q01348,16,1,get_shipment,SNDU9481774,2026-09-03T03:33:18.203Z,61,ok,,212,,0
Q01348,17,1,carrier_track,SNDU9481774,2026-09-03T03:33:19.202Z,2398,ok,,212,0,0.004
Q01348,18,1,get_shipment,SNDU9947044,2026-09-03T03:33:22.439Z,85,ok,,211,,0
Q01348,19,1,get_shipment,KSTU3708950,2026-09-03T03:33:23.506Z,70,ok,,212,,0
Q01348,20,1,carrier_track,KSTU3708950,2026-09-03T03:33:24.657Z,1855,ok,,212,0,0.004
Q01348,21,1,get_shipment,ORBU8695218,2026-09-03T03:33:27.667Z,48,ok,,211,,0
Q01348,22,1,get_shipment,ORBU3173581,2026-09-03T03:33:28.326Z,39,ok,,212,,0
Q01348,23,1,get_shipment,QVRU5511786,2026-09-03T03:33:29.280Z,46,ok,,213,,0
Q01348,24,1,get_shipment,ORBU8008855,2026-09-03T03:33:30.298Z,77,ok,,211,,0
Q01348,25,1,get_shipment,CBTU6117141,2026-09-03T03:33:31.474Z,54,ok,,211,,0
Q01349,1,1,get_shipment,QVRU5546975,2026-09-03T03:33:26.828Z,40,ok,,212,,0
Q01349,2,1,carrier_track,QVRU5546975,2026-09-03T03:33:27.702Z,1457,ok,,212,0,0.004
Q01351,1,1,get_shipment,KSTU7510934,2026-09-03T03:42:59.189Z,72,ok,,222,,0
Q01351,2,1,carrier_track,KSTU7510934,2026-09-03T03:43:00.345Z,2960,ok,,223,0,0.004
Q01352,1,1,search_docs,BK341944,2026-09-03T04:58:29.304Z,400,ok,,,,0
Q01353,1,1,get_shipment,BK225559,2026-09-03T05:15:51.220Z,43,ok,,75,,0
Q01353,2,1,carrier_track,CBTU7616393,2026-09-03T05:15:52.822Z,1517,ok,,75,0,0.004
Q01354,1,1,search_docs,BK451621,2026-09-03T06:05:45.546Z,463,ok,,,,0
Q01354,2,1,search_docs,BK451621,2026-09-03T06:05:47.008Z,537,ok,,,,0
Q01355,1,1,get_shipment,ZNTU2305306,2026-09-03T06:17:39.066Z,85,ok,,137,,0
Q01356,1,1,get_shipment,SNDU1269773,2026-09-03T06:26:45.552Z,102,ok,,144,,0
Q01357,1,1,get_shipment,KSTU9535313,2026-09-03T06:46:16.293Z,61,ok,,166,,0
Q01358,1,1,get_shipment,SNDU8488468,2026-09-03T06:53:40.095Z,55,ok,,172,,0
Q01358,2,1,carrier_track,SNDU8488468,2026-09-03T06:53:40.687Z,2196,ok,,172,1,0.004
Q01359,1,1,get_shipment,QVRU8335233,2026-09-03T07:07:27.481Z,52,ok,,187,,0
Q01360,1,1,get_shipment,KSTU7576043,2026-09-03T07:13:33.003Z,79,ok,,193,,0
Q01361,1,1,get_shipment,BK409976,2026-09-03T07:19:07.571Z,38,ok,,199,,0
Q01361,2,1,carrier_track,SNDU5450932,2026-09-03T07:19:08.245Z,3029,ok,,199,0,0.004
Q01362,1,1,search_docs,BK882396,2026-09-03T07:27:07.703Z,474,ok,,,,0
Q01363,1,1,get_shipment,CBTU4857765,2026-09-03T07:33:42.830Z,73,ok,,212,,0
Q01363,2,1,carrier_track,CBTU4857765,2026-09-03T07:33:43.609Z,1883,ok,,212,0,0.004
Q01364,1,1,get_shipment,ORBU5012569,2026-09-03T07:41:14.471Z,69,ok,,219,,0
Q01365,1,1,list_shipments,status=at_origin,2026-09-03T07:41:59.502Z,198,ok,68,,,0
Q01365,2,1,get_shipment,CBTU1905850,2026-09-03T07:42:00.358Z,51,ok,,220,,0
Q01365,3,1,get_shipment,CBTU5441883,2026-09-03T07:42:01.311Z,55,ok,,222,,0
Q01365,4,1,get_shipment,SNDU6001115,2026-09-03T07:42:02.431Z,62,ok,,221,,0
Q01365,5,1,get_shipment,KSTU7722368,2026-09-03T07:42:03.593Z,31,ok,,221,,0
Q01365,6,1,get_shipment,ORBU1486206,2026-09-03T07:42:05.378Z,67,ok,,222,,0
Q01365,7,1,carrier_track,ORBU1486206,2026-09-03T07:42:06.170Z,1113,ok,,222,0,0.004
Q01365,8,1,get_shipment,CBTU6776075,2026-09-03T07:42:08.421Z,100,ok,,221,,0
Q01365,9,1,carrier_track,CBTU6776075,2026-09-03T07:42:09.658Z,2674,ok,,221,0,0.004
Q01365,10,1,get_shipment,KSTU9097578,2026-09-03T07:42:13.260Z,60,ok,,222,,0
Q01365,11,1,get_shipment,ZNTU4344024,2026-09-03T07:42:14.224Z,61,ok,,220,,0
Q01365,12,1,carrier_track,ZNTU4344024,2026-09-03T07:42:14.915Z,2108,ok,,220,0,0.004
Q01365,13,1,get_shipment,ORBU2455421,2026-09-03T07:42:17.965Z,54,ok,,221,,0
Q01365,14,1,carrier_track,ORBU2455421,2026-09-03T07:42:18.884Z,3441,ok,,221,0,0.004
Q01365,15,1,get_shipment,KSTU1065976,2026-09-03T07:42:23.102Z,55,ok,,221,,0
Q01365,16,1,carrier_track,KSTU1065976,2026-09-03T07:42:24.244Z,2508,ok,,221,0,0.004
Q01365,17,1,get_shipment,SNDU1467509,2026-09-03T07:42:27.764Z,78,ok,,221,,0
Q01365,18,1,carrier_track,SNDU1467509,2026-09-03T07:42:28.897Z,4954,ok,,221,0,0.004
Q01365,19,1,get_shipment,SNDU5355235,2026-09-03T07:42:34.701Z,77,ok,,221,,0
Q01365,20,1,get_shipment,KSTU2579162,2026-09-03T07:42:35.713Z,76,ok,,220,,0
Q01365,21,1,carrier_track,KSTU2579162,2026-09-03T07:42:36.637Z,1888,ok,,220,0,0.004
Q01365,22,1,get_shipment,SNDU5956897,2026-09-03T07:42:39.344Z,50,ok,,222,,0
Q01365,23,1,get_shipment,ZNTU3505978,2026-09-03T07:42:40.229Z,58,ok,,220,,0
Q01365,24,1,get_shipment,SNDU8965161,2026-09-03T07:42:40.973Z,41,ok,,220,,0
Q01365,25,1,get_shipment,ZNTU9304748,2026-09-03T07:42:42.421Z,58,ok,,220,,0
Q01367,1,1,get_shipment,KSTU8803319,2026-09-03T08:18:17.881Z,54,ok,,18,,0
Q01367,2,1,carrier_track,KSTU8803319,2026-09-03T08:18:18.751Z,1739,ok,,18,0,0.004
Q01368,1,1,get_shipment,KSTU3864924,2026-09-03T08:39:55.431Z,82,ok,,38,,0
Q01368,2,1,carrier_track,KSTU3864924,2026-09-03T08:39:56.409Z,1656,ok,,38,0,0.004
Q01369,1,1,search_docs,BK859822,2026-09-03T09:07:59.051Z,383,ok,,,,0
Q01371,1,1,get_shipment,ORBU1486206,2026-09-03T09:12:50.647Z,56,ok,,72,,0
Q01371,2,1,carrier_track,ORBU1486206,2026-09-03T09:12:51.602Z,2255,ok,,72,0,0.004
Q01374,1,1,get_shipment,CBTU9998559,2026-09-03T09:59:47.039Z,80,ok,,119,,0
Q01374,2,1,carrier_track,CBTU9998559,2026-09-03T09:59:48.363Z,2083,ok,,119,0,0.004
Q01375,1,1,get_shipment,KSTU7584940,2026-09-04T01:07:16.520Z,68,ok,,65,,0
Q01375,2,1,carrier_track,KSTU7584940,2026-09-04T01:07:17.349Z,1622,ok,,65,0,0.004
Q01376,1,1,get_shipment,BK775797,2026-09-04T01:26:02.936Z,48,ok,,84,,0
Q01376,2,1,carrier_track,ZNTU3324861,2026-09-04T01:26:04.006Z,1741,ok,,84,0,0.004
Q01377,1,1,get_shipment,ORBU4199138,2026-09-04T01:33:04.256Z,55,ok,,92,,0
Q01377,2,1,carrier_track,ORBU4199138,2026-09-04T01:33:05.471Z,1758,ok,,92,0,0.004
Q01378,1,1,list_shipments,status=in_transit,2026-09-04T01:34:37.054Z,195,ok,116,,,0
Q01378,2,1,get_shipment,ORBU6345416,2026-09-04T01:34:38.216Z,79,ok,,92,,0
Q01378,3,1,get_shipment,SNDU2702289,2026-09-04T01:34:39.078Z,76,ok,,94,,0
Q01378,4,1,get_shipment,SNDU7312081,2026-09-04T01:34:40.287Z,72,ok,,92,,0
Q01378,5,1,get_shipment,ORBU1486206,2026-09-04T01:34:41.347Z,55,ok,,94,,0
Q01378,6,1,carrier_track,ORBU1486206,2026-09-04T01:34:42.342Z,3033,ok,,94,0,0.004
Q01378,7,1,get_shipment,ZNTU6771478,2026-09-04T01:34:46.161Z,76,ok,,94,,0
Q01378,8,1,get_shipment,KSTU8807342,2026-09-04T01:34:47.163Z,34,ok,,92,,0
Q01378,9,1,carrier_track,KSTU8807342,2026-09-04T01:34:48.241Z,1525,ok,,92,0,0.004
Q01378,10,1,get_shipment,ZNTU6878862,2026-09-04T01:34:50.725Z,69,ok,,94,,0
Q01378,11,1,get_shipment,CBTU2724228,2026-09-04T01:34:51.523Z,73,ok,,94,,0
Q01378,12,1,carrier_track,CBTU2724228,2026-09-04T01:34:52.575Z,1046,ok,,94,0,0.004
Q01378,13,1,get_shipment,ORBU8686665,2026-09-04T01:34:54.273Z,83,ok,,93,,0
Q01378,14,1,carrier_track,ORBU8686665,2026-09-04T01:34:55.185Z,1517,ok,,93,0,0.004
Q01378,15,1,get_shipment,KSTU1065976,2026-09-04T01:34:58.224Z,78,ok,,93,,0
Q01378,16,1,get_shipment,SNDU9094788,2026-09-04T01:34:59.404Z,96,ok,,94,,0
Q01378,17,1,carrier_track,SNDU9094788,2026-09-04T01:35:00.269Z,3651,ok,,95,0,0.004
Q01378,18,1,get_shipment,SNDU9481774,2026-09-04T01:35:04.698Z,69,ok,,94,,0
Q01378,19,1,carrier_track,SNDU9481774,2026-09-04T01:35:05.877Z,2357,ok,,94,0,0.004
Q01378,20,1,get_shipment,SNDU9947044,2026-09-04T01:35:09.193Z,62,ok,,93,,0
Q01378,21,1,carrier_track,SNDU9947044,2026-09-04T01:35:10.529Z,3123,ok,,93,0,0.004
Q01378,22,1,get_shipment,KSTU3708950,2026-09-04T01:35:14.634Z,40,ok,,94,,0
Q01378,23,1,carrier_track,KSTU3708950,2026-09-04T01:35:15.752Z,1133,ok,,94,0,0.004
Q01378,24,1,get_shipment,ORBU8695218,2026-09-04T01:35:17.791Z,48,ok,,93,,0
Q01378,25,1,carrier_track,ORBU8695218,2026-09-04T01:35:18.845Z,1713,ok,,93,0,0.004
Q01380,1,1,get_shipment,ORBU5928846,2026-09-04T01:41:14.979Z,65,ok,,99,,0
Q01380,2,1,carrier_track,ORBU5928846,2026-09-04T01:41:15.686Z,2879,ok,,99,0,0.004
Q01381,1,1,search_docs,BK637145,2026-09-04T01:44:32.075Z,527,ok,,,,0
Q01381,2,1,search_docs,BK637145,2026-09-04T01:44:33.298Z,496,ok,,,,0
Q01382,1,1,get_shipment,CBTU2467498,2026-09-04T01:52:05.452Z,46,ok,,111,,0
Q01382,2,1,carrier_track,CBTU2467498,2026-09-04T01:52:06.473Z,3823,ok,,111,0,0.004
Q01383,1,1,get_shipment,SNDU4523298,2026-09-04T01:53:04.157Z,111,ok,,112,,0
Q01383,2,1,carrier_track,SNDU4523298,2026-09-04T01:53:04.947Z,2226,ok,,112,0,0.004
Q01384,1,1,get_shipment,KSTU4961813,2026-09-04T02:10:11.091Z,86,ok,,128,,0
Q01384,2,1,carrier_track,KSTU4961813,2026-09-04T02:10:12.346Z,3697,ok,,128,0,0.004
Q01385,1,1,list_shipments,status=in_transit,2026-09-04T02:14:36.365Z,115,ok,116,,,0
Q01385,2,1,get_shipment,ORBU6345416,2026-09-04T02:14:37.189Z,49,ok,,132,,0
Q01385,3,1,carrier_track,ORBU6345416,2026-09-04T02:14:37.980Z,2370,ok,,132,0,0.004
Q01385,4,1,get_shipment,SNDU2702289,2026-09-04T02:14:41.002Z,39,ok,,134,,0
Q01385,5,1,carrier_track,SNDU2702289,2026-09-04T02:14:41.943Z,1795,ok,,134,0,0.004
Q01385,6,1,get_shipment,SNDU7312081,2026-09-04T02:14:44.808Z,83,ok,,132,,0
Q01385,7,1,carrier_track,SNDU7312081,2026-09-04T02:14:45.930Z,1184,ok,,132,0,0.004
Q01385,8,1,get_shipment,ORBU1486206,2026-09-04T02:14:48.042Z,51,ok,,134,,0
Q01385,9,1,carrier_track,ORBU1486206,2026-09-04T02:14:49.157Z,620,ok,,134,0,0.004
Q01385,10,1,get_shipment,ZNTU6771478,2026-09-04T02:14:50.410Z,79,ok,,134,,0
Q01385,11,1,get_shipment,KSTU8807342,2026-09-04T02:14:51.443Z,55,ok,,132,,0
Q01385,12,1,get_shipment,ZNTU6878862,2026-09-04T02:14:52.420Z,58,ok,,134,,0
Q01385,13,1,carrier_track,ZNTU6878862,2026-09-04T02:14:53.117Z,2815,ok,,134,0,0.004
Q01385,14,1,get_shipment,CBTU2724228,2026-09-04T02:14:56.804Z,45,ok,,134,,0
Q01385,15,1,get_shipment,ORBU8686665,2026-09-04T02:14:57.870Z,71,ok,,133,,0
Q01385,16,1,carrier_track,ORBU8686665,2026-09-04T02:14:59.296Z,3198,ok,,133,0,0.004
Q01385,17,1,get_shipment,KSTU1065976,2026-09-04T02:15:03.554Z,91,ok,,134,,0
Q01385,18,1,get_shipment,SNDU9094788,2026-09-04T02:15:04.670Z,115,ok,,135,,0
Q01385,19,1,get_shipment,SNDU9481774,2026-09-04T02:15:05.756Z,60,ok,,134,,0
Q01385,20,1,carrier_track,SNDU9481774,2026-09-04T02:15:07.192Z,3103,ok,,134,0,0.004
Q01385,21,1,get_shipment,SNDU9947044,2026-09-04T02:15:11.412Z,53,ok,,133,,0
Q01385,22,1,get_shipment,KSTU3708950,2026-09-04T02:15:12.650Z,61,ok,,134,,0
Q01385,23,1,carrier_track,KSTU3708950,2026-09-04T02:15:14.337Z,1687,ok,,134,0,0.004
Q01385,24,1,get_shipment,ORBU8695218,2026-09-04T02:15:17.257Z,60,ok,,133,,0
Q01385,25,1,get_shipment,ORBU3173581,2026-09-04T02:15:18.392Z,65,ok,,134,,0
Q01389,1,1,get_shipment,ORBU8695218,2026-09-04T02:22:36.360Z,33,ok,,140,,0
Q01389,2,1,carrier_track,ORBU8695218,2026-09-04T02:22:37.207Z,1972,ok,,140,0,0.004
Q01390,1,1,get_shipment,CBTU7616393,2026-09-04T02:25:38.406Z,54,ok,,145,,0
Q01390,2,1,carrier_track,CBTU7616393,2026-09-04T02:25:39.083Z,3571,ok,,145,0,0.004
Q01392,1,1,get_shipment,ZNTU8498796,2026-09-04T02:57:12.415Z,83,ok,,175,,0
Q01392,2,1,carrier_track,ZNTU8498796,2026-09-04T02:57:13.477Z,2784,ok,,175,0,0.004
Q01394,1,1,get_shipment,CBTU2881274,2026-09-04T03:17:13.270Z,53,ok,,195,,0
Q01395,1,1,get_shipment,KSTU1336915,2026-09-04T03:22:58.242Z,63,ok,,200,,0
Q01395,2,1,carrier_track,KSTU1336915,2026-09-04T03:22:59.484Z,1422,ok,,200,0,0.004
Q01397,1,1,get_shipment,QVRU7051698,2026-09-04T03:33:20.061Z,77,ok,,212,,0
Q01398,1,1,get_shipment,SNDU6841952,2026-09-04T03:34:01.266Z,71,ok,,214,,0
Q01398,2,1,carrier_track,SNDU6841952,2026-09-04T03:34:02.255Z,1686,ok,,214,1,0.004
Q01400,1,1,get_shipment,KSTU3864924,2026-09-04T03:40:58.835Z,53,ok,,219,,0
Q01400,2,1,carrier_track,KSTU3864924,2026-09-04T03:40:59.695Z,3287,ok,,219,0,0.004
Q01401,1,1,get_shipment,KSTU3670703,2026-09-04T03:52:49.927Z,38,ok,,231,,0
Q01401,2,1,carrier_track,KSTU3670703,2026-09-04T03:52:50.894Z,1350,ok,,231,0,0.004
Q01402,1,1,get_shipment,BK657364,2026-09-04T04:18:17.823Z,45,ok,,16,,0
Q01402,2,1,carrier_track,ZNTU3128701,2026-09-04T04:18:18.635Z,1226,ok,,16,0,0.004
Q01403,1,1,get_shipment,ZNTU9304748,2026-09-04T04:26:14.135Z,42,ok,,24,,0
Q01404,1,1,get_shipment,ZNTU2305306,2026-09-04T04:26:29.005Z,40,ok,,26,,0
Q01405,1,1,get_shipment,ORBU5351419,2026-09-04T04:53:03.099Z,88,ok,,51,,0
Q01405,2,1,carrier_track,ORBU5351419,2026-09-04T04:53:03.968Z,1853,ok,,51,0,0.004
Q01406,1,1,search_docs,BK375509,2026-09-04T05:06:34.150Z,514,ok,,,,0
Q01407,1,1,get_shipment,ZNTU3075480,2026-09-04T05:11:19.823Z,62,ok,,70,,0
Q01408,1,1,get_shipment,ORBU7933796,2026-09-04T05:27:35.555Z,48,ok,,85,,0
Q01409,1,1,get_shipment,BK156900,2026-09-04T05:40:22.005Z,59,ok,,98,,0
Q01409,2,1,carrier_track,SNDU2341639,2026-09-04T05:40:22.920Z,1802,ok,,98,0,0.004
Q01411,1,1,search_docs,BK657658,2026-09-04T06:08:40.438Z,460,ok,,,,0
Q01412,1,1,get_shipment,BK341944,2026-09-04T06:25:35.032Z,38,ok,,144,,0
Q01412,2,1,carrier_track,CBTU4442978,2026-09-04T06:25:35.767Z,1809,ok,,144,0,0.004
Q01413,1,1,get_shipment,SNDU6955283,2026-09-04T06:26:08.943Z,84,ok,,146,,0
Q01413,2,1,carrier_track,SNDU6955283,2026-09-04T06:26:10.150Z,2109,ok,,146,0,0.004
Q01414,1,1,get_shipment,CBTU6503825,2026-09-04T06:27:44.813Z,51,ok,,147,,0
Q01414,2,1,carrier_track,CBTU6503825,2026-09-04T06:27:45.664Z,1838,ok,,147,0,0.004
Q01417,1,1,search_docs,BK662664,2026-09-04T07:11:08.322Z,295,ok,,,,0
Q01418,1,1,search_docs,BK854526,2026-09-04T07:13:37.666Z,640,ok,,,,0
Q01420,1,1,get_shipment,SNDU1269773,2026-09-04T07:44:05.335Z,40,ok,,222,,0
Q01420,2,1,carrier_track,SNDU1269773,2026-09-04T07:44:06.735Z,1445,ok,,222,0,0.004
Q01421,1,1,get_shipment,KSTU8939294,2026-09-04T07:57:50.096Z,67,ok,,236,,0
Q01422,1,1,get_shipment,SNDU9339547,2026-09-04T08:01:29.460Z,46,ok,,0,,0
Q01422,2,1,carrier_track,SNDU9339547,2026-09-04T08:01:30.573Z,1989,ok,,0,0,0.004
Q01424,1,1,get_shipment,SNDU7966646,2026-09-04T08:37:29.186Z,50,ok,,37,,0
Q01424,2,1,carrier_track,SNDU7966646,2026-09-04T08:37:29.906Z,2087,ok,,37,0,0.004
Q01425,1,1,get_shipment,KSTU9535313,2026-09-04T08:41:54.325Z,63,ok,,41,,0
Q01425,2,1,carrier_track,KSTU9535313,2026-09-04T08:41:55.162Z,2693,ok,,41,0,0.004
Q01426,1,1,get_shipment,ZNTU4344024,2026-09-04T08:43:42.858Z,52,ok,,41,,0
Q01426,2,1,carrier_track,ZNTU4344024,2026-09-04T08:43:43.811Z,2273,ok,,41,0,0.004
Q01427,1,1,get_shipment,ZNTU5253848,2026-09-04T08:48:34.558Z,56,ok,,46,,0
Q01427,2,1,carrier_track,ZNTU5253848,2026-09-04T08:48:35.418Z,1757,ok,,46,0,0.004
Q01428,1,1,get_shipment,CBTU3984664,2026-09-04T08:54:13.371Z,84,ok,,53,,0
Q01428,2,1,carrier_track,CBTU3984664,2026-09-04T08:54:14.477Z,1746,ok,,53,0,0.004
Q01429,1,1,get_shipment,SNDU3817108,2026-09-04T08:58:28.117Z,24,ok,,58,,0
Q01429,2,1,carrier_track,SNDU3817108,2026-09-04T08:58:29.134Z,1937,ok,,58,0,0.004
Q01430,1,1,get_shipment,CBTU4857765,2026-09-04T09:03:15.991Z,65,ok,,62,,0
Q01430,2,1,carrier_track,CBTU4857765,2026-09-04T09:03:16.870Z,1932,ok,,62,0,0.004
Q01431,1,1,get_shipment,ZNTU6302909,2026-09-04T09:05:52.608Z,109,ok,,64,,0
Q01432,1,1,get_shipment,ZNTU3505978,2026-09-04T09:34:19.807Z,29,ok,,92,,0
Q01432,2,1,carrier_track,ZNTU3505978,2026-09-04T09:34:20.494Z,1109,ok,,92,0,0.004
Q01433,1,1,get_shipment,ORBU5012569,2026-09-04T10:54:20.444Z,76,ok,,172,,0
Q01433,2,1,carrier_track,ORBU5012569,2026-09-04T10:54:21.086Z,1800,ok,,172,0,0.004
Q01434,1,1,get_shipment,ZNTU9829474,2026-09-05T00:45:50.576Z,44,ok,,44,,0
Q01435,1,1,get_shipment,BK592299,2026-09-05T01:00:57.691Z,23,ok,,60,,0
Q01435,2,1,carrier_track,CBTU9998559,2026-09-05T01:00:58.223Z,1510,ok,,60,0,0.004
Q01436,1,1,get_shipment,ZNTU9156086,2026-09-05T02:26:17.563Z,40,ok,,145,,0
Q01436,2,1,carrier_track,ZNTU9156086,2026-09-05T02:26:18.456Z,2534,ok,,145,0,0.004
Q01437,1,1,get_shipment,CBTU9998559,2026-09-06T06:45:57.555Z,45,ok,,165,,0
Q01437,2,1,carrier_track,CBTU9998559,2026-09-06T06:45:58.600Z,3327,ok,,165,0,0.004
Q01438,1,1,search_docs,BK320030,2026-09-07T00:12:25.763Z,372,ok,,,,0
Q01439,1,1,get_shipment,KSTU3864924,2026-09-07T00:17:02.610Z,72,ok,,16,,0
Q01439,2,1,carrier_track,KSTU3864924,2026-09-07T00:17:03.639Z,1997,ok,,16,0,0.004
Q01440,1,1,get_shipment,ORBU3428539,2026-09-07T00:36:58.026Z,56,ok,,34,,0
Q01441,1,1,list_shipments,status=in_transit,2026-09-07T00:54:00.407Z,161,ok,116,,,0
Q01441,2,1,get_shipment,ORBU6345416,2026-09-07T00:54:01.572Z,40,ok,,52,,0
Q01441,3,1,carrier_track,ORBU6345416,2026-09-07T00:54:02.380Z,2577,ok,,52,0,0.004
Q01441,4,1,get_shipment,SNDU2702289,2026-09-07T00:54:05.785Z,52,ok,,54,,0
Q01441,5,1,get_shipment,SNDU7312081,2026-09-07T00:54:07.027Z,67,ok,,52,,0
Q01441,6,1,get_shipment,CBTU5441883,2026-09-07T00:54:08.123Z,60,ok,,54,,0
Q01441,7,1,carrier_track,CBTU5441883,2026-09-07T00:54:09.005Z,1885,ok,,54,0,0.004
Q01441,8,1,get_shipment,KSTU7722368,2026-09-07T00:54:11.574Z,48,ok,,53,,0
Q01441,9,1,get_shipment,ORBU1486206,2026-09-07T00:54:12.772Z,84,ok,,54,,0
Q01441,10,1,get_shipment,CBTU6776075,2026-09-07T00:54:13.749Z,64,ok,,53,,0
Q01441,11,1,get_shipment,ZNTU6771478,2026-09-07T00:54:15.027Z,65,ok,,54,,0
Q01441,12,1,carrier_track,ZNTU6771478,2026-09-07T00:54:15.920Z,3314,ok,,54,0,0.004
Q01441,13,1,get_shipment,KSTU8807342,2026-09-07T00:54:19.937Z,73,ok,,52,,0
Q01441,14,1,get_shipment,CBTU2724228,2026-09-07T00:54:20.850Z,69,ok,,54,,0
Q01441,15,1,get_shipment,ORBU8686665,2026-09-07T00:54:22.192Z,63,ok,,53,,0
Q01441,16,1,carrier_track,ORBU8686665,2026-09-07T00:54:22.985Z,1423,ok,,53,0,0.004
Q01441,17,1,get_shipment,KSTU1065976,2026-09-07T00:54:25.327Z,81,ok,,53,,0
Q01441,18,1,carrier_track,KSTU1065976,2026-09-07T00:54:26.716Z,3004,ok,,53,0,0.004
Q01441,19,1,get_shipment,SNDU9094788,2026-09-07T00:54:30.673Z,40,ok,,54,,0
Q01441,20,1,carrier_track,SNDU9094788,2026-09-07T00:54:31.597Z,4083,ok,,54,0,0.004
Q01441,21,1,get_shipment,SNDU9481774,2026-09-07T00:54:36.525Z,40,ok,,53,,0
Q01441,22,1,get_shipment,SNDU9947044,2026-09-07T00:54:37.417Z,70,ok,,52,,0
Q01441,23,1,carrier_track,SNDU9947044,2026-09-07T00:54:38.534Z,3154,ok,,52,0,0.004
Q01441,24,1,get_shipment,ORBU8695218,2026-09-07T00:54:42.454Z,84,ok,,52,,0
Q01441,25,1,get_shipment,ORBU3173581,2026-09-07T00:54:43.764Z,56,ok,,53,,0
Q01443,1,1,get_shipment,ZNTU6302909,2026-09-07T01:02:21.407Z,74,ok,,61,,0
Q01443,2,1,carrier_track,ZNTU6302909,2026-09-07T01:02:22.299Z,1983,ok,,61,0,0.004
Q01445,1,1,list_shipments,status=in_transit,2026-09-07T01:03:12.998Z,111,ok,116,,,0
Q01445,2,1,get_shipment,ORBU6345416,2026-09-07T01:03:14.047Z,107,ok,,61,,0
Q01445,3,1,get_shipment,SNDU2702289,2026-09-07T01:03:15.136Z,52,ok,,63,,0
Q01445,4,1,carrier_track,SNDU2702289,2026-09-07T01:03:15.955Z,1576,ok,,63,0,0.004
Q01445,5,1,get_shipment,SNDU7312081,2026-09-07T01:03:18.108Z,48,ok,,61,,0
Q01445,6,1,get_shipment,CBTU5441883,2026-09-07T01:03:18.879Z,41,ok,,63,,0
Q01445,7,1,get_shipment,KSTU7722368,2026-09-07T01:03:19.781Z,66,ok,,62,,0
Q01445,8,1,carrier_track,KSTU7722368,2026-09-07T01:03:20.532Z,1202,ok,,62,0,0.004
Q01445,9,1,get_shipment,ORBU1486206,2026-09-07T01:03:22.387Z,55,ok,,63,,0
Q01445,10,1,get_shipment,CBTU6776075,2026-09-07T01:03:23.175Z,55,ok,,62,,0
Q01445,11,1,get_shipment,ZNTU6771478,2026-09-07T01:03:24.363Z,42,ok,,63,,0
Q01445,12,1,carrier_track,ZNTU6771478,2026-09-07T01:03:25.082Z,2131,ok,,63,0,0.004
Q01445,13,1,get_shipment,KSTU8807342,2026-09-07T01:03:28.445Z,54,ok,,61,,0
Q01445,14,1,carrier_track,KSTU8807342,2026-09-07T01:03:29.424Z,1290,ok,,61,0,0.004
Q01445,15,1,get_shipment,CBTU2724228,2026-09-07T01:03:31.604Z,74,ok,,63,,0
Q01445,16,1,get_shipment,ORBU8686665,2026-09-07T01:03:32.356Z,27,ok,,62,,0
Q01445,17,1,get_shipment,KSTU1065976,2026-09-07T01:03:33.354Z,58,ok,,62,,0
Q01445,18,1,carrier_track,KSTU1065976,2026-09-07T01:03:34.410Z,2323,ok,,62,0,0.004
Q01445,19,1,get_shipment,SNDU9094788,2026-09-07T01:03:37.611Z,85,ok,,63,,0
Q01445,20,1,carrier_track,SNDU9094788,2026-09-07T01:03:38.874Z,1715,ok,,63,0,0.004
Q01445,21,1,get_shipment,SNDU9481774,2026-09-07T01:03:41.562Z,74,ok,,62,,0
Q01445,22,1,carrier_track,SNDU9481774,2026-09-07T01:03:42.615Z,3904,ok,,62,1,0.004
Q01445,23,1,get_shipment,SNDU9947044,2026-09-07T01:03:47.411Z,43,ok,,61,,0
Q01445,24,1,get_shipment,ORBU8695218,2026-09-07T01:03:48.388Z,48,ok,,61,,0
Q01445,25,1,get_shipment,ORBU3173581,2026-09-07T01:03:49.466Z,78,ok,,62,,0
Q01446,1,1,list_shipments,status=in_transit,2026-09-07T01:03:16.738Z,168,ok,116,,,0
Q01446,2,1,get_shipment,ORBU6345416,2026-09-07T01:03:17.803Z,50,ok,,61,,0
Q01446,3,1,get_shipment,SNDU2702289,2026-09-07T01:03:18.388Z,78,ok,,63,,0
Q01446,4,1,get_shipment,SNDU7312081,2026-09-07T01:03:19.184Z,85,ok,,61,,0
Q01446,5,1,carrier_track,SNDU7312081,2026-09-07T01:03:20.105Z,1071,ok,,61,0,0.004
Q01446,6,1,get_shipment,CBTU5441883,2026-09-07T01:03:21.837Z,64,ok,,63,,0
Q01446,7,1,carrier_track,CBTU5441883,2026-09-07T01:03:22.752Z,857,ok,,63,0,0.004
Q01446,8,1,get_shipment,KSTU7722368,2026-09-07T01:03:24.569Z,62,ok,,62,,0
Q01446,9,1,carrier_track,KSTU7722368,2026-09-07T01:03:25.529Z,2118,ok,,62,0,0.004
Q01446,10,1,get_shipment,ORBU1486206,2026-09-07T01:03:28.864Z,65,ok,,63,,0
Q01446,11,1,get_shipment,CBTU6776075,2026-09-07T01:03:29.771Z,79,ok,,62,,0
Q01446,12,1,carrier_track,CBTU6776075,2026-09-07T01:03:30.542Z,1377,ok,,62,0,0.004
Q01446,13,1,get_shipment,ZNTU6771478,2026-09-07T01:03:32.601Z,36,ok,,63,,0
Q01446,14,1,carrier_track,ZNTU6771478,2026-09-07T01:03:33.418Z,2255,ok,,63,0,0.004
Q01446,15,1,get_shipment,KSTU8807342,2026-09-07T01:03:36.421Z,67,ok,,61,,0
Q01446,16,1,carrier_track,KSTU8807342,2026-09-07T01:03:37.201Z,2485,ok,,61,0,0.004
Q01446,17,1,get_shipment,CBTU2724228,2026-09-07T01:03:41.033Z,75,ok,,63,,0
Q01446,18,1,carrier_track,CBTU2724228,2026-09-07T01:03:42.427Z,3835,ok,,63,0,0.004
Q01446,19,1,get_shipment,ORBU8686665,2026-09-07T01:03:47.134Z,79,ok,,62,,0
Q01446,20,1,get_shipment,KSTU1065976,2026-09-07T01:03:47.972Z,56,ok,,62,,0
Q01446,21,1,carrier_track,KSTU1065976,2026-09-07T01:03:48.865Z,3443,ok,,62,0,0.004
Q01446,22,1,get_shipment,SNDU9094788,2026-09-07T01:03:53.667Z,58,ok,,63,,0
Q01446,23,1,get_shipment,SNDU9481774,2026-09-07T01:03:54.760Z,56,ok,,62,,0
Q01446,24,1,carrier_track,SNDU9481774,2026-09-07T01:03:55.721Z,3264,ok,,62,0,0.004
Q01446,25,1,get_shipment,SNDU9947044,2026-09-07T01:04:00.139Z,66,ok,,62,,0
Q01447,1,1,list_shipments,status=in_transit,2026-09-07T01:03:22.537Z,112,ok,116,,,0
Q01447,2,1,get_shipment,ORBU6345416,2026-09-07T01:03:23.281Z,72,ok,,61,,0
Q01447,3,1,carrier_track,ORBU6345416,2026-09-07T01:03:24.146Z,2068,ok,,61,0,0.004
Q01447,4,1,get_shipment,SNDU2702289,2026-09-07T01:03:27.088Z,56,ok,,63,,0
Q01447,5,1,get_shipment,SNDU7312081,2026-09-07T01:03:27.796Z,52,ok,,61,,0
Q01447,6,1,get_shipment,CBTU5441883,2026-09-07T01:03:28.877Z,56,ok,,63,,0
Q01447,7,1,carrier_track,CBTU5441883,2026-09-07T01:03:29.740Z,2004,ok,,63,0,0.004
Q01447,8,1,get_shipment,KSTU7722368,2026-09-07T01:03:32.761Z,61,ok,,62,,0
Q01447,9,1,get_shipment,ORBU1486206,2026-09-07T01:03:33.905Z,76,ok,,63,,0
Q01447,10,1,carrier_track,ORBU1486206,2026-09-07T01:03:35.277Z,4058,ok,,63,0,0.004
Q01447,11,1,get_shipment,CBTU6776075,2026-09-07T01:03:39.869Z,88,ok,,62,,0
Q01447,12,1,carrier_track,CBTU6776075,2026-09-07T01:03:40.864Z,1766,ok,,62,0,0.004
Q01447,13,1,get_shipment,ZNTU6771478,2026-09-07T01:03:43.489Z,29,ok,,63,,0
Q01447,14,1,get_shipment,KSTU8807342,2026-09-07T01:03:44.949Z,63,ok,,61,,0
Q01447,15,1,carrier_track,KSTU8807342,2026-09-07T01:03:45.966Z,3674,ok,,61,0,0.004
Q01447,16,1,get_shipment,CBTU2724228,2026-09-07T01:03:51.005Z,67,ok,,63,,0
Q01447,17,1,carrier_track,CBTU2724228,2026-09-07T01:03:52.182Z,1048,ok,,63,0,0.004
Q01447,18,1,get_shipment,ORBU8686665,2026-09-07T01:03:54.193Z,61,ok,,62,,0
Q01447,19,1,carrier_track,ORBU8686665,2026-09-07T01:03:55.147Z,2927,ok,,62,0,0.004
Q01447,20,1,get_shipment,KSTU1065976,2026-09-07T01:03:59.151Z,45,ok,,62,,0
Q01447,21,1,carrier_track,KSTU1065976,2026-09-07T01:03:59.970Z,4925,ok,,62,0,0.004
Q01447,22,1,get_shipment,SNDU9094788,2026-09-07T01:04:06.324Z,73,ok,,64,,0
Q01447,23,1,carrier_track,SNDU9094788,2026-09-07T01:04:07.464Z,4599,ok,,64,0,0.004
Q01447,24,1,get_shipment,SNDU9481774,2026-09-07T01:04:13.359Z,47,ok,,63,,0
Q01447,25,1,carrier_track,SNDU9481774,2026-09-07T01:04:14.482Z,2814,ok,,63,0,0.004
Q01448,1,1,list_shipments,status=in_transit,2026-09-07T01:03:29.392Z,98,ok,116,,,0
Q01448,2,1,get_shipment,ORBU6345416,2026-09-07T01:03:30.561Z,45,ok,,61,,0
Q01448,3,1,carrier_track,ORBU6345416,2026-09-07T01:03:31.660Z,1816,ok,,61,0,0.004
Q01448,4,1,get_shipment,SNDU2702289,2026-09-07T01:03:34.490Z,72,ok,,63,,0
Q01448,5,1,carrier_track,SNDU2702289,2026-09-07T01:03:35.402Z,1496,ok,,63,0,0.004
Q01448,6,1,get_shipment,SNDU7312081,2026-09-07T01:03:38.269Z,58,ok,,61,,0
Q01448,7,1,carrier_track,SNDU7312081,2026-09-07T01:03:39.419Z,1644,ok,,61,0,0.004
Q01448,8,1,get_shipment,CBTU5441883,2026-09-07T01:03:41.788Z,64,ok,,63,,0
Q01448,9,1,carrier_track,CBTU5441883,2026-09-07T01:03:42.634Z,1124,ok,,63,0,0.004
Q01448,10,1,get_shipment,KSTU7722368,2026-09-07T01:03:44.380Z,45,ok,,62,,0
Q01448,11,1,carrier_track,KSTU7722368,2026-09-07T01:03:45.381Z,2022,ok,,62,1,0.004
Q01448,12,1,get_shipment,ORBU1486206,2026-09-07T01:03:48.338Z,90,ok,,63,,0
Q01448,13,1,carrier_track,ORBU1486206,2026-09-07T01:03:49.397Z,4921,ok,,63,0,0.004
Q01448,14,1,get_shipment,CBTU6776075,2026-09-07T01:03:54.993Z,58,ok,,62,,0
Q01448,15,1,get_shipment,ZNTU6771478,2026-09-07T01:03:56.105Z,82,ok,,63,,0
Q01448,16,1,carrier_track,ZNTU6771478,2026-09-07T01:03:57.340Z,2870,ok,,63,0,0.004
Q01448,17,1,get_shipment,KSTU8807342,2026-09-07T01:04:01.067Z,67,ok,,62,,0
Q01448,18,1,carrier_track,KSTU8807342,2026-09-07T01:04:01.971Z,2330,ok,,62,0,0.004
Q01448,19,1,get_shipment,CBTU2724228,2026-09-07T01:04:05.038Z,52,ok,,64,,0
Q01448,20,1,carrier_track,CBTU2724228,2026-09-07T01:04:06.075Z,4142,ok,,64,0,0.004
Q01448,21,1,get_shipment,ORBU8686665,2026-09-07T01:04:10.849Z,65,ok,,63,,0
Q01448,22,1,get_shipment,KSTU1065976,2026-09-07T01:04:12.267Z,58,ok,,63,,0
Q01448,23,1,carrier_track,KSTU1065976,2026-09-07T01:04:13.421Z,2060,ok,,63,0,0.004
Q01448,24,1,get_shipment,SNDU9094788,2026-09-07T01:04:16.537Z,51,ok,,64,,0
Q01448,25,1,get_shipment,SNDU9481774,2026-09-07T01:04:17.745Z,78,ok,,63,,0
Q01449,1,1,list_shipments,status=in_transit,2026-09-07T01:03:36.417Z,148,ok,116,,,0
Q01449,2,1,get_shipment,ORBU6345416,2026-09-07T01:03:37.253Z,87,ok,,61,,0
Q01449,3,1,carrier_track,ORBU6345416,2026-09-07T01:03:38.084Z,3097,ok,,61,0,0.004
Q01449,4,1,get_shipment,SNDU2702289,2026-09-07T01:03:41.876Z,40,ok,,63,,0
Q01449,5,1,carrier_track,SNDU2702289,2026-09-07T01:03:42.694Z,2947,ok,,63,0,0.004
Q01449,6,1,get_shipment,SNDU7312081,2026-09-07T01:03:47.059Z,109,ok,,61,,0
Q01449,7,1,carrier_track,SNDU7312081,2026-09-07T01:03:48.230Z,1994,ok,,61,0,0.004
Q01449,8,1,get_shipment,CBTU5441883,2026-09-07T01:03:51.101Z,41,ok,,63,,0
Q01449,9,1,carrier_track,CBTU5441883,2026-09-07T01:03:52.233Z,2533,ok,,63,0,0.004
Q01449,10,1,get_shipment,KSTU7722368,2026-09-07T01:03:55.515Z,67,ok,,62,,0
Q01449,11,1,get_shipment,ORBU1486206,2026-09-07T01:03:56.673Z,99,ok,,63,,0
Q01449,12,1,get_shipment,CBTU6776075,2026-09-07T01:03:57.512Z,63,ok,,62,,0
Q01449,13,1,get_shipment,ZNTU6771478,2026-09-07T01:03:58.384Z,43,ok,,63,,0
Q01449,14,1,get_shipment,KSTU8807342,2026-09-07T01:03:59.062Z,54,ok,,61,,0
Q01449,15,1,get_shipment,CBTU2724228,2026-09-07T01:04:00.555Z,61,ok,,64,,0
Q01449,16,1,get_shipment,ORBU8686665,2026-09-07T01:04:01.790Z,96,ok,,63,,0
Q01449,17,1,carrier_track,ORBU8686665,2026-09-07T01:04:02.866Z,1885,ok,,63,0,0.004
Q01449,18,1,get_shipment,KSTU1065976,2026-09-07T01:04:05.592Z,91,ok,,63,,0
Q01449,19,1,carrier_track,KSTU1065976,2026-09-07T01:04:06.867Z,1283,ok,,63,0,0.004
Q01449,20,1,get_shipment,SNDU9094788,2026-09-07T01:04:09.067Z,52,ok,,64,,0
Q01449,21,1,carrier_track,SNDU9094788,2026-09-07T01:04:10.145Z,1238,ok,,64,0,0.004
Q01449,22,1,get_shipment,SNDU9481774,2026-09-07T01:04:12.557Z,92,ok,,63,,0
Q01449,23,1,get_shipment,SNDU9947044,2026-09-07T01:04:14.254Z,65,ok,,62,,0
Q01449,24,1,get_shipment,ORBU8695218,2026-09-07T01:04:15.228Z,72,ok,,62,,0
Q01449,25,1,carrier_track,ORBU8695218,2026-09-07T01:04:16.696Z,1829,ok,,62,0,0.004
Q01450,1,1,list_shipments,status=in_transit,2026-09-07T01:03:42.719Z,95,ok,116,,,0
Q01450,2,1,get_shipment,ORBU6345416,2026-09-07T01:03:43.793Z,48,ok,,61,,0
Q01450,3,1,get_shipment,SNDU2702289,2026-09-07T01:03:45.041Z,86,ok,,63,,0
Q01450,4,1,get_shipment,SNDU7312081,2026-09-07T01:03:46.130Z,48,ok,,61,,0
Q01450,5,1,get_shipment,CBTU5441883,2026-09-07T01:03:47.126Z,41,ok,,63,,0
Q01450,6,1,carrier_track,CBTU5441883,2026-09-07T01:03:47.963Z,2661,ok,,63,0,0.004
Q01450,7,1,get_shipment,KSTU7722368,2026-09-07T01:03:51.592Z,50,ok,,62,,0
Q01450,8,1,get_shipment,ORBU1486206,2026-09-07T01:03:52.553Z,78,ok,,63,,0
Q01450,9,1,carrier_track,ORBU1486206,2026-09-07T01:03:53.311Z,1817,ok,,63,0,0.004
Q01450,10,1,get_shipment,CBTU6776075,2026-09-07T01:03:56.001Z,102,ok,,62,,0
Q01450,11,1,carrier_track,CBTU6776075,2026-09-07T01:03:56.937Z,1338,ok,,62,0,0.004
Q01450,12,1,get_shipment,ZNTU6771478,2026-09-07T01:03:59.094Z,35,ok,,63,,0
Q01450,13,1,get_shipment,KSTU8807342,2026-09-07T01:04:00.199Z,37,ok,,62,,0
Q01450,14,1,get_shipment,CBTU2724228,2026-09-07T01:04:01.213Z,27,ok,,64,,0
Q01450,15,1,get_shipment,ORBU8686665,2026-09-07T01:04:01.915Z,39,ok,,63,,0
Q01450,16,1,get_shipment,KSTU1065976,2026-09-07T01:04:02.992Z,60,ok,,63,,0
Q01450,17,1,carrier_track,KSTU1065976,2026-09-07T01:04:04.046Z,1963,ok,,63,0,0.004
Q01450,18,1,get_shipment,SNDU9094788,2026-09-07T01:04:07.113Z,54,ok,,64,,0
Q01450,19,1,get_shipment,SNDU9481774,2026-09-07T01:04:08.126Z,59,ok,,63,,0
Q01450,20,1,get_shipment,SNDU9947044,2026-09-07T01:04:09.360Z,55,ok,,62,,0
Q01450,21,1,carrier_track,SNDU9947044,2026-09-07T01:04:10.729Z,2845,ok,,62,0,0.004
Q01450,22,1,get_shipment,ORBU8695218,2026-09-07T01:04:14.821Z,75,ok,,62,,0
Q01450,23,1,carrier_track,ORBU8695218,2026-09-07T01:04:15.805Z,1681,ok,,62,0,0.004
Q01450,24,1,get_shipment,ORBU3173581,2026-09-07T01:04:18.299Z,94,ok,,63,,0
Q01450,25,1,get_shipment,QVRU5511786,2026-09-07T01:04:19.540Z,105,ok,,64,,0
Q01451,1,1,list_shipments,status=in_transit,2026-09-07T01:03:48.476Z,143,ok,116,,,0
Q01451,2,1,get_shipment,ORBU6345416,2026-09-07T01:03:49.527Z,67,ok,,61,,0
Q01451,3,1,carrier_track,ORBU6345416,2026-09-07T01:03:50.415Z,2553,ok,,61,0,0.004
Q01451,4,1,get_shipment,SNDU2702289,2026-09-07T01:03:53.648Z,82,ok,,63,,0
Q01451,5,1,carrier_track,SNDU2702289,2026-09-07T01:03:54.625Z,3112,ok,,63,0,0.004
Q01451,6,1,get_shipment,SNDU7312081,2026-09-07T01:03:58.572Z,76,ok,,61,,0
Q01451,7,1,get_shipment,CBTU5441883,2026-09-07T01:03:59.813Z,42,ok,,63,,0
Q01451,8,1,get_shipment,KSTU7722368,2026-09-07T01:04:01.037Z,55,ok,,63,,0
Q01451,9,1,get_shipment,ORBU1486206,2026-09-07T01:04:02.024Z,47,ok,,64,,0
Q01451,10,1,get_shipment,CBTU6776075,2026-09-07T01:04:02.983Z,79,ok,,63,,0
Q01451,11,1,carrier_track,CBTU6776075,2026-09-07T01:04:03.875Z,2301,ok,,63,0,0.004
Q01451,12,1,get_shipment,ZNTU6771478,2026-09-07T01:04:07.194Z,67,ok,,64,,0
Q01451,13,1,carrier_track,ZNTU6771478,2026-09-07T01:04:08.139Z,2419,ok,,64,0,0.004
Q01451,14,1,get_shipment,KSTU8807342,2026-09-07T01:04:11.570Z,43,ok,,62,,0
Q01451,15,1,get_shipment,CBTU2724228,2026-09-07T01:04:12.877Z,43,ok,,64,,0
Q01451,16,1,carrier_track,CBTU2724228,2026-09-07T01:04:14.045Z,1670,ok,,64,0,0.004
Q01451,17,1,get_shipment,ORBU8686665,2026-09-07T01:04:16.698Z,57,ok,,63,,0
Q01451,18,1,carrier_track,ORBU8686665,2026-09-07T01:04:17.546Z,2029,ok,,63,0,0.004
Q01451,19,1,get_shipment,KSTU1065976,2026-09-07T01:04:20.701Z,72,ok,,63,,0
Q01451,20,1,carrier_track,KSTU1065976,2026-09-07T01:04:21.566Z,2340,ok,,63,0,0.004
Q01451,21,1,get_shipment,SNDU9094788,2026-09-07T01:04:24.983Z,89,ok,,64,,0
Q01451,22,1,carrier_track,SNDU9094788,2026-09-07T01:04:25.740Z,1642,ok,,64,0,0.004
Q01451,23,1,get_shipment,SNDU9481774,2026-09-07T01:04:28.152Z,84,ok,,63,,0
Q01451,24,1,get_shipment,SNDU9947044,2026-09-07T01:04:29.170Z,56,ok,,62,,0
Q01451,25,1,carrier_track,SNDU9947044,2026-09-07T01:04:30.569Z,1375,ok,,62,0,0.004
Q01452,1,1,list_shipments,status=in_transit,2026-09-07T01:04:18.359Z,90,ok,116,,,0
Q01452,2,1,get_shipment,ORBU6345416,2026-09-07T01:04:19.421Z,54,ok,,62,,0
Q01452,3,1,carrier_track,ORBU6345416,2026-09-07T01:04:20.321Z,2790,ok,,62,0,0.004
Q01452,4,1,get_shipment,SNDU2702289,2026-09-07T01:04:23.889Z,62,ok,,64,,0
Q01452,5,1,carrier_track,SNDU2702289,2026-09-07T01:04:25.000Z,1131,ok,,64,0,0.004
Q01452,6,1,get_shipment,SNDU7312081,2026-09-07T01:04:27.058Z,64,ok,,62,,0
Q01452,7,1,carrier_track,SNDU7312081,2026-09-07T01:04:28.400Z,1260,ok,,62,0,0.004
Q01452,8,1,get_shipment,CBTU5441883,2026-09-07T01:04:31.371Z,64,ok,,64,,0
Q01452,9,1,carrier_track,CBTU5441883,2026-09-07T01:04:32.615Z,1940,ok,,64,0,0.004
Q01452,10,1,get_shipment,KSTU7722368,2026-09-07T01:04:35.532Z,41,ok,,63,,0
Q01452,11,1,carrier_track,KSTU7722368,2026-09-07T01:04:36.369Z,1404,ok,,63,0,0.004
Q01452,12,1,get_shipment,ORBU1486206,2026-09-07T01:04:38.809Z,61,ok,,64,,0
Q01452,13,1,get_shipment,CBTU6776075,2026-09-07T01:04:39.935Z,46,ok,,63,,0
Q01452,14,1,carrier_track,CBTU6776075,2026-09-07T01:04:40.748Z,1794,ok,,63,0,0.004
Q01452,15,1,get_shipment,ZNTU6771478,2026-09-07T01:04:43.569Z,57,ok,,64,,0
Q01452,16,1,carrier_track,ZNTU6771478,2026-09-07T01:04:44.414Z,2640,ok,,64,0,0.004
Q01452,17,1,get_shipment,KSTU8807342,2026-09-07T01:04:48.342Z,45,ok,,62,,0
Q01452,18,1,carrier_track,KSTU8807342,2026-09-07T01:04:49.439Z,2236,ok,,62,0,0.004
Q01452,19,1,get_shipment,CBTU2724228,2026-09-07T01:04:52.594Z,47,ok,,64,,0
Q01452,20,1,carrier_track,CBTU2724228,2026-09-07T01:04:53.559Z,1015,ok,,64,0,0.004
Q01452,21,1,get_shipment,ORBU8686665,2026-09-07T01:04:55.536Z,87,ok,,63,,0
Q01452,22,1,carrier_track,ORBU8686665,2026-09-07T01:04:56.945Z,3313,ok,,63,0,0.004
Q01452,23,1,get_shipment,KSTU1065976,2026-09-07T01:05:01.637Z,91,ok,,64,,0
Q01452,24,1,carrier_track,KSTU1065976,2026-09-07T01:05:03.117Z,2179,ok,,64,1,0.004
Q01452,25,1,get_shipment,SNDU9094788,2026-09-07T01:05:06.155Z,45,ok,,65,,0
Q01460,1,1,search_docs,BK473937,2026-09-07T01:12:28.986Z,869,ok,,,,0
Q01461,1,1,get_shipment,ORBU3428539,2026-09-07T01:13:14.184Z,40,ok,,71,,0
Q01463,1,1,get_shipment,BK275156,2026-09-07T01:29:42.853Z,87,ok,,87,,0
Q01463,2,1,carrier_track,SNDU7152201,2026-09-07T01:29:43.746Z,2115,ok,,87,0,0.004
Q01464,1,1,get_shipment,ORBU7490238,2026-09-07T01:37:03.368Z,44,ok,,97,,0
Q01464,2,1,carrier_track,ORBU7490238,2026-09-07T01:37:04.577Z,2202,ok,,97,0,0.004
Q01465,1,1,get_shipment,BK380871,2026-09-07T01:38:24.980Z,62,ok,,96,,0
Q01466,1,1,get_shipment,CBTU6157279,2026-09-07T01:38:58.135Z,71,ok,,96,,0
Q01466,2,1,carrier_track,CBTU6157279,2026-09-07T01:38:59.104Z,3290,ok,,96,0,0.004
Q01467,1,1,get_shipment,CBTU4308493,2026-09-07T01:40:38.639Z,54,ok,,100,,0
Q01467,2,1,carrier_track,CBTU4308493,2026-09-07T01:40:39.272Z,1543,ok,,100,0,0.004
Q01468,1,1,list_shipments,status=at_origin,2026-09-07T01:49:43.923Z,124,ok,51,,,0
Q01468,2,1,get_shipment,CBTU1905850,2026-09-07T01:49:44.906Z,132,ok,,107,,0
Q01468,3,1,carrier_track,CBTU1905850,2026-09-07T01:49:45.925Z,3473,ok,,107,0,0.004
Q01468,4,1,get_shipment,SNDU6001115,2026-09-07T01:49:50.270Z,88,ok,,108,,0
Q01468,5,1,carrier_track,SNDU6001115,2026-09-07T01:49:51.362Z,2201,ok,,108,0,0.004
Q01468,6,1,get_shipment,KSTU9097578,2026-09-07T01:49:54.450Z,73,ok,,109,,0
Q01468,7,1,carrier_track,KSTU9097578,2026-09-07T01:49:55.469Z,2417,ok,,109,0,0.004
Q01468,8,1,get_shipment,ZNTU4344024,2026-09-07T01:49:58.801Z,86,ok,,107,,0
Q01468,9,1,get_shipment,ORBU2455421,2026-09-07T01:50:00.027Z,74,ok,,109,,0
Q01468,10,1,carrier_track,ORBU2455421,2026-09-07T01:50:00.852Z,4125,ok,,109,0,0.004
Q01468,11,1,get_shipment,SNDU1467509,2026-09-07T01:50:05.657Z,36,ok,,109,,0
Q01468,12,1,carrier_track,SNDU1467509,2026-09-07T01:50:06.336Z,1932,ok,,109,0,0.004
Q01468,13,1,get_shipment,SNDU5355235,2026-09-07T01:50:09.648Z,36,ok,,109,,0
Q01468,14,1,get_shipment,KSTU2579162,2026-09-07T01:50:10.872Z,37,ok,,108,,0
Q01468,15,1,get_shipment,SNDU5956897,2026-09-07T01:50:11.740Z,133,ok,,110,,0
Q01468,16,1,carrier_track,SNDU5956897,2026-09-07T01:50:12.672Z,3147,ok,,110,0,0.004
Q01468,17,1,get_shipment,ZNTU3505978,2026-09-07T01:50:16.916Z,52,ok,,108,,0
Q01468,18,1,carrier_track,ZNTU3505978,2026-09-07T01:50:18.036Z,1890,ok,,108,0,0.004
Q01468,19,1,get_shipment,SNDU8965161,2026-09-07T01:50:20.899Z,47,ok,,108,,0
Q01468,20,1,carrier_track,SNDU8965161,2026-09-07T01:50:22.235Z,1953,ok,,108,0,0.004
Q01468,21,1,get_shipment,CBTU3344092,2026-09-07T01:50:25.241Z,37,ok,,110,,0
Q01468,22,1,get_shipment,QVRU2417420,2026-09-07T01:50:26.107Z,47,ok,,108,,0
Q01468,23,1,carrier_track,QVRU2417420,2026-09-07T01:50:27.267Z,1394,ok,,108,0,0.004
Q01468,24,1,get_shipment,ORBU5101131,2026-09-07T01:50:29.586Z,61,ok,,109,,0
Q01468,25,1,carrier_track,ORBU5101131,2026-09-07T01:50:30.652Z,1070,ok,,109,0,0.004
Q01470,1,1,search_docs,BK938487,2026-09-07T02:13:43.174Z,333,ok,,,,0
Q01471,1,1,get_shipment,ORBU3124840,2026-09-07T02:31:32.265Z,36,ok,,150,,0
Q01471,2,1,carrier_track,ORBU3124840,2026-09-07T02:31:32.973Z,2182,ok,,150,0,0.004
Q01472,1,1,get_shipment,SNDU3193843,2026-09-07T02:33:53.192Z,38,ok,,152,,0
Q01472,2,1,carrier_track,SNDU3193843,2026-09-07T02:33:54.324Z,2608,ok,,152,0,0.004
Q01473,1,1,get_shipment,SNDU5956897,2026-09-07T02:35:14.454Z,63,ok,,155,,0
Q01473,2,1,carrier_track,SNDU5956897,2026-09-07T02:35:15.470Z,4195,ok,,155,0,0.004
Q01474,1,1,get_shipment,ORBU4463554,2026-09-07T02:39:39.637Z,76,ok,,158,,0
Q01474,2,1,carrier_track,ORBU4463554,2026-09-07T02:39:40.318Z,2157,ok,,158,1,0.004
Q01476,1,1,get_shipment,QVRU8335233,2026-09-07T03:12:10.143Z,46,ok,,192,,0
Q01476,2,1,carrier_track,QVRU8335233,2026-09-07T03:12:11.076Z,3139,ok,,192,0,0.004
Q01477,1,1,get_shipment,QVRU9438453,2026-09-07T05:33:41.836Z,75,ok,,91,,0
Q01477,2,1,carrier_track,QVRU9438453,2026-09-07T05:33:42.800Z,1195,ok,,91,0,0.004
Q01478,1,1,search_docs,BK875813,2026-09-07T06:03:38.973Z,412,ok,,,,0
Q01480,1,1,get_shipment,ORBU8251664,2026-09-07T06:23:28.494Z,67,ok,,143,,0
Q01480,2,1,carrier_track,ORBU8251664,2026-09-07T06:23:29.425Z,2038,ok,,143,0,0.004
Q01481,1,1,get_shipment,CBTU4857765,2026-09-07T06:31:54.181Z,101,ok,,150,,0
Q01481,2,1,carrier_track,CBTU4857765,2026-09-07T06:31:54.836Z,1613,ok,,150,0,0.004
Q01483,1,1,get_shipment,CBTU8201531,2026-09-07T06:49:21.863Z,35,ok,,167,,0
Q01483,2,1,carrier_track,CBTU8201531,2026-09-07T06:49:22.541Z,2459,ok,,167,0,0.004
Q01484,1,1,get_shipment,SNDU1467509,2026-09-07T07:00:50.433Z,60,ok,,179,,0
Q01484,2,1,carrier_track,SNDU1467509,2026-09-07T07:00:51.341Z,1484,ok,,179,0,0.004
Q01485,1,1,get_shipment,ZNTU3342033,2026-09-07T07:08:19.423Z,101,ok,,187,,0
Q01486,1,1,get_shipment,ORBU4905896,2026-09-07T07:10:42.221Z,52,ok,,190,,0
Q01486,2,1,carrier_track,ORBU4905896,2026-09-07T07:10:43.160Z,2027,ok,,190,0,0.004
Q01487,1,1,search_docs,BK735034,2026-09-07T07:20:11.521Z,420,ok,,,,0
Q01488,1,1,get_shipment,ORBU3428539,2026-09-07T07:38:04.012Z,56,ok,,216,,0
Q01489,1,1,search_docs,BK378464,2026-09-07T07:40:26.935Z,379,ok,,,,0
Q01490,1,1,get_shipment,ZNTU6052542,2026-09-07T07:53:36.668Z,90,ok,,232,,0
Q01490,2,1,carrier_track,ZNTU6052542,2026-09-07T07:53:37.634Z,1459,ok,,232,0,0.004
Q01492,1,1,search_docs,BK767357,2026-09-07T08:35:50.671Z,317,ok,,,,0
Q01493,1,1,get_shipment,KSTU5458176,2026-09-07T08:38:03.651Z,60,ok,,37,,0
Q01493,2,1,carrier_track,KSTU5458176,2026-09-07T08:38:04.861Z,1820,ok,,37,0,0.004
Q01494,1,1,get_shipment,CBTU6107272,2026-09-07T09:08:05.524Z,65,ok,,68,,0
Q01494,2,1,carrier_track,CBTU6107272,2026-09-07T09:08:06.559Z,3289,ok,,68,0,0.004
Q01495,1,1,get_shipment,QVRU5915596,2026-09-07T09:09:41.360Z,51,ok,,69,,0
Q01495,2,1,carrier_track,QVRU5915596,2026-09-07T09:09:42.048Z,2952,ok,,69,0,0.004
Q01496,1,1,get_shipment,ZNTU4284050,2026-09-07T09:13:54.934Z,39,ok,,73,,0
Q01496,2,1,carrier_track,ZNTU4284050,2026-09-07T09:13:56.136Z,1305,ok,,73,0,0.004
Q01497,1,1,get_shipment,SNDU3817108,2026-09-07T09:38:28.032Z,56,ok,,98,,0
Q01497,2,1,carrier_track,SNDU3817108,2026-09-07T09:38:28.967Z,2600,ok,,98,0,0.004
Q01498,1,1,get_shipment,QVRU2789766,2026-09-07T10:46:51.263Z,77,ok,,166,,0
Q01498,2,1,carrier_track,QVRU2789766,2026-09-07T10:46:52.361Z,1800,ok,,166,0,0.004
Q01499,1,1,get_shipment,SNDU9829995,2026-09-07T10:56:47.363Z,68,ok,,175,,0
Q01499,2,1,carrier_track,SNDU9829995,2026-09-07T10:56:48.088Z,2958,ok,,175,0,0.004
Q01500,1,1,get_shipment,CBTU1905850,2026-09-08T01:03:05.001Z,45,ok,,61,,0
Q01500,2,1,carrier_track,CBTU1905850,2026-09-08T01:03:05.933Z,1563,ok,,61,0,0.004
Q01501,1,1,get_shipment,CBTU1482053,2026-09-08T01:11:22.142Z,58,ok,,69,,0
Q01502,1,1,get_shipment,SNDU4059205,2026-09-08T01:22:51.299Z,49,ok,,80,,0
Q01503,1,1,get_shipment,KSTU8803319,2026-09-08T01:23:42.766Z,37,ok,,83,,0
Q01504,1,1,list_shipments,status=in_transit,2026-09-08T01:28:47.519Z,102,ok,120,,,0
Q01504,2,1,get_shipment,ORBU6345416,2026-09-08T01:28:48.539Z,60,ok,,86,,0
Q01504,3,1,get_shipment,SNDU2702289,2026-09-08T01:28:49.374Z,74,ok,,88,,0
Q01504,4,1,carrier_track,SNDU2702289,2026-09-08T01:28:50.308Z,2029,ok,,88,0,0.004
Q01504,5,1,get_shipment,SNDU7312081,2026-09-08T01:28:53.114Z,60,ok,,86,,0
Q01504,6,1,get_shipment,CBTU5441883,2026-09-08T01:28:54.147Z,70,ok,,88,,0
Q01504,7,1,get_shipment,KSTU7722368,2026-09-08T01:28:55.187Z,63,ok,,87,,0
Q01504,8,1,carrier_track,KSTU7722368,2026-09-08T01:28:56.224Z,1615,ok,,87,0,0.004
Q01504,9,1,get_shipment,ORBU1486206,2026-09-08T01:28:58.738Z,60,ok,,88,,0
Q01504,10,1,carrier_track,ORBU1486206,2026-09-08T01:28:59.754Z,3283,ok,,88,0,0.004
Q01504,11,1,get_shipment,CBTU6776075,2026-09-08T01:29:03.859Z,42,ok,,88,,0
Q01504,12,1,carrier_track,CBTU6776075,2026-09-08T01:29:04.752Z,1242,ok,,88,0,0.004
Q01504,13,1,get_shipment,ZNTU6771478,2026-09-08T01:29:07.213Z,62,ok,,89,,0
Q01504,14,1,get_shipment,KSTU8807342,2026-09-08T01:29:08.327Z,83,ok,,87,,0
Q01504,15,1,carrier_track,KSTU8807342,2026-09-08T01:29:09.236Z,1546,ok,,87,0,0.004
Q01504,16,1,get_shipment,CBTU2724228,2026-09-08T01:29:11.737Z,129,ok,,89,,0
Q01504,17,1,carrier_track,CBTU2724228,2026-09-08T01:29:13.036Z,2555,ok,,89,0,0.004
Q01504,18,1,get_shipment,ORBU8686665,2026-09-08T01:29:16.292Z,73,ok,,88,,0
Q01504,19,1,carrier_track,ORBU8686665,2026-09-08T01:29:17.140Z,1536,ok,,88,0,0.004
Q01504,20,1,get_shipment,KSTU1065976,2026-09-08T01:29:19.915Z,67,ok,,88,,0
Q01504,21,1,carrier_track,KSTU1065976,2026-09-08T01:29:20.990Z,2461,ok,,88,0,0.004
Q01504,22,1,get_shipment,SNDU9094788,2026-09-08T01:29:24.213Z,32,ok,,89,,0
Q01504,23,1,carrier_track,SNDU9094788,2026-09-08T01:29:25.232Z,1065,ok,,89,0,0.004
Q01504,24,1,get_shipment,SNDU9481774,2026-09-08T01:29:27.837Z,61,ok,,88,,0
Q01504,25,1,carrier_track,SNDU9481774,2026-09-08T01:29:28.964Z,2030,ok,,88,0,0.004
Q01506,1,1,get_shipment,ORBU4602308,2026-09-08T01:45:33.672Z,45,ok,,103,,0
Q01506,2,1,carrier_track,ORBU4602308,2026-09-08T01:45:34.473Z,1764,ok,,103,0,0.004
Q01507,1,1,search_docs,BK591948,2026-09-08T01:57:52.077Z,386,ok,,,,0
Q01508,1,1,get_shipment,ZNTU2305306,2026-09-08T02:07:08.816Z,70,ok,,127,,0
Q01509,1,1,get_shipment,KSTU1810196,2026-09-08T02:18:14.033Z,40,ok,,136,,0
Q01509,2,1,carrier_track,KSTU1810196,2026-09-08T02:18:14.727Z,1099,ok,,136,0,0.004
Q01510,1,1,get_shipment,KSTU7722368,2026-09-08T02:24:00.508Z,73,ok,,143,,0
Q01510,2,1,carrier_track,KSTU7722368,2026-09-08T02:24:01.528Z,1887,ok,,143,0,0.004
Q01511,1,1,get_shipment,ORBU8867535,2026-09-08T02:25:04.727Z,41,ok,,143,,0
Q01511,2,1,carrier_track,ORBU8867535,2026-09-08T02:25:05.443Z,3039,ok,,143,0,0.004
Q01512,1,1,get_shipment,BK977964,2026-09-08T02:39:11.274Z,65,ok,,158,,0
Q01513,1,1,get_shipment,CBTU9998559,2026-09-08T02:48:46.870Z,48,ok,,168,,0
Q01513,2,1,carrier_track,CBTU9998559,2026-09-08T02:48:47.756Z,2607,ok,,168,0,0.004
Q01514,1,1,get_shipment,KSTU3670703,2026-09-08T03:09:19.476Z,95,ok,,188,,0
Q01515,1,1,get_shipment,CBTU8562502,2026-09-08T03:12:26.903Z,56,ok,,191,,0
Q01516,1,1,get_shipment,CBTU5364912,2026-09-08T03:18:08.215Z,87,ok,,196,,0
Q01517,1,1,get_shipment,CBTU4442978,2026-09-08T03:19:16.400Z,71,ok,,198,,0
Q01519,1,1,get_shipment,ORBU6345416,2026-09-08T03:48:15.459Z,67,ok,,226,,0
Q01520,1,1,get_shipment,KSTU9535313,2026-09-08T03:55:52.703Z,48,ok,,235,,0
Q01520,2,1,carrier_track,KSTU9535313,2026-09-08T03:55:53.590Z,1164,ok,,235,1,0.004
Q01521,1,1,get_shipment,ZNTU5509258,2026-09-08T04:24:48.159Z,49,ok,,23,,0
Q01521,2,1,carrier_track,ZNTU5509258,2026-09-08T04:24:48.943Z,1973,ok,,23,0,0.004
Q01522,1,1,get_shipment,CBTU5364912,2026-09-08T04:37:23.437Z,64,ok,,35,,0
Q01522,2,1,carrier_track,CBTU5364912,2026-09-08T04:37:24.531Z,1931,ok,,35,0,0.004
Q01523,1,1,get_shipment,ZNTU2009128,2026-09-08T04:41:36.629Z,39,ok,,40,,0
Q01524,1,1,search_docs,BK951404,2026-09-08T04:49:26.228Z,336,ok,,,,0
Q01524,2,1,search_docs,BK951404,2026-09-08T04:49:27.373Z,484,ok,,,,0
Q01525,1,1,search_docs,BK205997,2026-09-08T05:34:26.385Z,580,ok,,,,0
Q01526,1,1,get_shipment,ORBU1813540,2026-09-08T05:38:03.467Z,46,ok,,98,,0
Q01526,2,1,carrier_track,ORBU1813540,2026-09-08T05:38:04.167Z,1922,ok,,98,1,0.004
Q01527,1,1,get_shipment,QVRU7318605,2026-09-08T06:15:36.730Z,97,ok,,135,,0
Q01527,2,1,carrier_track,QVRU7318605,2026-09-08T06:15:37.530Z,3027,ok,,135,0,0.004
Q01528,1,1,search_docs,BK525112,2026-09-08T06:24:21.451Z,302,ok,,,,0
Q01528,2,1,search_docs,BK525112,2026-09-08T06:24:22.422Z,646,ok,,,,0
Q01529,1,1,list_shipments,status=in_transit,2026-09-08T06:49:22.866Z,89,ok,1,,,0
Q01529,2,1,get_shipment,CBTU5364912,2026-09-08T06:49:23.570Z,61,ok,,167,,0
Q01529,3,1,carrier_track,CBTU5364912,2026-09-08T06:49:24.492Z,1164,ok,,167,0,0.004
Q01530,1,1,search_docs,BK186235,2026-09-08T06:59:28.258Z,343,ok,,,,0
Q01531,1,1,list_shipments,status=in_transit,2026-09-08T07:07:00.907Z,101,ok,120,,,0
Q01531,2,1,get_shipment,ORBU6345416,2026-09-08T07:07:01.828Z,44,ok,,185,,0
Q01531,3,1,carrier_track,ORBU6345416,2026-09-08T07:07:03.037Z,4333,ok,,185,0,0.004
Q01531,4,1,get_shipment,SNDU2702289,2026-09-08T07:07:07.951Z,42,ok,,187,,0
Q01531,5,1,get_shipment,SNDU7312081,2026-09-08T07:07:08.737Z,57,ok,,185,,0
Q01531,6,1,get_shipment,CBTU5441883,2026-09-08T07:07:09.632Z,48,ok,,187,,0
Q01531,7,1,get_shipment,KSTU7722368,2026-09-08T07:07:10.684Z,62,ok,,186,,0
Q01531,8,1,get_shipment,ORBU1486206,2026-09-08T07:07:11.483Z,90,ok,,187,,0
Q01531,9,1,carrier_track,ORBU1486206,2026-09-08T07:07:12.411Z,2955,ok,,187,0,0.004
Q01531,10,1,get_shipment,CBTU6776075,2026-09-08T07:07:16.108Z,63,ok,,186,,0
Q01531,11,1,carrier_track,CBTU6776075,2026-09-08T07:07:16.862Z,3086,ok,,186,0,0.004
Q01531,12,1,get_shipment,ZNTU6771478,2026-09-08T07:07:20.675Z,66,ok,,187,,0
Q01531,13,1,carrier_track,ZNTU6771478,2026-09-08T07:07:21.759Z,1285,ok,,187,1,0.004
Q01531,14,1,get_shipment,KSTU8807342,2026-09-08T07:07:24.124Z,52,ok,,185,,0
Q01531,15,1,carrier_track,KSTU8807342,2026-09-08T07:07:25.335Z,3276,ok,,185,0,0.004
Q01531,16,1,get_shipment,CBTU2724228,2026-09-08T07:07:29.552Z,42,ok,,187,,0
Q01531,17,1,carrier_track,CBTU2724228,2026-09-08T07:07:30.341Z,2412,ok,,187,0,0.004
Q01531,18,1,get_shipment,ORBU8686665,2026-09-08T07:07:33.587Z,59,ok,,186,,0
Q01531,19,1,carrier_track,ORBU8686665,2026-09-08T07:07:34.672Z,1805,ok,,186,0,0.004
Q01531,20,1,get_shipment,KSTU1065976,2026-09-08T07:07:37.481Z,74,ok,,186,,0
Q01531,21,1,carrier_track,KSTU1065976,2026-09-08T07:07:38.386Z,2877,ok,,186,0,0.004
Q01531,22,1,get_shipment,SNDU9094788,2026-09-08T07:07:42.224Z,49,ok,,187,,0
Q01531,23,1,get_shipment,SNDU9481774,2026-09-08T07:07:43.154Z,65,ok,,186,,0
Q01531,24,1,carrier_track,SNDU9481774,2026-09-08T07:07:44.216Z,3364,ok,,186,0,0.004
Q01531,25,1,get_shipment,SNDU9947044,2026-09-08T07:07:48.826Z,70,ok,,185,,0
Q01532,1,1,search_docs,BK967942,2026-09-08T07:08:06.143Z,370,ok,,,,0
Q01534,1,1,get_shipment,BK557431,2026-09-08T07:32:42.921Z,75,ok,,211,,0
Q01534,2,1,carrier_track,KSTU5458176,2026-09-08T07:32:44.023Z,1348,ok,,211,0,0.004
Q01536,1,1,list_shipments,status=at_origin,2026-09-08T08:09:18.934Z,165,ok,46,,,0
Q01536,2,1,get_shipment,CBTU1905850,2026-09-08T08:09:20.104Z,55,ok,,7,,0
Q01536,3,1,get_shipment,SNDU6001115,2026-09-08T08:09:21.376Z,64,ok,,8,,0
Q01536,4,1,carrier_track,SNDU6001115,2026-09-08T08:09:22.161Z,2083,ok,,8,0,0.004
Q01536,5,1,get_shipment,KSTU9097578,2026-09-08T08:09:25.148Z,82,ok,,9,,0
Q01536,6,1,get_shipment,ZNTU4344024,2026-09-08T08:09:26.148Z,49,ok,,7,,0
Q01536,7,1,get_shipment,ORBU2455421,2026-09-08T08:09:27.063Z,46,ok,,8,,0
Q01536,8,1,carrier_track,ORBU2455421,2026-09-08T08:09:27.959Z,3771,ok,,8,0,0.004
Q01536,9,1,get_shipment,SNDU1467509,2026-09-08T08:09:33.231Z,47,ok,,8,,0
Q01536,10,1,get_shipment,SNDU5355235,2026-09-08T08:09:33.951Z,53,ok,,8,,0
Q01536,11,1,carrier_track,SNDU5355235,2026-09-08T08:09:34.976Z,2969,ok,,8,0,0.004
Q01536,12,1,get_shipment,KSTU2579162,2026-09-08T08:09:39.028Z,76,ok,,7,,0
Q01536,13,1,carrier_track,KSTU2579162,2026-09-08T08:09:39.876Z,2699,ok,,7,0,0.004
Q01536,14,1,get_shipment,SNDU5956897,2026-09-08T08:09:43.572Z,62,ok,,9,,0
Q01536,15,1,carrier_track,SNDU5956897,2026-09-08T08:09:44.544Z,2636,ok,,9,0,0.004
Q01536,16,1,get_shipment,ZNTU3505978,2026-09-08T08:09:48.175Z,54,ok,,7,,0
Q01536,17,1,carrier_track,ZNTU3505978,2026-09-08T08:09:49.548Z,929,ok,,7,0,0.004
Q01536,18,1,get_shipment,SNDU8965161,2026-09-08T08:09:51.163Z,50,ok,,7,,0
Q01536,19,1,carrier_track,SNDU8965161,2026-09-08T08:09:51.878Z,1511,ok,,7,0,0.004
Q01536,20,1,get_shipment,CBTU3344092,2026-09-08T08:09:54.432Z,84,ok,,9,,0
Q01536,21,1,get_shipment,ORBU5101131,2026-09-08T08:09:55.592Z,33,ok,,8,,0
Q01536,22,1,carrier_track,ORBU5101131,2026-09-08T08:09:56.566Z,2368,ok,,8,0,0.004
Q01536,23,1,get_shipment,ZNTU2287481,2026-09-08T08:09:59.829Z,68,ok,,9,,0
Q01536,24,1,get_shipment,SNDU4342860,2026-09-08T08:10:01.072Z,59,ok,,10,,0
Q01536,25,1,get_shipment,ORBU7490238,2026-09-08T08:10:02.155Z,65,ok,,10,,0
Q01537,1,1,get_shipment,SNDU3688987,2026-09-08T08:19:17.625Z,55,ok,,18,,0
Q01537,2,1,carrier_track,SNDU3688987,2026-09-08T08:19:18.398Z,1512,ok,,18,0,0.004
Q01539,1,1,get_shipment,CBTU4857765,2026-09-08T08:50:40.773Z,67,ok,,49,,0
Q01539,2,1,carrier_track,CBTU4857765,2026-09-08T08:50:41.500Z,3333,ok,,49,0,0.004
Q01540,1,1,get_shipment,CBTU5441883,2026-09-08T09:16:18.460Z,48,ok,,76,,0
Q01541,1,1,list_shipments,status=in_transit,2026-09-08T09:44:27.492Z,141,ok,120,,,0
Q01541,2,1,get_shipment,ORBU6345416,2026-09-08T09:44:28.821Z,47,ok,,102,,0
Q01541,3,1,carrier_track,ORBU6345416,2026-09-08T09:44:29.829Z,2589,ok,,102,0,0.004
Q01541,4,1,get_shipment,SNDU2702289,2026-09-08T09:44:33.231Z,102,ok,,104,,0
Q01541,5,1,carrier_track,SNDU2702289,2026-09-08T09:44:34.410Z,2028,ok,,104,0,0.004
Q01541,6,1,get_shipment,SNDU7312081,2026-09-08T09:44:37.318Z,65,ok,,102,,0
Q01541,7,1,carrier_track,SNDU7312081,2026-09-08T09:44:38.524Z,1987,ok,,102,0,0.004
Q01541,8,1,get_shipment,CBTU5441883,2026-09-08T09:44:41.581Z,56,ok,,104,,0
Q01541,9,1,get_shipment,KSTU7722368,2026-09-08T09:44:42.722Z,56,ok,,103,,0
Q01541,10,1,carrier_track,KSTU7722368,2026-09-08T09:44:43.483Z,1440,ok,,103,0,0.004
Q01541,11,1,get_shipment,ORBU1486206,2026-09-08T09:44:45.836Z,68,ok,,104,,0
Q01541,12,1,get_shipment,CBTU6776075,2026-09-08T09:44:46.656Z,94,ok,,103,,0
Q01541,13,1,get_shipment,ZNTU6771478,2026-09-08T09:44:47.709Z,67,ok,,104,,0
Q01541,14,1,carrier_track,ZNTU6771478,2026-09-08T09:44:48.541Z,2901,ok,,104,0,0.004
Q01541,15,1,get_shipment,KSTU8807342,2026-09-08T09:44:52.268Z,56,ok,,102,,0
Q01541,16,1,carrier_track,KSTU8807342,2026-09-08T09:44:53.584Z,1275,ok,,102,0,0.004
Q01541,17,1,get_shipment,CBTU2724228,2026-09-08T09:44:55.845Z,143,ok,,104,,0
Q01541,18,1,get_shipment,ORBU8686665,2026-09-08T09:44:57.264Z,82,ok,,103,,0
Q01541,19,1,get_shipment,KSTU1065976,2026-09-08T09:44:58.550Z,72,ok,,103,,0
Q01541,20,1,get_shipment,SNDU9094788,2026-09-08T09:44:59.458Z,53,ok,,104,,0
Q01541,21,1,carrier_track,SNDU9094788,2026-09-08T09:45:00.420Z,2607,ok,,105,0,0.004
Q01541,22,1,get_shipment,SNDU9481774,2026-09-08T09:45:03.957Z,104,ok,,104,,0
Q01541,23,1,carrier_track,SNDU9481774,2026-09-08T09:45:05.096Z,3050,ok,,104,0,0.004
Q01541,24,1,get_shipment,SNDU9947044,2026-09-08T09:45:09.197Z,46,ok,,103,,0
Q01541,25,1,get_shipment,ORBU8695218,2026-09-08T09:45:10.602Z,83,ok,,103,,0
Q01543,1,1,get_shipment,ORBU5012569,2026-09-08T10:00:29.468Z,59,ok,,118,,0
Q01543,2,1,carrier_track,ORBU5012569,2026-09-08T10:00:30.360Z,2041,ok,,118,0,0.004
Q01544,1,1,get_shipment,ORBU9666030,2026-09-08T10:55:04.308Z,42,ok,,175,,0
Q01545,1,1,get_shipment,QVRU9225729,2026-09-09T01:18:40.937Z,66,ok,,78,,0
Q01545,2,1,carrier_track,QVRU9225729,2026-09-09T01:18:41.743Z,1600,ok,,78,0,0.004
Q01546,1,1,get_shipment,ZNTU3013959,2026-09-09T01:21:50.085Z,54,ok,,80,,0
Q01546,2,1,carrier_track,ZNTU3013959,2026-09-09T01:21:50.944Z,2117,ok,,80,0,0.004
Q01548,1,1,get_shipment,CBTU3344092,2026-09-09T01:35:08.248Z,56,ok,,95,,0
Q01548,2,1,carrier_track,CBTU3344092,2026-09-09T01:35:09.146Z,2433,ok,,95,0,0.004
Q01549,1,1,search_docs,BK938487,2026-09-09T01:45:26.455Z,415,ok,,,,0
Q01551,1,1,get_shipment,ORBU8479695,2026-09-09T01:52:44.621Z,101,ok,,110,,0
Q01551,2,1,carrier_track,ORBU8479695,2026-09-09T01:52:45.569Z,2620,ok,,110,0,0.004
Q01552,1,1,get_shipment,ZNTU4284050,2026-09-09T01:55:21.361Z,81,ok,,115,,0
Q01552,2,1,carrier_track,ZNTU4284050,2026-09-09T01:55:22.151Z,2604,ok,,115,0,0.004
Q01553,1,1,search_docs,BK661197,2026-09-09T02:01:17.037Z,575,ok,,,,0
Q01553,2,1,search_docs,BK661197,2026-09-09T02:01:18.660Z,542,ok,,,,0
Q01554,1,1,get_shipment,ORBU3428539,2026-09-09T02:09:14.878Z,48,ok,,127,,0
Q01555,1,1,search_docs,BK479324,2026-09-09T02:17:40.040Z,520,ok,,,,0
Q01555,2,1,search_docs,BK479324,2026-09-09T02:17:41.429Z,506,ok,,,,0
Q01557,1,1,get_shipment,KSTU1810196,2026-09-09T02:27:48.912Z,62,ok,,145,,0
Q01557,2,1,carrier_track,KSTU1810196,2026-09-09T02:27:49.641Z,3357,ok,,145,0,0.004
Q01558,1,1,search_docs,BK976422,2026-09-09T02:29:22.267Z,379,ok,,,,0
Q01559,1,1,list_shipments,status=in_transit,2026-09-09T02:56:31.125Z,113,ok,2,,,0
Q01559,2,1,get_shipment,ORBU8695218,2026-09-09T02:56:32.040Z,55,ok,,174,,0
Q01559,3,1,carrier_track,ORBU8695218,2026-09-09T02:56:32.844Z,2235,ok,,174,0,0.004
Q01559,4,1,get_shipment,ORBU3173581,2026-09-09T02:56:35.782Z,70,ok,,175,,0
Q01559,5,1,carrier_track,ORBU3173581,2026-09-09T02:56:36.721Z,1374,ok,,175,0,0.004
Q01560,1,1,list_shipments,status=in_transit,2026-09-09T02:57:55.901Z,112,ok,1,,,0
Q01560,2,1,get_shipment,CBTU9998559,2026-09-09T02:57:56.723Z,88,ok,,177,,0
Q01560,3,1,carrier_track,CBTU9998559,2026-09-09T02:57:57.807Z,2467,ok,,177,1,0.004
Q01561,1,1,get_shipment,KSTU3708950,2026-09-09T02:58:39.344Z,70,ok,,177,,0
Q01562,1,1,get_shipment,QVRU2410314,2026-09-09T03:20:22.749Z,58,ok,,200,,0
Q01562,2,1,carrier_track,QVRU2410314,2026-09-09T03:20:23.566Z,2333,ok,,200,0,0.004
Q01563,1,1,get_shipment,SNDU6784955,2026-09-09T03:54:49.800Z,85,ok,,233,,0
Q01563,2,1,carrier_track,SNDU6784955,2026-09-09T03:54:50.617Z,2143,ok,,233,0,0.004
Q01564,1,1,get_shipment,SNDU5956897,2026-09-09T04:20:14.441Z,93,ok,,20,,0
Q01564,2,1,carrier_track,SNDU5956897,2026-09-09T04:20:15.477Z,3186,ok,,20,0,0.004
Q01565,1,1,search_docs,BK189225,2026-09-09T04:51:28.089Z,296,ok,,,,0
Q01566,1,1,get_shipment,KSTU1336915,2026-09-09T04:55:32.031Z,59,ok,,53,,0
Q01566,2,1,carrier_track,KSTU1336915,2026-09-09T04:55:33.098Z,1573,ok,,53,0,0.004
Q01567,1,1,get_shipment,CBTU9998559,2026-09-09T05:11:39.893Z,56,ok,,71,,0
Q01567,2,1,carrier_track,CBTU9998559,2026-09-09T05:11:40.701Z,2350,ok,,71,0,0.004
Q01568,1,1,search_docs,BK255766,2026-09-09T05:32:13.042Z,420,ok,,,,0
Q01569,1,1,get_shipment,CBTU4732128,2026-09-09T05:42:36.772Z,36,ok,,102,,0
Q01569,2,1,carrier_track,CBTU4732128,2026-09-09T05:42:37.721Z,2373,ok,,102,0,0.004
Q01570,1,1,search_docs,BK150930,2026-09-09T05:52:34.951Z,551,ok,,,,0
Q01570,2,1,search_docs,BK150930,2026-09-09T05:52:35.980Z,519,ok,,,,0
Q01570,3,1,get_shipment,BK150930,2026-09-09T05:52:37.456Z,133,ok,,111,,0
Q01572,1,1,get_shipment,ORBU8695218,2026-09-09T06:12:35.332Z,77,ok,,130,,0
Q01572,2,1,carrier_track,ORBU8695218,2026-09-09T06:12:36.265Z,2728,ok,,130,0,0.004
Q01573,1,1,get_shipment,ORBU1486206,2026-09-09T06:19:20.316Z,59,ok,,139,,0
Q01573,2,1,carrier_track,ORBU1486206,2026-09-09T06:19:21.132Z,2252,ok,,139,0,0.004
Q01574,1,1,search_docs,BK399414,2026-09-09T06:31:00.485Z,669,ok,,,,0
Q01575,1,1,search_docs,BK360534,2026-09-09T06:50:16.651Z,497,ok,,,,0
Q01576,1,1,get_shipment,KSTU6319954,2026-09-09T06:56:16.772Z,53,ok,,174,,0
Q01576,2,1,carrier_track,KSTU6319954,2026-09-09T06:56:17.644Z,2976,ok,,174,0,0.004
Q01579,1,1,get_shipment,QVRU4412616,2026-09-09T07:06:42.245Z,76,ok,,186,,0
Q01580,1,1,search_docs,BK595120,2026-09-09T07:24:36.308Z,588,ok,,,,0
Q01580,2,1,search_docs,BK595120,2026-09-09T07:24:37.924Z,487,ok,,,,0
Q01581,1,1,get_shipment,KSTU3671211,2026-09-09T07:41:10.586Z,56,ok,,219,,0
Q01581,2,1,carrier_track,KSTU3671211,2026-09-09T07:41:11.432Z,1360,ok,,219,0,0.004
Q01582,1,1,get_shipment,CBTU5364912,2026-09-09T07:53:07.463Z,37,ok,,231,,0
Q01583,1,1,get_shipment,KSTU3708950,2026-09-09T07:56:12.399Z,96,ok,,235,,0
Q01584,1,1,get_shipment,QVRU3413656,2026-09-09T08:22:22.696Z,54,ok,,21,,0
Q01584,2,1,carrier_track,QVRU3413656,2026-09-09T08:22:23.623Z,1073,ok,,21,0,0.004
Q01585,1,1,list_shipments,status=in_transit,2026-09-09T08:33:34.281Z,102,ok,120,,,0
Q01585,2,1,get_shipment,ORBU6345416,2026-09-09T08:33:35.130Z,106,ok,,31,,0
Q01585,3,1,get_shipment,SNDU2702289,2026-09-09T08:33:36.101Z,52,ok,,33,,0
Q01585,4,1,carrier_track,SNDU2702289,2026-09-09T08:33:36.648Z,737,ok,,33,0,0.004
Q01585,5,1,get_shipment,SNDU7312081,2026-09-09T08:33:38.489Z,45,ok,,31,,0
Q01585,6,1,get_shipment,CBTU5441883,2026-09-09T08:33:39.201Z,36,ok,,33,,0
Q01585,7,1,get_shipment,SNDU6001115,2026-09-09T08:33:39.978Z,55,ok,,32,,0
Q01585,8,1,carrier_track,SNDU6001115,2026-09-09T08:33:40.832Z,3061,ok,,32,0,0.004
Q01585,9,1,get_shipment,KSTU7722368,2026-09-09T08:33:45.090Z,32,ok,,32,,0
Q01585,10,1,carrier_track,KSTU7722368,2026-09-09T08:33:45.994Z,2125,ok,,32,0,0.004
Q01585,11,1,get_shipment,ORBU1486206,2026-09-09T08:33:48.897Z,50,ok,,33,,0
Q01585,12,1,carrier_track,ORBU1486206,2026-09-09T08:33:49.618Z,2251,ok,,33,0,0.004
Q01585,13,1,get_shipment,CBTU6776075,2026-09-09T08:33:52.541Z,45,ok,,32,,0
Q01585,14,1,carrier_track,CBTU6776075,2026-09-09T08:33:53.377Z,1914,ok,,32,0,0.004
Q01585,15,1,get_shipment,ZNTU6771478,2026-09-09T08:33:56.235Z,46,ok,,33,,0
Q01585,16,1,get_shipment,KSTU8807342,2026-09-09T08:33:57.218Z,51,ok,,31,,0
Q01585,17,1,carrier_track,KSTU8807342,2026-09-09T08:33:58.192Z,2425,ok,,31,0,0.004
Q01585,18,1,get_shipment,CBTU2724228,2026-09-09T08:34:01.543Z,80,ok,,34,,0
Q01585,19,1,get_shipment,ORBU8686665,2026-09-09T08:34:02.827Z,90,ok,,33,,0
Q01585,20,1,get_shipment,KSTU1065976,2026-09-09T08:34:03.758Z,51,ok,,33,,0
Q01585,21,1,carrier_track,KSTU1065976,2026-09-09T08:34:04.695Z,1663,ok,,33,0,0.004
Q01585,22,1,get_shipment,SNDU9094788,2026-09-09T08:34:07.356Z,30,ok,,34,,0
Q01585,23,1,get_shipment,SNDU9481774,2026-09-09T08:34:08.241Z,49,ok,,33,,0
Q01585,24,1,get_shipment,SNDU9947044,2026-09-09T08:34:09.214Z,58,ok,,32,,0
Q01585,25,1,get_shipment,ORBU8695218,2026-09-09T08:34:10.740Z,50,ok,,32,,0
Q01586,1,1,get_shipment,QVRU9438453,2026-09-09T08:46:04.441Z,80,ok,,44,,0
Q01586,2,1,carrier_track,QVRU9438453,2026-09-09T08:46:05.589Z,4912,ok,,44,0,0.004
Q01587,1,1,get_shipment,SNDU3452752,2026-09-09T08:48:45.231Z,71,ok,,48,,0
Q01587,2,1,carrier_track,SNDU3452752,2026-09-09T08:48:46.157Z,1540,ok,,48,0,0.004
Q01588,1,1,get_shipment,KSTU2579162,2026-09-09T09:05:53.236Z,45,ok,,63,,0
Q01588,2,1,carrier_track,KSTU2579162,2026-09-09T09:05:54.316Z,2555,ok,,63,0,0.004
Q01589,1,1,search_docs,BK145915,2026-09-09T09:06:56.768Z,419,ok,,,,0
Q01589,2,1,search_docs,BK145915,2026-09-09T09:06:58.365Z,429,ok,,,,0
Q01590,1,1,get_shipment,ZNTU3324861,2026-09-09T09:11:02.673Z,106,ok,,69,,0
Q01591,1,1,get_shipment,ZNTU9156086,2026-09-09T09:40:08.000Z,53,ok,,99,,0
Q01592,1,1,search_docs,BK393148,2026-09-09T09:40:23.883Z,744,ok,,,,0
Q01593,1,1,get_shipment,ZNTU2009128,2026-09-09T09:50:51.699Z,49,ok,,109,,0
Q01593,2,1,carrier_track,ZNTU2009128,2026-09-09T09:50:52.451Z,2551,ok,,109,0,0.004
Q01594,1,1,search_docs,BK410780,2026-09-10T00:09:47.037Z,450,ok,,,,0
Q01595,1,1,list_shipments,status=in_transit,2026-09-10T00:45:47.050Z,86,ok,115,,,0
Q01595,2,1,get_shipment,ORBU6345416,2026-09-10T00:45:47.928Z,76,ok,,43,,0
Q01595,3,1,carrier_track,ORBU6345416,2026-09-10T00:45:48.821Z,2243,ok,,43,0,0.004
Q01595,4,1,get_shipment,SNDU7312081,2026-09-10T00:45:52.258Z,57,ok,,43,,0
Q01595,5,1,get_shipment,CBTU5441883,2026-09-10T00:45:53.460Z,93,ok,,45,,0
Q01595,6,1,carrier_track,CBTU5441883,2026-09-10T00:45:54.758Z,3286,ok,,45,0,0.004
Q01595,7,1,get_shipment,SNDU6001115,2026-09-10T00:45:59.155Z,70,ok,,44,,0
Q01595,8,1,carrier_track,SNDU6001115,2026-09-10T00:45:59.878Z,2152,ok,,44,1,0.004
Q01595,9,1,get_shipment,KSTU7722368,2026-09-10T00:46:02.924Z,135,ok,,45,,0
Q01595,10,1,carrier_track,KSTU7722368,2026-09-10T00:46:03.980Z,1663,ok,,45,0,0.004
Q01595,11,1,get_shipment,ORBU1486206,2026-09-10T00:46:06.486Z,55,ok,,46,,0
Q01595,12,1,carrier_track,ORBU1486206,2026-09-10T00:46:07.433Z,3218,ok,,46,0,0.004
Q01595,13,1,get_shipment,CBTU6776075,2026-09-10T00:46:11.345Z,81,ok,,45,,0
Q01595,14,1,get_shipment,ZNTU6771478,2026-09-10T00:46:12.392Z,67,ok,,46,,0
Q01595,15,1,get_shipment,KSTU8807342,2026-09-10T00:46:13.625Z,131,ok,,44,,0
Q01595,16,1,carrier_track,KSTU8807342,2026-09-10T00:46:14.783Z,1454,ok,,44,0,0.004
Q01595,17,1,get_shipment,CBTU2724228,2026-09-10T00:46:17.116Z,44,ok,,46,,0
Q01595,18,1,carrier_track,CBTU2724228,2026-09-10T00:46:18.254Z,2131,ok,,46,0,0.004
Q01595,19,1,get_shipment,ORBU8686665,2026-09-10T00:46:21.299Z,68,ok,,45,,0
Q01595,20,1,carrier_track,ORBU8686665,2026-09-10T00:46:22.241Z,1578,ok,,45,0,0.004
Q01595,21,1,get_shipment,KSTU1065976,2026-09-10T00:46:24.876Z,58,ok,,45,,0
Q01595,22,1,carrier_track,KSTU1065976,2026-09-10T00:46:26.324Z,2210,ok,,45,0,0.004
Q01595,23,1,get_shipment,SNDU9094788,2026-09-10T00:46:29.794Z,43,ok,,46,,0
Q01595,24,1,carrier_track,SNDU9094788,2026-09-10T00:46:30.527Z,2473,ok,,46,0,0.004
Q01595,25,1,get_shipment,SNDU9481774,2026-09-10T00:46:33.852Z,100,ok,,45,,0
Q01597,1,1,list_shipments,status=in_transit,2026-09-10T01:11:59.038Z,104,ok,5,,,0
Q01597,2,1,get_shipment,ORBU3428539,2026-09-10T01:11:59.898Z,40,ok,,69,,0
Q01597,3,1,get_shipment,CBTU8201531,2026-09-10T01:12:01.106Z,67,ok,,70,,0
Q01597,4,1,get_shipment,SNDU1269773,2026-09-10T01:12:01.947Z,57,ok,,70,,0
Q01597,5,1,carrier_track,SNDU1269773,2026-09-10T01:12:02.742Z,1788,ok,,70,0,0.004
Q01597,6,1,get_shipment,CBTU8950025,2026-09-10T01:12:05.192Z,45,ok,,72,,0
Q01597,7,1,carrier_track,CBTU8950025,2026-09-10T01:12:05.999Z,2272,ok,,72,0,0.004
Q01597,8,1,get_shipment,CBTU4442978,2026-09-10T01:12:09.320Z,85,ok,,71,,0
Q01597,9,1,carrier_track,CBTU4442978,2026-09-10T01:12:10.415Z,2432,ok,,71,0,0.004
Q01598,1,1,get_shipment,KSTU9862688,2026-09-10T01:12:18.830Z,63,ok,,72,,0
Q01599,1,1,search_docs,BK525941,2026-09-10T01:16:07.424Z,587,ok,,,,0
Q01600,1,1,get_shipment,CBTU9998559,2026-09-10T01:44:36.106Z,65,ok,,104,,0
Q01600,2,1,carrier_track,CBTU9998559,2026-09-10T01:44:36.848Z,3079,ok,,104,0,0.004
Q01601,1,1,get_shipment,QVRU9438453,2026-09-10T01:45:07.413Z,37,ok,,103,,0
Q01602,1,1,get_shipment,CBTU8950025,2026-09-10T01:51:36.205Z,99,ok,,111,,0
Q01602,2,1,carrier_track,CBTU8950025,2026-09-10T01:51:37.043Z,2529,ok,,111,0,0.004
Q01603,1,1,get_shipment,ZNTU2305306,2026-09-10T01:56:27.863Z,85,ok,,116,,0
Q01603,2,1,carrier_track,ZNTU2305306,2026-09-10T01:56:28.618Z,847,ok,,116,1,0.004
Q01604,1,1,search_docs,BK331171,2026-09-10T01:58:20.468Z,451,ok,,,,0
Q01604,2,1,search_docs,BK331171,2026-09-10T01:58:21.919Z,408,ok,,,,0
Q01605,1,1,search_docs,BK987088,2026-09-10T02:01:18.905Z,625,ok,,,,0
Q01606,1,1,get_shipment,ZNTU8532138,2026-09-10T02:17:57.564Z,55,ok,,137,,0
Q01607,1,1,get_shipment,BK393148,2026-09-10T02:21:53.945Z,130,ok,,141,,0
Q01607,2,1,carrier_track,KSTU9535313,2026-09-10T02:21:55.061Z,1972,ok,,141,0,0.004
Q01608,1,1,get_shipment,CBTU1881355,2026-09-10T02:28:09.668Z,44,ok,,146,,0
Q01609,1,1,search_docs,BK882696,2026-09-10T02:35:06.775Z,301,ok,,,,0
Q01609,2,1,search_docs,BK882696,2026-09-10T02:35:08.298Z,459,ok,,,,0
Q01609,3,1,get_shipment,BK882696,2026-09-10T02:35:09.501Z,105,ok,,154,,0
Q01611,1,1,get_shipment,KSTU7722368,2026-09-10T02:55:21.330Z,73,ok,,174,,0
Q01611,2,1,carrier_track,KSTU7722368,2026-09-10T02:55:22.565Z,2955,ok,,174,0,0.004
Q01612,1,1,search_docs,BK643426,2026-09-10T03:22:37.431Z,477,ok,,,,0
Q01612,2,1,search_docs,BK643426,2026-09-10T03:22:38.853Z,357,ok,,,,0
Q01613,1,1,get_shipment,KSTU9862688,2026-09-10T03:23:02.170Z,67,ok,,203,,0
Q01613,2,1,carrier_track,KSTU9862688,2026-09-10T03:23:03.525Z,1566,ok,,203,0,0.004
Q01614,1,1,list_shipments,status=in_transit,2026-09-10T03:37:59.983Z,106,ok,115,,,0
Q01614,2,1,get_shipment,ORBU6345416,2026-09-10T03:38:00.931Z,76,ok,,216,,0
Q01614,3,1,carrier_track,ORBU6345416,2026-09-10T03:38:01.918Z,1547,ok,,216,0,0.004
Q01614,4,1,get_shipment,SNDU7312081,2026-09-10T03:38:04.247Z,42,ok,,216,,0
Q01614,5,1,carrier_track,SNDU7312081,2026-09-10T03:38:04.930Z,3278,ok,,216,0,0.004
Q01614,6,1,get_shipment,CBTU5441883,2026-09-10T03:38:09.140Z,90,ok,,218,,0
Q01614,7,1,carrier_track,CBTU5441883,2026-09-10T03:38:10.174Z,1611,ok,,218,0,0.004
Q01614,8,1,get_shipment,SNDU6001115,2026-09-10T03:38:13.093Z,38,ok,,217,,0
Q01614,9,1,carrier_track,SNDU6001115,2026-09-10T03:38:14.140Z,1750,ok,,217,0,0.004
Q01614,10,1,get_shipment,KSTU7722368,2026-09-10T03:38:17.042Z,112,ok,,217,,0
Q01614,11,1,get_shipment,ORBU1486206,2026-09-10T03:38:18.280Z,61,ok,,218,,0
Q01614,12,1,get_shipment,CBTU6776075,2026-09-10T03:38:19.525Z,27,ok,,217,,0
Q01614,13,1,carrier_track,CBTU6776075,2026-09-10T03:38:20.897Z,1528,ok,,217,0,0.004
Q01614,14,1,get_shipment,ZNTU6771478,2026-09-10T03:38:23.614Z,48,ok,,218,,0
Q01614,15,1,get_shipment,KSTU8807342,2026-09-10T03:38:24.563Z,57,ok,,216,,0
Q01614,16,1,carrier_track,KSTU8807342,2026-09-10T03:38:26.040Z,2124,ok,,216,0,0.004
Q01614,17,1,get_shipment,CBTU2724228,2026-09-10T03:38:28.858Z,60,ok,,218,,0
Q01614,18,1,carrier_track,CBTU2724228,2026-09-10T03:38:29.921Z,1458,ok,,218,0,0.004
Q01614,19,1,get_shipment,ORBU8686665,2026-09-10T03:38:32.244Z,86,ok,,217,,0
Q01614,20,1,carrier_track,ORBU8686665,2026-09-10T03:38:33.292Z,1405,ok,,217,0,0.004
Q01614,21,1,get_shipment,KSTU1065976,2026-09-10T03:38:35.927Z,87,ok,,217,,0
Q01614,22,1,carrier_track,KSTU1065976,2026-09-10T03:38:37.010Z,2540,ok,,217,1,0.004
Q01614,23,1,get_shipment,SNDU9094788,2026-09-10T03:38:40.925Z,64,ok,,218,,0
Q01614,24,1,carrier_track,SNDU9094788,2026-09-10T03:38:42.104Z,2403,ok,,218,0,0.004
Q01614,25,1,get_shipment,SNDU9481774,2026-09-10T03:38:45.649Z,27,ok,,217,,0
Q01616,1,1,get_shipment,ORBU3428539,2026-09-10T03:42:41.342Z,64,ok,,220,,0
Q01617,1,1,get_shipment,ORBU8867535,2026-09-10T03:53:49.478Z,77,ok,,231,,0
Q01618,1,1,get_shipment,BK595120,2026-09-10T04:00:46.895Z,62,ok,,239,,0
Q01618,2,1,carrier_track,KSTU3864924,2026-09-10T04:00:47.657Z,2482,ok,,239,0,0.004
Q01619,1,1,get_shipment,ORBU7490238,2026-09-10T04:15:34.769Z,98,ok,,15,,0
Q01619,2,1,carrier_track,ORBU7490238,2026-09-10T04:15:35.769Z,1883,ok,,15,0,0.004
Q01620,1,1,get_shipment,KSTU7990009,2026-09-10T04:16:52.629Z,40,ok,,14,,0
Q01620,2,1,carrier_track,KSTU7990009,2026-09-10T04:16:53.449Z,1094,ok,,14,0,0.004
Q01621,1,1,get_shipment,ORBU8695218,2026-09-10T05:49:43.518Z,52,ok,,107,,0
Q01621,2,1,carrier_track,ORBU8695218,2026-09-10T05:49:44.518Z,3580,ok,,107,0,0.004
Q01622,1,1,get_shipment,ZNTU9156086,2026-09-10T06:13:35.794Z,45,ok,,132,,0
Q01623,1,1,get_shipment,KSTU1469656,2026-09-10T06:16:01.871Z,82,ok,,134,,0
Q01624,1,1,get_shipment,ZNTU3505978,2026-09-10T06:22:15.142Z,50,ok,,140,,0
Q01625,1,1,get_shipment,QVRU9438453,2026-09-10T06:26:46.509Z,78,ok,,144,,0
Q01626,1,1,get_shipment,KSTU6319954,2026-09-10T06:27:43.268Z,33,ok,,145,,0
Q01626,2,1,carrier_track,KSTU6319954,2026-09-10T06:27:44.132Z,1338,ok,,145,0,0.004
Q01628,1,1,get_shipment,CBTU1482053,2026-09-10T06:31:42.899Z,71,ok,,149,,0
Q01629,1,1,get_shipment,ORBU5928846,2026-09-10T06:44:22.944Z,74,ok,,162,,0
Q01629,2,1,carrier_track,ORBU5928846,2026-09-10T06:44:23.790Z,2751,ok,,162,0,0.004
Q01630,1,1,get_shipment,CBTU5667390,2026-09-10T06:49:51.184Z,56,ok,,168,,0
Q01630,2,1,carrier_track,CBTU5667390,2026-09-10T06:49:51.856Z,2078,ok,,168,0,0.004
Q01631,1,1,search_docs,BK959598,2026-09-10T06:51:48.535Z,383,ok,,,,0
Q01631,2,1,search_docs,BK959598,2026-09-10T06:51:49.806Z,529,ok,,,,0
Q01632,1,1,search_docs,BK959598,2026-09-10T06:54:32.367Z,464,ok,,,,0
Q01632,2,1,search_docs,BK959598,2026-09-10T06:54:33.766Z,770,ok,,,,0
Q01634,1,1,list_shipments,status=in_transit,2026-09-10T08:12:42.204Z,144,ok,115,,,0
Q01634,2,1,get_shipment,ORBU6345416,2026-09-10T08:12:43.147Z,46,ok,,10,,0
Q01634,3,1,get_shipment,SNDU7312081,2026-09-10T08:12:44.042Z,33,ok,,10,,0
Q01634,4,1,carrier_track,SNDU7312081,2026-09-10T08:12:44.836Z,1556,ok,,10,0,0.004
Q01634,5,1,get_shipment,CBTU5441883,2026-09-10T08:12:47.512Z,54,ok,,12,,0
Q01634,6,1,carrier_track,CBTU5441883,2026-09-10T08:12:48.680Z,1315,ok,,12,0,0.004
Q01634,7,1,get_shipment,SNDU6001115,2026-09-10T08:12:51.226Z,58,ok,,11,,0
Q01634,8,1,get_shipment,KSTU7722368,2026-09-10T08:12:52.432Z,90,ok,,11,,0
Q01634,9,1,carrier_track,KSTU7722368,2026-09-10T08:12:53.658Z,2576,ok,,11,0,0.004
Q01634,10,1,get_shipment,ORBU1486206,2026-09-10T08:12:57.051Z,30,ok,,12,,0
Q01634,11,1,get_shipment,CBTU6776075,2026-09-10T08:12:58.486Z,45,ok,,11,,0
Q01634,12,1,get_shipment,ZNTU6771478,2026-09-10T08:12:59.420Z,88,ok,,12,,0
Q01634,13,1,get_shipment,KSTU8807342,2026-09-10T08:13:00.515Z,56,ok,,11,,0
Q01634,14,1,get_shipment,CBTU2724228,2026-09-10T08:13:01.515Z,43,ok,,13,,0
Q01634,15,1,carrier_track,CBTU2724228,2026-09-10T08:13:02.281Z,2496,ok,,13,0,0.004
Q01634,16,1,get_shipment,ORBU8686665,2026-09-10T08:13:05.919Z,39,ok,,12,,0
Q01634,17,1,carrier_track,ORBU8686665,2026-09-10T08:13:06.659Z,1655,ok,,12,0,0.004
Q01634,18,1,get_shipment,KSTU1065976,2026-09-10T08:13:09.030Z,35,ok,,12,,0
Q01634,19,1,get_shipment,SNDU9094788,2026-09-10T08:13:09.732Z,51,ok,,13,,0
Q01634,20,1,get_shipment,SNDU9481774,2026-09-10T08:13:10.959Z,54,ok,,12,,0
Q01634,21,1,carrier_track,SNDU9481774,2026-09-10T08:13:11.768Z,1070,ok,,12,0,0.004
Q01634,22,1,get_shipment,SNDU9947044,2026-09-10T08:13:13.651Z,36,ok,,11,,0
Q01634,23,1,get_shipment,ORBU8695218,2026-09-10T08:13:14.457Z,67,ok,,11,,0
Q01634,24,1,get_shipment,ORBU3173581,2026-09-10T08:13:15.221Z,35,ok,,12,,0
Q01634,25,1,carrier_track,ORBU3173581,2026-09-10T08:13:15.815Z,1026,ok,,12,0,0.004
Q01636,1,1,get_shipment,KSTU8875252,2026-09-10T08:44:18.504Z,30,ok,,42,,0
Q01636,2,1,carrier_track,KSTU8875252,2026-09-10T08:44:19.466Z,2849,ok,,42,0,0.004
Q01637,1,1,search_docs,BK869499,2026-09-10T09:13:04.250Z,313,ok,,,,0
Q01638,1,1,list_shipments,status=in_transit,2026-09-10T09:39:28.971Z,120,ok,115,,,0
Q01638,2,1,get_shipment,ORBU6345416,2026-09-10T09:39:29.665Z,60,ok,,97,,0
Q01638,3,1,carrier_track,ORBU6345416,2026-09-10T09:39:30.703Z,2509,ok,,97,0,0.004
Q01638,4,1,get_shipment,SNDU7312081,2026-09-10T09:39:34.024Z,41,ok,,97,,0
Q01638,5,1,carrier_track,SNDU7312081,2026-09-10T09:39:35.224Z,1479,ok,,97,0,0.004
Q01638,6,1,get_shipment,CBTU5441883,2026-09-10T09:39:37.406Z,60,ok,,99,,0
Q01638,7,1,get_shipment,SNDU6001115,2026-09-10T09:39:38.341Z,44,ok,,98,,0
Q01638,8,1,get_shipment,KSTU7722368,2026-09-10T09:39:39.149Z,55,ok,,98,,0
Q01638,9,1,carrier_track,KSTU7722368,2026-09-10T09:39:39.905Z,1574,ok,,98,0,0.004
Q01638,10,1,get_shipment,ORBU1486206,2026-09-10T09:39:43.005Z,52,ok,,99,,0
Q01638,11,1,get_shipment,CBTU6776075,2026-09-10T09:39:43.880Z,53,ok,,98,,0
Q01638,12,1,carrier_track,CBTU6776075,2026-09-10T09:39:45.059Z,1470,ok,,98,0,0.004
Q01638,13,1,get_shipment,ZNTU6771478,2026-09-10T09:39:47.324Z,76,ok,,99,,0
Q01638,14,1,carrier_track,ZNTU6771478,2026-09-10T09:39:48.205Z,2438,ok,,99,0,0.004
Q01638,15,1,get_shipment,KSTU8807342,2026-09-10T09:39:51.518Z,38,ok,,97,,0
Q01638,16,1,carrier_track,KSTU8807342,2026-09-10T09:39:52.293Z,1778,ok,,97,0,0.004
Q01638,17,1,get_shipment,CBTU2724228,2026-09-10T09:39:54.843Z,59,ok,,99,,0
Q01638,18,1,get_shipment,ORBU8686665,2026-09-10T09:39:55.937Z,69,ok,,98,,0
Q01638,19,1,carrier_track,ORBU8686665,2026-09-10T09:39:57.229Z,3204,ok,,98,0,0.004
Q01638,20,1,get_shipment,KSTU1065976,2026-09-10T09:40:01.289Z,92,ok,,99,,0
Q01638,21,1,carrier_track,KSTU1065976,2026-09-10T09:40:02.228Z,1988,ok,,99,0,0.004
Q01638,22,1,get_shipment,SNDU9094788,2026-09-10T09:40:05.402Z,56,ok,,100,,0
Q01638,23,1,get_shipment,SNDU9481774,2026-09-10T09:40:06.277Z,81,ok,,99,,0
Q01638,24,1,carrier_track,SNDU9481774,2026-09-10T09:40:07.210Z,1991,ok,,99,0,0.004
Q01638,25,1,get_shipment,SNDU9947044,2026-09-10T09:40:09.875Z,87,ok,,98,,0
Q01640,1,1,get_shipment,CBTU6107272,2026-09-10T10:15:00.055Z,46,ok,,135,,0
Q01641,1,1,search_docs,BK758796,2026-09-11T00:56:41.479Z,371,ok,,,,0
Q01642,1,1,get_shipment,ZNTU9156086,2026-09-11T01:09:02.399Z,39,ok,,68,,0
Q01644,1,1,list_shipments,status=in_transit,2026-09-11T01:13:08.990Z,109,ok,122,,,0
Q01644,2,1,get_shipment,ORBU6345416,2026-09-11T01:13:09.967Z,73,ok,,71,,0
Q01644,3,1,carrier_track,ORBU6345416,2026-09-11T01:13:11.125Z,2833,ok,,71,0,0.004
Q01644,4,1,get_shipment,SNDU7312081,2026-09-11T01:13:14.722Z,70,ok,,71,,0
Q01644,5,1,carrier_track,SNDU7312081,2026-09-11T01:13:15.741Z,1782,ok,,71,0,0.004
Q01644,6,1,get_shipment,CBTU5441883,2026-09-11T01:13:18.963Z,60,ok,,73,,0
Q01644,7,1,carrier_track,CBTU5441883,2026-09-11T01:13:19.692Z,1020,ok,,73,0,0.004
Q01644,8,1,get_shipment,SNDU6001115,2026-09-11T01:13:21.597Z,58,ok,,72,,0
Q01644,9,1,get_shipment,KSTU7722368,2026-09-11T01:13:23.064Z,65,ok,,72,,0
Q01644,10,1,get_shipment,ORBU1486206,2026-09-11T01:13:23.922Z,61,ok,,73,,0
Q01644,11,1,carrier_track,ORBU1486206,2026-09-11T01:13:24.889Z,1886,ok,,73,0,0.004
Q01644,12,1,get_shipment,CBTU6776075,2026-09-11T01:13:27.735Z,82,ok,,72,,0
Q01644,13,1,carrier_track,CBTU6776075,2026-09-11T01:13:28.927Z,2924,ok,,72,0,0.004
Q01644,14,1,get_shipment,ZNTU6771478,2026-09-11T01:13:32.753Z,27,ok,,73,,0
Q01644,15,1,get_shipment,ZNTU4344024,2026-09-11T01:13:33.529Z,86,ok,,71,,0
Q01644,16,1,get_shipment,KSTU8807342,2026-09-11T01:13:34.394Z,56,ok,,71,,0
Q01644,17,1,get_shipment,CBTU2724228,2026-09-11T01:13:35.549Z,34,ok,,73,,0
Q01644,18,1,carrier_track,CBTU2724228,2026-09-11T01:13:36.727Z,1149,ok,,73,0,0.004
Q01644,19,1,get_shipment,ORBU8686665,2026-09-11T01:13:38.721Z,75,ok,,72,,0
Q01644,20,1,carrier_track,ORBU8686665,2026-09-11T01:13:39.847Z,3676,ok,,72,0,0.004
Q01644,21,1,get_shipment,KSTU1065976,2026-09-11T01:13:44.206Z,75,ok,,72,,0
Q01644,22,1,carrier_track,KSTU1065976,2026-09-11T01:13:45.248Z,2041,ok,,72,0,0.004
Q01644,23,1,get_shipment,SNDU9094788,2026-09-11T01:13:48.203Z,57,ok,,73,,0
Q01644,24,1,get_shipment,SNDU9481774,2026-09-11T01:13:49.477Z,67,ok,,72,,0
Q01644,25,1,carrier_track,SNDU9481774,2026-09-11T01:13:50.519Z,2152,ok,,72,0,0.004
Q01646,1,1,get_shipment,SNDU6530860,2026-09-11T01:16:01.019Z,78,ok,,76,,0
Q01646,2,1,carrier_track,SNDU6530860,2026-09-11T01:16:02.149Z,2200,ok,,76,0,0.004
Q01647,1,1,get_shipment,ZNTU9156086,2026-09-11T01:27:43.522Z,42,ok,,86,,0
Q01648,1,1,get_shipment,SNDU5450932,2026-09-11T01:28:57.172Z,71,ok,,88,,0
Q01648,2,1,carrier_track,SNDU5450932,2026-09-11T01:28:57.962Z,2817,ok,,88,0,0.004
Q01649,1,1,search_docs,BK592299,2026-09-11T01:31:45.357Z,509,ok,,,,0
Q01650,1,1,get_shipment,KSTU3671211,2026-09-11T01:42:04.167Z,83,ok,,100,,0
Q01650,2,1,carrier_track,KSTU3671211,2026-09-11T01:42:05.127Z,3269,ok,,100,0,0.004
Q01651,1,1,get_shipment,ORBU7490238,2026-09-11T01:42:40.861Z,80,ok,,102,,0
Q01651,2,1,carrier_track,ORBU7490238,2026-09-11T01:42:41.762Z,2617,ok,,102,0,0.004
Q01652,1,1,search_docs,BK248625,2026-09-11T01:44:45.469Z,362,ok,,,,0
Q01654,1,1,get_shipment,KSTU8875252,2026-09-11T01:55:42.590Z,68,ok,,113,,0
Q01655,1,1,search_docs,BK752181,2026-09-11T01:59:19.048Z,290,ok,,,,0
Q01656,1,1,get_shipment,ZNTU3075480,2026-09-11T01:59:38.806Z,71,ok,,118,,0
Q01656,2,1,carrier_track,ZNTU3075480,2026-09-11T01:59:39.617Z,2828,ok,,118,0,0.004
Q01657,1,1,get_shipment,CBTU4442978,2026-09-11T02:03:14.761Z,53,ok,,122,,0
Q01657,2,1,carrier_track,CBTU4442978,2026-09-11T02:03:15.808Z,4456,ok,,122,0,0.004
Q01658,1,1,get_shipment,ZNTU6302909,2026-09-11T02:04:50.788Z,93,ok,,123,,0
Q01658,2,1,carrier_track,ZNTU6302909,2026-09-11T02:04:51.528Z,1837,ok,,123,0,0.004
Q01659,1,1,search_docs,BK813728,2026-09-11T02:22:51.834Z,314,ok,,,,0
Q01659,2,1,get_shipment,BK813728,2026-09-11T02:22:52.777Z,119,ok,,141,,0
Q01660,1,1,get_shipment,ZNTU2701004,2026-09-11T02:33:00.258Z,46,ok,,151,,0
Q01660,2,1,carrier_track,ZNTU2701004,2026-09-11T02:33:01.299Z,1949,ok,,151,0,0.004
Q01661,1,1,get_shipment,SNDU3817108,2026-09-11T02:34:49.485Z,33,ok,,154,,0
Q01661,2,1,carrier_track,SNDU3817108,2026-09-11T02:34:50.053Z,960,ok,,154,0,0.004
Q01662,1,1,get_shipment,QVRU1663476,2026-09-11T02:56:17.941Z,67,ok,,176,,0
Q01663,1,1,get_shipment,ZNTU9117398,2026-09-11T03:10:03.934Z,66,ok,,189,,0
Q01663,2,1,carrier_track,ZNTU9117398,2026-09-11T03:10:04.636Z,3324,ok,,189,0,0.004
Q01664,1,1,get_shipment,KSTU3864924,2026-09-11T03:36:07.264Z,113,ok,,215,,0
Q01664,2,1,carrier_track,KSTU3864924,2026-09-11T03:36:08.333Z,1838,ok,,215,0,0.004
Q01665,1,1,get_shipment,BK976422,2026-09-11T03:49:43.028Z,68,ok,,229,,0
Q01665,2,1,carrier_track,QVRU7318605,2026-09-11T03:49:44.220Z,2953,ok,,229,0,0.004
Q01666,1,1,get_shipment,QVRU5816901,2026-09-11T04:48:51.207Z,49,ok,,47,,0
Q01666,2,1,carrier_track,QVRU5816901,2026-09-11T04:48:52.082Z,2318,ok,,47,0,0.004
Q01667,1,1,get_shipment,CBTU9998559,2026-09-11T05:01:05.529Z,44,ok,,61,,0
Q01668,1,1,get_shipment,QVRU7318605,2026-09-11T05:01:18.945Z,42,ok,,61,,0
Q01668,2,1,carrier_track,QVRU7318605,2026-09-11T05:01:19.593Z,1428,ok,,61,0,0.004
Q01669,1,1,get_shipment,CBTU5364912,2026-09-11T05:49:08.328Z,59,ok,,107,,0
Q01670,1,1,get_shipment,KSTU8803319,2026-09-11T05:52:57.778Z,49,ok,,112,,0
Q01670,2,1,carrier_track,KSTU8803319,2026-09-11T05:52:58.941Z,2017,ok,,112,0,0.004
Q01671,1,1,list_shipments,status=in_transit,2026-09-11T05:59:23.371Z,133,ok,122,,,0
Q01671,2,1,get_shipment,ORBU6345416,2026-09-11T05:59:24.419Z,51,ok,,117,,0
Q01671,3,1,carrier_track,ORBU6345416,2026-09-11T05:59:25.120Z,1274,ok,,117,0,0.004
Q01671,4,1,get_shipment,SNDU7312081,2026-09-11T05:59:27.482Z,36,ok,,117,,0
Q01671,5,1,carrier_track,SNDU7312081,2026-09-11T05:59:28.426Z,2354,ok,,117,0,0.004
Q01671,6,1,get_shipment,CBTU5441883,2026-09-11T05:59:32.136Z,36,ok,,119,,0
Q01671,7,1,carrier_track,CBTU5441883,2026-09-11T05:59:33.553Z,1638,ok,,119,0,0.004
Q01671,8,1,get_shipment,SNDU6001115,2026-09-11T05:59:36.225Z,56,ok,,118,,0
Q01671,9,1,carrier_track,SNDU6001115,2026-09-11T05:59:37.567Z,1638,ok,,118,0,0.004
Q01671,10,1,get_shipment,KSTU7722368,2026-09-11T05:59:39.949Z,48,ok,,118,,0
Q01671,11,1,carrier_track,KSTU7722368,2026-09-11T05:59:40.790Z,2410,ok,,118,0,0.004
Q01671,12,1,get_shipment,ORBU1486206,2026-09-11T05:59:44.427Z,49,ok,,119,,0
Q01671,13,1,get_shipment,CBTU6776075,2026-09-11T05:59:45.512Z,37,ok,,118,,0
Q01671,14,1,carrier_track,CBTU6776075,2026-09-11T05:59:46.600Z,999,ok,,118,0,0.004
Q01671,15,1,get_shipment,ZNTU6771478,2026-09-11T05:59:48.473Z,43,ok,,119,,0
Q01671,16,1,get_shipment,ZNTU4344024,2026-09-11T05:59:49.369Z,69,ok,,117,,0
Q01671,17,1,carrier_track,ZNTU4344024,2026-09-11T05:59:50.307Z,1586,ok,,117,0,0.004
Q01671,18,1,get_shipment,KSTU8807342,2026-09-11T05:59:52.560Z,86,ok,,117,,0
Q01671,19,1,carrier_track,KSTU8807342,2026-09-11T05:59:53.723Z,1133,ok,,117,0,0.004
Q01671,20,1,get_shipment,CBTU2724228,2026-09-11T05:59:56.074Z,120,ok,,119,,0
Q01671,21,1,carrier_track,CBTU2724228,2026-09-11T05:59:57.153Z,1333,ok,,119,0,0.004
Q01671,22,1,get_shipment,ORBU8686665,2026-09-11T05:59:59.341Z,55,ok,,118,,0
Q01671,23,1,carrier_track,ORBU8686665,2026-09-11T06:00:00.342Z,2239,ok,,119,0,0.004
Q01671,24,1,get_shipment,KSTU1065976,2026-09-11T06:00:03.324Z,103,ok,,119,,0
Q01671,25,1,get_shipment,SNDU9094788,2026-09-11T06:00:04.625Z,57,ok,,120,,0
Q01673,1,1,search_docs,BK473937,2026-09-11T06:05:43.818Z,521,ok,,,,0
Q01674,1,1,get_shipment,QVRU9438453,2026-09-11T06:59:42.034Z,74,ok,,177,,0
Q01675,1,1,get_shipment,ORBU5012569,2026-09-11T07:05:16.053Z,42,ok,,183,,0
Q01675,2,1,carrier_track,ORBU5012569,2026-09-11T07:05:16.905Z,2155,ok,,183,0,0.004
Q01676,1,1,list_shipments,status=at_origin,2026-09-11T07:34:17.339Z,94,ok,34,,,0
Q01676,2,1,get_shipment,CBTU1905850,2026-09-11T07:34:18.646Z,53,ok,,212,,0
Q01676,3,1,get_shipment,KSTU9097578,2026-09-11T07:34:19.483Z,62,ok,,214,,0
Q01676,4,1,carrier_track,KSTU9097578,2026-09-11T07:34:20.180Z,2940,ok,,214,0,0.004
Q01676,5,1,get_shipment,ORBU2455421,2026-09-11T07:34:24.252Z,104,ok,,213,,0
Q01676,6,1,carrier_track,ORBU2455421,2026-09-11T07:34:25.160Z,1991,ok,,213,0,0.004
Q01676,7,1,get_shipment,SNDU1467509,2026-09-11T07:34:27.870Z,38,ok,,213,,0
Q01676,8,1,get_shipment,SNDU5956897,2026-09-11T07:34:28.618Z,54,ok,,214,,0
Q01676,9,1,get_shipment,ZNTU3505978,2026-09-11T07:34:29.628Z,112,ok,,212,,0
Q01676,10,1,get_shipment,SNDU8965161,2026-09-11T07:34:30.690Z,79,ok,,212,,0
Q01676,11,1,carrier_track,SNDU8965161,2026-09-11T07:34:31.450Z,2304,ok,,212,0,0.004
Q01676,12,1,get_shipment,CBTU3344092,2026-09-11T07:34:34.864Z,65,ok,,214,,0
Q01676,13,1,get_shipment,ORBU5101131,2026-09-11T07:34:35.865Z,64,ok,,213,,0
Q01676,14,1,carrier_track,ORBU5101131,2026-09-11T07:34:36.967Z,5011,ok,,213,0,0.004
Q01676,15,1,get_shipment,ZNTU2287481,2026-09-11T07:34:43.004Z,46,ok,,214,,0
Q01676,16,1,carrier_track,ZNTU2287481,2026-09-11T07:34:44.303Z,2355,ok,,214,0,0.004
Q01676,17,1,get_shipment,SNDU4342860,2026-09-11T07:34:47.729Z,65,ok,,214,,0
Q01676,18,1,carrier_track,SNDU4342860,2026-09-11T07:34:49.170Z,2766,ok,,214,0,0.004
Q01676,19,1,get_shipment,ORBU7490238,2026-09-11T07:34:53.167Z,84,ok,,214,,0
Q01676,20,1,get_shipment,QVRU4442996,2026-09-11T07:34:54.018Z,59,ok,,214,,0
Q01676,21,1,carrier_track,QVRU4442996,2026-09-11T07:34:54.861Z,2019,ok,,214,0,0.004
Q01676,22,1,get_shipment,ZNTU3075480,2026-09-11T07:34:57.611Z,103,ok,,213,,0
Q01676,23,1,carrier_track,ZNTU3075480,2026-09-11T07:34:58.796Z,1509,ok,,213,0,0.004
Q01676,24,1,get_shipment,KSTU1146048,2026-09-11T07:35:00.924Z,55,ok,,213,,0
Q01676,25,1,get_shipment,ORBU6160600,2026-09-11T07:35:02.214Z,27,ok,,213,,0
Q01677,1,1,get_shipment,ORBU5012569,2026-09-11T07:34:59.812Z,80,ok,,212,,0
Q01677,2,1,carrier_track,ORBU5012569,2026-09-11T07:35:00.923Z,2117,ok,,213,0,0.004
Q01679,1,1,get_shipment,BK669754,2026-09-11T07:36:33.003Z,43,ok,,216,,0
Q01679,2,1,carrier_track,QVRU5214824,2026-09-11T07:36:33.682Z,2882,ok,,216,0,0.004
Q01680,1,1,get_shipment,CBTU1482053,2026-09-11T07:43:37.641Z,35,ok,,221,,0
Q01680,2,1,carrier_track,CBTU1482053,2026-09-11T07:43:38.622Z,5119,ok,,221,0,0.004
Q01682,1,1,get_shipment,SNDU3880407,2026-09-11T08:45:49.592Z,81,ok,,45,,0
Q01682,2,1,carrier_track,SNDU3880407,2026-09-11T08:45:50.577Z,2063,ok,,45,0,0.004
Q01683,1,1,search_docs,BK882396,2026-09-11T08:57:03.546Z,327,ok,,,,0
Q01683,2,1,search_docs,BK882396,2026-09-11T08:57:04.784Z,419,ok,,,,0
Q01684,1,1,get_shipment,KSTU9862688,2026-09-11T09:19:14.372Z,95,ok,,79,,0
Q01684,2,1,carrier_track,KSTU9862688,2026-09-11T09:19:15.364Z,2295,ok,,79,0,0.004
Q01685,1,1,list_shipments,status=in_transit,2026-09-11T09:56:49.684Z,81,ok,4,,,0
Q01685,2,1,get_shipment,SNDU2515034,2026-09-11T09:56:50.555Z,85,ok,,115,,0
Q01685,3,1,get_shipment,KSTU9535313,2026-09-11T09:56:51.686Z,59,ok,,116,,0
Q01685,4,1,carrier_track,KSTU9535313,2026-09-11T09:56:52.746Z,2946,ok,,116,0,0.004
Q01685,5,1,get_shipment,ZNTU6302909,2026-09-11T09:56:56.423Z,75,ok,,115,,0
Q01685,6,1,carrier_track,ZNTU6302909,2026-09-11T09:56:57.328Z,1740,ok,,115,0,0.004
Q01685,7,1,get_shipment,ZNTU3013959,2026-09-11T09:57:00.268Z,91,ok,,116,,0
Q01686,1,1,list_shipments,status=in_transit,2026-09-11T10:10:33.991Z,152,ok,122,,,0
Q01686,2,1,get_shipment,ORBU6345416,2026-09-11T10:10:34.914Z,59,ok,,128,,0
Q01686,3,1,get_shipment,SNDU7312081,2026-09-11T10:10:35.631Z,76,ok,,128,,0
Q01686,4,1,get_shipment,CBTU5441883,2026-09-11T10:10:36.458Z,77,ok,,130,,0
Q01686,5,1,get_shipment,SNDU6001115,2026-09-11T10:10:37.452Z,52,ok,,129,,0
Q01686,6,1,carrier_track,SNDU6001115,2026-09-11T10:10:38.434Z,2693,ok,,129,0,0.004
Q01686,7,1,get_shipment,KSTU7722368,2026-09-11T10:10:42.055Z,64,ok,,129,,0
Q01686,8,1,get_shipment,ORBU1486206,2026-09-11T10:10:42.709Z,55,ok,,130,,0
Q01686,9,1,carrier_track,ORBU1486206,2026-09-11T10:10:43.532Z,2681,ok,,130,0,0.004
Q01686,10,1,get_shipment,CBTU6776075,2026-09-11T10:10:46.963Z,59,ok,,129,,0
Q01686,11,1,get_shipment,ZNTU6771478,2026-09-11T10:10:48.272Z,71,ok,,130,,0
Q01686,12,1,carrier_track,ZNTU6771478,2026-09-11T10:10:49.349Z,3597,ok,,130,0,0.004
Q01686,13,1,get_shipment,ZNTU4344024,2026-09-11T10:10:53.690Z,51,ok,,128,,0
Q01686,14,1,get_shipment,KSTU8807342,2026-09-11T10:10:55.031Z,46,ok,,128,,0
Q01686,15,1,get_shipment,CBTU2724228,2026-09-11T10:10:56.126Z,87,ok,,130,,0
Q01686,16,1,carrier_track,CBTU2724228,2026-09-11T10:10:56.974Z,2887,ok,,130,0,0.004
Q01686,17,1,get_shipment,ORBU8686665,2026-09-11T10:11:00.763Z,77,ok,,130,,0
Q01686,18,1,carrier_track,ORBU8686665,2026-09-11T10:11:02.041Z,2051,ok,,130,0,0.004
Q01686,19,1,get_shipment,KSTU1065976,2026-09-11T10:11:05.239Z,45,ok,,130,,0
Q01686,20,1,carrier_track,KSTU1065976,2026-09-11T10:11:06.167Z,3130,ok,,130,0,0.004
Q01686,21,1,get_shipment,SNDU9094788,2026-09-11T10:11:10.426Z,40,ok,,131,,0
Q01686,22,1,carrier_track,SNDU9094788,2026-09-11T10:11:11.379Z,2969,ok,,131,0,0.004
Q01686,23,1,get_shipment,SNDU9481774,2026-09-11T10:11:16.014Z,74,ok,,130,,0
Q01686,24,1,get_shipment,SNDU9947044,2026-09-11T10:11:17.099Z,96,ok,,129,,0
Q01686,25,1,get_shipment,SNDU5355235,2026-09-11T10:11:18.402Z,61,ok,,130,,0
Q01687,1,1,get_shipment,KSTU9517849,2026-09-11T10:11:39.976Z,86,ok,,129,,0
Q01687,2,1,carrier_track,KSTU9517849,2026-09-11T10:11:40.980Z,2042,ok,,129,0,0.004
Q01689,1,1,get_shipment,QVRU5546975,2026-09-11T10:43:14.654Z,62,ok,,162,,0
Q01690,1,1,get_shipment,KSTU3708950,2026-09-12T02:19:07.163Z,41,ok,,138,,0
Q01690,2,1,carrier_track,KSTU3708950,2026-09-12T02:19:07.881Z,2382,ok,,138,0,0.004
Q01691,1,1,get_shipment,SNDU6001115,2026-09-13T01:02:51.320Z,72,ok,,61,,0
Q01691,2,1,carrier_track,SNDU6001115,2026-09-13T01:02:52.333Z,1453,ok,,61,0,0.004
Q01692,1,1,get_shipment,ZNTU1957356,2026-09-13T06:07:46.380Z,71,ok,,127,,0
Q01692,2,1,carrier_track,ZNTU1957356,2026-09-13T06:07:47.143Z,2137,ok,,127,0,0.004
Q01693,1,1,get_shipment,CBTU8358254,2026-09-14T00:03:27.939Z,41,ok,,2,,0
Q01693,2,1,carrier_track,CBTU8358254,2026-09-14T00:03:28.983Z,1657,ok,,2,0,0.004
Q01694,1,1,get_shipment,SNDU7583025,2026-09-14T00:15:17.092Z,87,ok,,13,,0
Q01695,1,1,get_shipment,CBTU9998559,2026-09-14T00:19:27.689Z,77,ok,,19,,0
Q01695,2,1,carrier_track,CBTU9998559,2026-09-14T00:19:28.562Z,1959,ok,,19,1,0.004
Q01696,1,1,get_shipment,CBTU9916148,2026-09-14T01:03:18.066Z,105,ok,,62,,0
Q01696,2,1,carrier_track,CBTU9916148,2026-09-14T01:03:19.117Z,2349,ok,,62,0,0.004
Q01697,1,1,list_shipments,status=in_transit,2026-09-14T01:03:37.532Z,109,ok,128,,,0
Q01697,2,1,get_shipment,ORBU6345416,2026-09-14T01:03:38.480Z,82,ok,,61,,0
Q01697,3,1,get_shipment,CBTU1905850,2026-09-14T01:03:39.238Z,112,ok,,61,,0
Q01697,4,1,carrier_track,CBTU1905850,2026-09-14T01:03:40.521Z,3344,ok,,61,0,0.004
Q01697,5,1,get_shipment,SNDU7312081,2026-09-14T01:03:44.840Z,39,ok,,61,,0
Q01697,6,1,carrier_track,SNDU7312081,2026-09-14T01:03:45.673Z,1624,ok,,61,0,0.004
Q01697,7,1,get_shipment,CBTU5441883,2026-09-14T01:03:47.874Z,58,ok,,63,,0
Q01697,8,1,carrier_track,CBTU5441883,2026-09-14T01:03:49.313Z,2980,ok,,63,0,0.004
Q01697,9,1,get_shipment,SNDU6001115,2026-09-14T01:03:52.912Z,43,ok,,62,,0
Q01697,10,1,carrier_track,SNDU6001115,2026-09-14T01:03:53.970Z,1458,ok,,62,0,0.004
Q01697,11,1,get_shipment,KSTU7722368,2026-09-14T01:03:56.482Z,95,ok,,62,,0
Q01697,12,1,get_shipment,ORBU1486206,2026-09-14T01:03:57.286Z,42,ok,,63,,0
Q01697,13,1,carrier_track,ORBU1486206,2026-09-14T01:03:58.581Z,1718,ok,,63,0,0.004
Q01697,14,1,get_shipment,CBTU6776075,2026-09-14T01:04:01.364Z,59,ok,,63,,0
Q01697,15,1,get_shipment,ZNTU6771478,2026-09-14T01:04:02.314Z,45,ok,,64,,0
Q01697,16,1,carrier_track,ZNTU6771478,2026-09-14T01:04:03.504Z,2488,ok,,64,0,0.004
Q01697,17,1,get_shipment,ZNTU4344024,2026-09-14T01:04:07.472Z,70,ok,,62,,0
Q01697,18,1,carrier_track,ZNTU4344024,2026-09-14T01:04:08.845Z,1429,ok,,62,0,0.004
Q01697,19,1,get_shipment,KSTU8807342,2026-09-14T01:04:11.772Z,44,ok,,62,,0
Q01697,20,1,carrier_track,KSTU8807342,2026-09-14T01:04:12.828Z,1735,ok,,62,0,0.004
Q01697,21,1,get_shipment,CBTU2724228,2026-09-14T01:04:15.707Z,101,ok,,64,,0
Q01697,22,1,get_shipment,ORBU8686665,2026-09-14T01:04:16.877Z,36,ok,,63,,0
Q01697,23,1,carrier_track,ORBU8686665,2026-09-14T01:04:17.587Z,664,ok,,63,0,0.004
Q01697,24,1,get_shipment,KSTU1065976,2026-09-14T01:04:19.488Z,59,ok,,63,,0
Q01697,25,1,carrier_track,KSTU1065976,2026-09-14T01:04:20.377Z,5252,ok,,63,0,0.004
Q01698,1,1,list_shipments,status=in_transit,2026-09-14T01:03:42.068Z,117,ok,128,,,0
Q01698,2,1,get_shipment,ORBU6345416,2026-09-14T01:03:43.189Z,57,ok,,61,,0
Q01698,3,1,get_shipment,CBTU1905850,2026-09-14T01:03:44.061Z,66,ok,,61,,0
Q01698,4,1,get_shipment,SNDU7312081,2026-09-14T01:03:44.957Z,86,ok,,61,,0
Q01698,5,1,carrier_track,SNDU7312081,2026-09-14T01:03:46.085Z,1101,ok,,61,0,0.004
Q01698,6,1,get_shipment,CBTU5441883,2026-09-14T01:03:48.062Z,71,ok,,63,,0
Q01698,7,1,carrier_track,CBTU5441883,2026-09-14T01:03:48.939Z,1344,ok,,63,0,0.004
Q01698,8,1,get_shipment,SNDU6001115,2026-09-14T01:03:51.324Z,47,ok,,62,,0
Q01698,9,1,carrier_track,SNDU6001115,2026-09-14T01:03:52.408Z,1919,ok,,62,0,0.004
Q01698,10,1,get_shipment,KSTU7722368,2026-09-14T01:03:55.322Z,53,ok,,62,,0
Q01698,11,1,carrier_track,KSTU7722368,2026-09-14T01:03:56.254Z,2004,ok,,62,0,0.004
Q01698,12,1,get_shipment,ORBU1486206,2026-09-14T01:03:59.289Z,112,ok,,63,,0
Q01698,13,1,carrier_track,ORBU1486206,2026-09-14T01:04:00.258Z,2593,ok,,64,0,0.004
Q01698,14,1,get_shipment,CBTU6776075,2026-09-14T01:04:03.709Z,77,ok,,63,,0
Q01698,15,1,carrier_track,CBTU6776075,2026-09-14T01:04:04.999Z,1973,ok,,63,0,0.004
Q01698,16,1,get_shipment,ZNTU6771478,2026-09-14T01:04:08.236Z,43,ok,,64,,0
Q01698,17,1,get_shipment,ZNTU4344024,2026-09-14T01:04:09.409Z,53,ok,,62,,0
Q01698,18,1,carrier_track,ZNTU4344024,2026-09-14T01:04:10.701Z,1722,ok,,62,0,0.004
Q01698,19,1,get_shipment,KSTU8807342,2026-09-14T01:04:13.286Z,103,ok,,62,,0
Q01698,20,1,get_shipment,CBTU2724228,2026-09-14T01:04:14.228Z,60,ok,,64,,0
Q01698,21,1,carrier_track,CBTU2724228,2026-09-14T01:04:15.391Z,3733,ok,,64,0,0.004
Q01698,22,1,get_shipment,ORBU8686665,2026-09-14T01:04:19.961Z,58,ok,,63,,0
Q01698,23,1,carrier_track,ORBU8686665,2026-09-14T01:04:21.023Z,3068,ok,,63,0,0.004
Q01698,24,1,get_shipment,KSTU1065976,2026-09-14T01:04:25.156Z,52,ok,,63,,0
Q01698,25,1,get_shipment,SNDU9094788,2026-09-14T01:04:26.043Z,76,ok,,64,,0
Q01699,1,1,list_shipments,status=in_transit,2026-09-14T01:03:45.173Z,116,ok,128,,,0
Q01699,2,1,get_shipment,ORBU6345416,2026-09-14T01:03:46.185Z,88,ok,,61,,0
Q01699,3,1,get_shipment,CBTU1905850,2026-09-14T01:03:47.176Z,71,ok,,61,,0
Q01699,4,1,get_shipment,SNDU7312081,2026-09-14T01:03:48.362Z,89,ok,,61,,0
Q01699,5,1,carrier_track,SNDU7312081,2026-09-14T01:03:49.124Z,1540,ok,,61,0,0.004
Q01699,6,1,get_shipment,CBTU5441883,2026-09-14T01:03:51.534Z,44,ok,,63,,0
Q01699,7,1,carrier_track,CBTU5441883,2026-09-14T01:03:52.520Z,3266,ok,,63,0,0.004
Q01699,8,1,get_shipment,SNDU6001115,2026-09-14T01:03:56.905Z,47,ok,,62,,0
Q01699,9,1,carrier_track,SNDU6001115,2026-09-14T01:03:58.038Z,1805,ok,,62,0,0.004
Q01699,10,1,get_shipment,KSTU7722368,2026-09-14T01:04:00.534Z,41,ok,,63,,0
Q01699,11,1,carrier_track,KSTU7722368,2026-09-14T01:04:01.921Z,1946,ok,,63,0,0.004
Q01699,12,1,get_shipment,ORBU1486206,2026-09-14T01:04:04.904Z,33,ok,,64,,0
Q01699,13,1,carrier_track,ORBU1486206,2026-09-14T01:04:05.963Z,2778,ok,,64,0,0.004
Q01699,14,1,get_shipment,CBTU6776075,2026-09-14T01:04:09.521Z,43,ok,,63,,0
Q01699,15,1,get_shipment,ZNTU6771478,2026-09-14T01:04:10.186Z,91,ok,,64,,0
Q01699,16,1,carrier_track,ZNTU6771478,2026-09-14T01:04:11.227Z,2805,ok,,64,0,0.004
Q01699,17,1,get_shipment,ZNTU4344024,2026-09-14T01:04:15.112Z,84,ok,,62,,0
Q01699,18,1,carrier_track,ZNTU4344024,2026-09-14T01:04:16.584Z,3253,ok,,62,0,0.004
Q01699,19,1,get_shipment,KSTU8807342,2026-09-14T01:04:20.418Z,63,ok,,62,,0
Q01699,20,1,carrier_track,KSTU8807342,2026-09-14T01:04:21.818Z,1902,ok,,62,0,0.004
Q01699,21,1,get_shipment,CBTU2724228,2026-09-14T01:04:24.458Z,37,ok,,64,,0
Q01699,22,1,carrier_track,CBTU2724228,2026-09-14T01:04:25.716Z,1539,ok,,64,0,0.004
Q01699,23,1,get_shipment,ORBU8686665,2026-09-14T01:04:28.415Z,48,ok,,63,,0
Q01699,24,1,carrier_track,ORBU8686665,2026-09-14T01:04:29.379Z,2959,ok,,63,0,0.004
Q01699,25,1,get_shipment,KSTU1065976,2026-09-14T01:04:33.304Z,48,ok,,63,,0
Q01700,1,1,list_shipments,status=in_transit,2026-09-14T01:03:52.044Z,70,ok,128,,,0
Q01700,2,1,get_shipment,ORBU6345416,2026-09-14T01:03:53.166Z,68,ok,,61,,0
Q01700,3,1,carrier_track,ORBU6345416,2026-09-14T01:03:53.828Z,2399,ok,,61,0,0.004
Q01700,4,1,get_shipment,CBTU1905850,2026-09-14T01:03:57.304Z,46,ok,,61,,0
Q01700,5,1,get_shipment,SNDU7312081,2026-09-14T01:03:58.523Z,82,ok,,61,,0
Q01700,6,1,carrier_track,SNDU7312081,2026-09-14T01:03:59.226Z,2217,ok,,61,0,0.004
Q01700,7,1,get_shipment,CBTU5441883,2026-09-14T01:04:02.230Z,68,ok,,64,,0
Q01700,8,1,carrier_track,CBTU5441883,2026-09-14T01:04:03.426Z,2378,ok,,64,0,0.004
Q01700,9,1,get_shipment,SNDU6001115,2026-09-14T01:04:06.667Z,90,ok,,63,,0
Q01700,10,1,get_shipment,KSTU7722368,2026-09-14T01:04:08.009Z,61,ok,,63,,0
Q01700,11,1,carrier_track,KSTU7722368,2026-09-14T01:04:08.981Z,2361,ok,,63,0,0.004
Q01700,12,1,get_shipment,ORBU1486206,2026-09-14T01:04:12.186Z,58,ok,,64,,0
Q01700,13,1,get_shipment,CBTU6776075,2026-09-14T01:04:12.943Z,72,ok,,63,,0
Q01700,14,1,carrier_track,CBTU6776075,2026-09-14T01:04:14.128Z,2073,ok,,63,0,0.004
Q01700,15,1,get_shipment,ZNTU6771478,2026-09-14T01:04:17.194Z,59,ok,,64,,0
Q01700,16,1,carrier_track,ZNTU6771478,2026-09-14T01:04:18.200Z,3914,ok,,64,0,0.004
Q01700,17,1,get_shipment,ZNTU4344024,2026-09-14T01:04:23.220Z,51,ok,,62,,0
Q01700,18,1,carrier_track,ZNTU4344024,2026-09-14T01:04:24.220Z,1571,ok,,62,0,0.004
Q01700,19,1,get_shipment,KSTU8807342,2026-09-14T01:04:27.085Z,60,ok,,62,,0
Q01700,20,1,get_shipment,CBTU2724228,2026-09-14T01:04:28.156Z,53,ok,,64,,0
Q01700,21,1,get_shipment,ORBU8686665,2026-09-14T01:04:29.036Z,54,ok,,63,,0
Q01700,22,1,carrier_track,ORBU8686665,2026-09-14T01:04:30.480Z,2963,ok,,63,0,0.004
Q01700,23,1,get_shipment,KSTU1065976,2026-09-14T01:04:34.320Z,82,ok,,63,,0
Q01700,24,1,carrier_track,KSTU1065976,2026-09-14T01:04:35.972Z,2505,ok,,63,0,0.004
Q01700,25,1,get_shipment,SNDU9094788,2026-09-14T01:04:39.817Z,109,ok,,64,,0
Q01701,1,1,list_shipments,status=in_transit,2026-09-14T01:03:57.968Z,93,ok,128,,,0
Q01701,2,1,get_shipment,ORBU6345416,2026-09-14T01:03:59.081Z,90,ok,,61,,0
Q01701,3,1,get_shipment,CBTU1905850,2026-09-14T01:03:59.758Z,98,ok,,61,,0
Q01701,4,1,get_shipment,SNDU7312081,2026-09-14T01:04:00.534Z,71,ok,,62,,0
Q01701,5,1,carrier_track,SNDU7312081,2026-09-14T01:04:01.965Z,3083,ok,,62,0,0.004
Q01701,6,1,get_shipment,CBTU5441883,2026-09-14T01:04:06.078Z,82,ok,,64,,0
Q01701,7,1,carrier_track,CBTU5441883,2026-09-14T01:04:07.046Z,2802,ok,,64,0,0.004
Q01701,8,1,get_shipment,SNDU6001115,2026-09-14T01:04:11.044Z,83,ok,,63,,0
Q01701,9,1,carrier_track,SNDU6001115,2026-09-14T01:04:12.096Z,2261,ok,,63,0,0.004
Q01701,10,1,get_shipment,KSTU7722368,2026-09-14T01:04:15.283Z,107,ok,,63,,0
Q01701,11,1,get_shipment,ORBU1486206,2026-09-14T01:04:16.497Z,42,ok,,64,,0
Q01701,12,1,carrier_track,ORBU1486206,2026-09-14T01:04:17.586Z,2172,ok,,64,0,0.004
Q01701,13,1,get_shipment,CBTU6776075,2026-09-14T01:04:20.668Z,51,ok,,63,,0
Q01701,14,1,carrier_track,CBTU6776075,2026-09-14T01:04:21.556Z,1990,ok,,63,0,0.004
Q01701,15,1,get_shipment,ZNTU6771478,2026-09-14T01:04:24.469Z,33,ok,,64,,0
Q01701,16,1,get_shipment,ZNTU4344024,2026-09-14T01:04:25.534Z,72,ok,,62,,0
Q01701,17,1,carrier_track,ZNTU4344024,2026-09-14T01:04:26.599Z,2161,ok,,62,0,0.004
Q01701,18,1,get_shipment,KSTU8807342,2026-09-14T01:04:30.207Z,43,ok,,62,,0
Q01701,19,1,carrier_track,KSTU8807342,2026-09-14T01:04:31.171Z,1710,ok,,62,0,0.004
Q01701,20,1,get_shipment,CBTU2724228,2026-09-14T01:04:33.991Z,34,ok,,64,,0
Q01701,21,1,get_shipment,ORBU8686665,2026-09-14T01:04:34.843Z,80,ok,,63,,0
Q01701,22,1,carrier_track,ORBU8686665,2026-09-14T01:04:35.491Z,2104,ok,,63,0,0.004
Q01701,23,1,get_shipment,KSTU1065976,2026-09-14T01:04:38.367Z,39,ok,,63,,0
Q01701,24,1,get_shipment,SNDU9094788,2026-09-14T01:04:39.201Z,42,ok,,64,,0
Q01701,25,1,carrier_track,SNDU9094788,2026-09-14T01:04:40.366Z,3147,ok,,64,0,0.004
Q01702,1,1,list_shipments,status=in_transit,2026-09-14T01:04:04.617Z,101,ok,128,,,0
Q01702,2,1,get_shipment,ORBU6345416,2026-09-14T01:04:05.646Z,84,ok,,62,,0
Q01702,3,1,get_shipment,CBTU1905850,2026-09-14T01:04:06.688Z,58,ok,,62,,0
Q01702,4,1,get_shipment,SNDU7312081,2026-09-14T01:04:07.685Z,73,ok,,62,,0
Q01702,5,1,get_shipment,CBTU5441883,2026-09-14T01:04:08.636Z,39,ok,,64,,0
Q01702,6,1,get_shipment,SNDU6001115,2026-09-14T01:04:09.706Z,69,ok,,63,,0
Q01702,7,1,get_shipment,KSTU7722368,2026-09-14T01:04:10.624Z,65,ok,,63,,0
Q01702,8,1,get_shipment,ORBU1486206,2026-09-14T01:04:11.572Z,57,ok,,64,,0
Q01702,9,1,carrier_track,ORBU1486206,2026-09-14T01:04:12.522Z,1559,ok,,64,0,0.004
Q01702,10,1,get_shipment,CBTU6776075,2026-09-14T01:04:15.047Z,61,ok,,63,,0
Q01702,11,1,get_shipment,ZNTU6771478,2026-09-14T01:04:15.858Z,72,ok,,64,,0
Q01702,12,1,get_shipment,ZNTU4344024,2026-09-14T01:04:16.650Z,46,ok,,62,,0
Q01702,13,1,carrier_track,ZNTU4344024,2026-09-14T01:04:18.086Z,2018,ok,,62,0,0.004
Q01702,14,1,get_shipment,KSTU8807342,2026-09-14T01:04:21.018Z,47,ok,,62,,0
Q01702,15,1,get_shipment,CBTU2724228,2026-09-14T01:04:21.936Z,47,ok,,64,,0
Q01702,16,1,get_shipment,ORBU8686665,2026-09-14T01:04:22.577Z,36,ok,,63,,0
Q01702,17,1,carrier_track,ORBU8686665,2026-09-14T01:04:23.485Z,2352,ok,,63,0,0.004
Q01702,18,1,get_shipment,KSTU1065976,2026-09-14T01:04:27.363Z,83,ok,,63,,0
Q01702,19,1,get_shipment,SNDU9094788,2026-09-14T01:04:28.780Z,74,ok,,64,,0
Q01702,20,1,carrier_track,SNDU9094788,2026-09-14T01:04:29.744Z,2369,ok,,64,1,0.004
Q01702,21,1,get_shipment,SNDU1467509,2026-09-14T01:04:32.900Z,63,ok,,63,,0
Q01702,22,1,carrier_track,SNDU1467509,2026-09-14T01:04:34.118Z,3705,ok,,63,0,0.004
Q01702,23,1,get_shipment,SNDU9481774,2026-09-14T01:04:38.823Z,51,ok,,63,,0
Q01702,24,1,carrier_track,SNDU9481774,2026-09-14T01:04:39.786Z,1342,ok,,63,0,0.004
Q01702,25,1,get_shipment,SNDU9947044,2026-09-14T01:04:42.065Z,64,ok,,62,,0
Q01703,1,1,list_shipments,status=in_transit,2026-09-14T01:04:06.274Z,116,ok,128,,,0
Q01703,2,1,get_shipment,ORBU6345416,2026-09-14T01:04:07.201Z,59,ok,,62,,0
Q01703,3,1,carrier_track,ORBU6345416,2026-09-14T01:04:07.957Z,3236,ok,,62,0,0.004
Q01703,4,1,get_shipment,CBTU1905850,2026-09-14T01:04:12.039Z,104,ok,,62,,0
Q01703,5,1,carrier_track,CBTU1905850,2026-09-14T01:04:12.914Z,2301,ok,,62,0,0.004
Q01703,6,1,get_shipment,SNDU7312081,2026-09-14T01:04:16.006Z,42,ok,,62,,0
Q01703,7,1,get_shipment,CBTU5441883,2026-09-14T01:04:17.011Z,65,ok,,64,,0
Q01703,8,1,carrier_track,CBTU5441883,2026-09-14T01:04:17.781Z,1904,ok,,64,0,0.004
Q01703,9,1,get_shipment,SNDU6001115,2026-09-14T01:04:20.537Z,65,ok,,63,,0
Q01703,10,1,carrier_track,SNDU6001115,2026-09-14T01:04:21.610Z,3499,ok,,63,0,0.004
Q01703,11,1,get_shipment,KSTU7722368,2026-09-14T01:04:25.872Z,39,ok,,63,,0
Q01703,12,1,get_shipment,ORBU1486206,2026-09-14T01:04:26.611Z,75,ok,,64,,0
Q01703,13,1,carrier_track,ORBU1486206,2026-09-14T01:04:27.665Z,1776,ok,,64,0,0.004
Q01703,14,1,get_shipment,CBTU6776075,2026-09-14T01:04:30.504Z,87,ok,,63,,0
Q01703,15,1,carrier_track,CBTU6776075,2026-09-14T01:04:31.646Z,1736,ok,,63,0,0.004
Q01703,16,1,get_shipment,ZNTU6771478,2026-09-14T01:04:34.190Z,61,ok,,64,,0
Q01703,17,1,carrier_track,ZNTU6771478,2026-09-14T01:04:35.317Z,1634,ok,,64,0,0.004
Q01703,18,1,get_shipment,ZNTU4344024,2026-09-14T01:04:38.147Z,58,ok,,62,,0
Q01703,19,1,carrier_track,ZNTU4344024,2026-09-14T01:04:39.390Z,2743,ok,,62,0,0.004
Q01703,20,1,get_shipment,KSTU8807342,2026-09-14T01:04:42.863Z,60,ok,,62,,0
Q01703,21,1,get_shipment,CBTU2724228,2026-09-14T01:04:44.394Z,75,ok,,64,,0
Q01703,22,1,carrier_track,CBTU2724228,2026-09-14T01:04:45.311Z,64,429,,,,0
Q01703,22,2,carrier_track,CBTU2724228,2026-09-14T01:04:45.675Z,96,429,,,,0
Q01703,22,3,carrier_track,CBTU2724228,2026-09-14T01:04:46.071Z,85,429,,,,0
Q01703,23,1,get_shipment,ORBU8686665,2026-09-14T01:04:47.134Z,78,ok,,63,,0
Q01703,24,1,carrier_track,ORBU8686665,2026-09-14T01:04:48.021Z,89,429,,,,0
Q01703,24,2,carrier_track,ORBU8686665,2026-09-14T01:04:48.410Z,94,429,,,,0
Q01703,24,3,carrier_track,ORBU8686665,2026-09-14T01:04:48.804Z,74,429,,,,0
Q01703,25,1,get_shipment,KSTU1065976,2026-09-14T01:04:50.274Z,83,ok,,63,,0
Q01704,1,1,list_shipments,status=in_transit,2026-09-14T01:04:11.163Z,177,ok,128,,,0
Q01704,2,1,get_shipment,ORBU6345416,2026-09-14T01:04:12.006Z,90,ok,,62,,0
Q01704,3,1,get_shipment,CBTU1905850,2026-09-14T01:04:12.619Z,55,ok,,62,,0
Q01704,4,1,carrier_track,CBTU1905850,2026-09-14T01:04:13.332Z,3206,ok,,62,0,0.004
Q01704,5,1,get_shipment,SNDU7312081,2026-09-14T01:04:17.132Z,66,ok,,62,,0
Q01704,6,1,carrier_track,SNDU7312081,2026-09-14T01:04:18.092Z,2078,ok,,62,0,0.004
Q01704,7,1,get_shipment,CBTU5441883,2026-09-14T01:04:21.479Z,75,ok,,64,,0
Q01704,8,1,carrier_track,CBTU5441883,2026-09-14T01:04:22.244Z,1614,ok,,64,0,0.004
Q01704,9,1,get_shipment,SNDU6001115,2026-09-14T01:04:24.636Z,60,ok,,63,,0
Q01704,10,1,get_shipment,KSTU7722368,2026-09-14T01:04:25.482Z,50,ok,,63,,0
Q01704,11,1,carrier_track,KSTU7722368,2026-09-14T01:04:26.466Z,3578,ok,,63,0,0.004
Q01704,12,1,get_shipment,ORBU1486206,2026-09-14T01:04:31.027Z,38,ok,,64,,0
Q01704,13,1,carrier_track,ORBU1486206,2026-09-14T01:04:31.948Z,1089,ok,,64,0,0.004
Q01704,14,1,get_shipment,CBTU6776075,2026-09-14T01:04:33.896Z,107,ok,,63,,0
Q01704,15,1,carrier_track,CBTU6776075,2026-09-14T01:04:34.626Z,1684,ok,,63,0,0.004
Q01704,16,1,get_shipment,ZNTU6771478,2026-09-14T01:04:37.434Z,56,ok,,64,,0
Q01704,17,1,get_shipment,ZNTU4344024,2026-09-14T01:04:38.096Z,77,ok,,62,,0
Q01704,18,1,carrier_track,ZNTU4344024,2026-09-14T01:04:38.859Z,2984,ok,,62,0,0.004
Q01704,19,1,get_shipment,KSTU8807342,2026-09-14T01:04:42.872Z,92,ok,,62,,0
Q01704,20,1,get_shipment,CBTU2724228,2026-09-14T01:04:43.836Z,112,ok,,64,,0
Q01704,21,1,carrier_track,CBTU2724228,2026-09-14T01:04:45.032Z,84,429,,,,0
Q01704,21,2,carrier_track,CBTU2724228,2026-09-14T01:04:45.416Z,99,429,,,,0
Q01704,21,3,carrier_track,CBTU2724228,2026-09-14T01:04:45.815Z,69,429,,,,0
Q01704,22,1,get_shipment,ORBU8686665,2026-09-14T01:04:47.078Z,57,ok,,63,,0
Q01704,23,1,carrier_track,ORBU8686665,2026-09-14T01:04:47.893Z,76,429,,,,0
Q01704,23,2,carrier_track,ORBU8686665,2026-09-14T01:04:48.269Z,80,429,,,,0
Q01704,23,3,carrier_track,ORBU8686665,2026-09-14T01:04:48.649Z,81,429,,,,0
Q01704,24,1,get_shipment,KSTU1065976,2026-09-14T01:04:50.187Z,59,ok,,63,,0
Q01704,25,1,get_shipment,SNDU9094788,2026-09-14T01:04:51.367Z,104,ok,,64,,0
Q01705,1,1,list_shipments,status=in_transit,2026-09-14T01:04:17.335Z,72,ok,128,,,0
Q01705,2,1,get_shipment,ORBU6345416,2026-09-14T01:04:18.055Z,64,ok,,62,,0
Q01705,3,1,get_shipment,CBTU1905850,2026-09-14T01:04:19.382Z,89,ok,,62,,0
Q01705,4,1,get_shipment,SNDU7312081,2026-09-14T01:04:20.529Z,70,ok,,62,,0
Q01705,5,1,carrier_track,SNDU7312081,2026-09-14T01:04:21.205Z,2248,ok,,62,0,0.004
Q01705,6,1,get_shipment,CBTU5441883,2026-09-14T01:04:24.109Z,69,ok,,64,,0
Q01705,7,1,get_shipment,SNDU6001115,2026-09-14T01:04:24.948Z,46,ok,,63,,0
Q01705,8,1,carrier_track,SNDU6001115,2026-09-14T01:04:25.622Z,1251,ok,,63,0,0.004
Q01705,9,1,get_shipment,KSTU7722368,2026-09-14T01:04:27.841Z,60,ok,,63,,0
Q01705,10,1,carrier_track,KSTU7722368,2026-09-14T01:04:29.417Z,2577,ok,,63,1,0.004
Q01705,11,1,get_shipment,ORBU1486206,2026-09-14T01:04:32.810Z,81,ok,,64,,0
Q01705,12,1,get_shipment,CBTU6776075,2026-09-14T01:04:33.815Z,80,ok,,63,,0
Q01705,13,1,get_shipment,ZNTU6771478,2026-09-14T01:04:34.929Z,78,ok,,64,,0
Q01705,14,1,get_shipment,ZNTU4344024,2026-09-14T01:04:36.196Z,39,ok,,62,,0
Q01705,15,1,carrier_track,ZNTU4344024,2026-09-14T01:04:37.219Z,2075,ok,,62,0,0.004
Q01705,16,1,get_shipment,KSTU8807342,2026-09-14T01:04:40.202Z,60,ok,,62,,0
Q01705,17,1,get_shipment,CBTU2724228,2026-09-14T01:04:41.300Z,44,ok,,64,,0
Q01705,18,1,carrier_track,CBTU2724228,2026-09-14T01:04:42.307Z,84,429,,,,0
Q01705,18,2,carrier_track,CBTU2724228,2026-09-14T01:04:42.691Z,66,429,,,,0
Q01705,18,3,carrier_track,CBTU2724228,2026-09-14T01:04:43.057Z,87,429,,,,0
Q01705,19,1,get_shipment,ORBU8686665,2026-09-14T01:04:44.483Z,89,ok,,63,,0
Q01705,20,1,get_shipment,KSTU1065976,2026-09-14T01:04:45.562Z,53,ok,,63,,0
Q01705,21,1,carrier_track,KSTU1065976,2026-09-14T01:04:46.568Z,65,429,,,,0
Q01705,21,2,carrier_track,KSTU1065976,2026-09-14T01:04:46.933Z,86,429,,,,0
Q01705,21,3,carrier_track,KSTU1065976,2026-09-14T01:04:47.319Z,85,429,,,,0
Q01705,22,1,get_shipment,SNDU9094788,2026-09-14T01:04:48.866Z,64,ok,,64,,0
Q01705,23,1,get_shipment,SNDU1467509,2026-09-14T01:04:49.950Z,60,ok,,63,,0
Q01705,24,1,carrier_track,SNDU1467509,2026-09-14T01:04:50.857Z,70,429,,,,0
Q01705,24,2,carrier_track,SNDU1467509,2026-09-14T01:04:51.227Z,61,429,,,,0
Q01705,24,3,carrier_track,SNDU1467509,2026-09-14T01:04:51.587Z,89,429,,,,0
Q01705,25,1,get_shipment,SNDU9481774,2026-09-14T01:04:53.002Z,36,ok,,63,,0
Q01706,1,1,list_shipments,status=at_origin,2026-09-14T01:04:24.178Z,120,ok,19,,,0
Q01706,2,1,get_shipment,KSTU9097578,2026-09-14T01:04:25.531Z,55,ok,,64,,0
Q01706,3,1,get_shipment,ORBU2455421,2026-09-14T01:04:26.409Z,71,ok,,63,,0
Q01706,4,1,carrier_track,ORBU2455421,2026-09-14T01:04:27.298Z,2071,ok,,63,0,0.004
Q01706,5,1,get_shipment,SNDU5956897,2026-09-14T01:04:30.494Z,74,ok,,64,,0
Q01706,6,1,carrier_track,SNDU5956897,2026-09-14T01:04:31.645Z,3927,ok,,64,0,0.004
Q01706,7,1,get_shipment,SNDU8965161,2026-09-14T01:04:36.628Z,96,ok,,62,,0
Q01706,8,1,get_shipment,CBTU3344092,2026-09-14T01:04:37.566Z,83,ok,,64,,0
Q01706,9,1,get_shipment,ORBU5101131,2026-09-14T01:04:38.697Z,87,ok,,63,,0
Q01706,10,1,get_shipment,SNDU4342860,2026-09-14T01:04:39.728Z,113,ok,,64,,0
Q01706,11,1,get_shipment,QVRU4442996,2026-09-14T01:04:41.072Z,43,ok,,64,,0
Q01706,12,1,get_shipment,ZNTU3075480,2026-09-14T01:04:41.977Z,54,ok,,63,,0
Q01706,13,1,carrier_track,ZNTU3075480,2026-09-14T01:04:42.953Z,72,429,,,,0
Q01706,13,2,carrier_track,ZNTU3075480,2026-09-14T01:04:43.325Z,82,429,,,,0
Q01706,13,3,carrier_track,ZNTU3075480,2026-09-14T01:04:43.707Z,95,429,,,,0
Q01706,14,1,get_shipment,ORBU6160600,2026-09-14T01:04:45.229Z,79,ok,,62,,0
Q01706,15,1,carrier_track,ORBU6160600,2026-09-14T01:04:46.398Z,61,429,,,,0
Q01706,15,2,carrier_track,ORBU6160600,2026-09-14T01:04:46.760Z,90,429,,,,0
Q01706,15,3,carrier_track,ORBU6160600,2026-09-14T01:04:47.150Z,99,429,,,,0
Q01706,16,1,get_shipment,ORBU3124840,2026-09-14T01:04:48.570Z,37,ok,,63,,0
Q01706,17,1,get_shipment,QVRU4249869,2026-09-14T01:04:49.829Z,34,ok,,64,,0
Q01706,18,1,carrier_track,QVRU4249869,2026-09-14T01:04:50.871Z,63,429,,,,0
Q01706,18,2,carrier_track,QVRU4249869,2026-09-14T01:04:51.234Z,84,429,,,,0
Q01706,18,3,carrier_track,QVRU4249869,2026-09-14T01:04:51.618Z,92,429,,,,0
Q01706,19,1,get_shipment,KSTU3260708,2026-09-14T01:04:52.760Z,46,ok,,64,,0
Q01706,20,1,carrier_track,KSTU3260708,2026-09-14T01:04:53.544Z,77,429,,,,0
Q01706,20,2,carrier_track,KSTU3260708,2026-09-14T01:04:53.921Z,73,429,,,,0
Q01706,20,3,carrier_track,KSTU3260708,2026-09-14T01:04:54.294Z,63,429,,,,0
Q01706,21,1,get_shipment,SNDU8444960,2026-09-14T01:04:55.648Z,86,ok,,64,,0
Q01706,22,1,get_shipment,ZNTU3942584,2026-09-14T01:04:57.431Z,74,ok,,62,,0
Q01706,23,1,get_shipment,QVRU9225729,2026-09-14T01:04:58.352Z,32,ok,,64,,0
Q01706,24,1,get_shipment,KSTU4962997,2026-09-14T01:04:59.325Z,56,ok,,62,,0
Q01706,25,1,get_shipment,CBTU4732128,2026-09-14T01:05:00.250Z,45,ok,,65,,0
Q01716,1,1,get_shipment,ORBU9666030,2026-09-14T01:06:10.582Z,77,ok,,66,,0
Q01717,1,1,get_shipment,CBTU2467498,2026-09-14T01:09:58.680Z,77,ok,,68,,0
Q01717,2,1,carrier_track,CBTU2467498,2026-09-14T01:09:59.518Z,2409,ok,,68,0,0.004
Q01718,1,1,search_docs,BK875813,2026-09-14T01:16:59.074Z,438,ok,,,,0
Q01719,1,1,search_docs,BK451621,2026-09-14T01:18:19.363Z,552,ok,,,,0
Q01720,1,1,get_shipment,KSTU9535313,2026-09-14T01:19:09.541Z,59,ok,,79,,0
Q01720,2,1,carrier_track,KSTU9535313,2026-09-14T01:19:10.145Z,1513,ok,,79,0,0.004
Q01721,1,1,get_shipment,CBTU8046697,2026-09-14T01:19:17.287Z,70,ok,,78,,0
Q01721,2,1,carrier_track,CBTU8046697,2026-09-14T01:19:17.984Z,1194,ok,,78,0,0.004
Q01722,1,1,get_shipment,SNDU4326756,2026-09-14T01:19:38.763Z,87,ok,,77,,0
Q01722,2,1,carrier_track,SNDU4326756,2026-09-14T01:19:39.897Z,1989,ok,,77,0,0.004
Q01723,1,1,get_shipment,SNDU4059205,2026-09-14T01:25:08.582Z,70,ok,,83,,0
Q01723,2,1,carrier_track,SNDU4059205,2026-09-14T01:25:09.315Z,1060,ok,,83,0,0.004
Q01724,1,1,get_shipment,CBTU6117141,2026-09-14T02:03:05.355Z,64,ok,,121,,0
Q01724,2,1,carrier_track,CBTU6117141,2026-09-14T02:03:06.212Z,1989,ok,,121,0,0.004
Q01725,1,1,get_shipment,QVRU7892111,2026-09-14T02:11:42.132Z,75,ok,,131,,0
Q01725,2,1,carrier_track,QVRU7892111,2026-09-14T02:11:42.970Z,2706,ok,,131,0,0.004
Q01727,1,1,get_shipment,KSTU3670703,2026-09-14T02:24:04.737Z,31,ok,,143,,0
Q01728,1,1,get_shipment,BK692659,2026-09-14T02:35:07.819Z,43,ok,,155,,0
Q01730,1,1,get_shipment,ZNTU6302909,2026-09-14T02:52:29.802Z,75,ok,,171,,0
Q01731,1,1,search_docs,BK938487,2026-09-14T03:14:17.839Z,663,ok,,,,0
Q01732,1,1,get_shipment,ZNTU9156086,2026-09-14T03:22:25.584Z,51,ok,,201,,0
Q01732,2,1,carrier_track,ZNTU9156086,2026-09-14T03:22:26.441Z,2564,ok,,201,0,0.004
Q01733,1,1,search_docs,BK975221,2026-09-14T03:25:38.764Z,408,ok,,,,0
Q01733,2,1,search_docs,BK975221,2026-09-14T03:25:39.959Z,302,ok,,,,0
Q01735,1,1,get_shipment,ORBU4199138,2026-09-14T03:50:59.720Z,53,ok,,229,,0
Q01738,1,1,get_shipment,ZNTU5433208,2026-09-14T04:52:02.937Z,50,ok,,51,,0
Q01738,2,1,carrier_track,ZNTU5433208,2026-09-14T04:52:03.835Z,2859,ok,,51,1,0.004
Q01739,1,1,search_docs,BK332199,2026-09-14T05:20:27.829Z,427,ok,,,,0
Q01740,1,1,get_shipment,SNDU5956897,2026-09-14T05:25:33.139Z,66,ok,,85,,0
Q01740,2,1,carrier_track,SNDU5956897,2026-09-14T05:25:34.188Z,1222,ok,,85,0,0.004
Q01741,1,1,get_shipment,BK965489,2026-09-14T05:37:01.531Z,44,ok,,96,,0
Q01741,2,1,carrier_track,SNDU2826877,2026-09-14T05:37:02.254Z,3032,ok,,96,0,0.004
Q01742,1,1,search_docs,BK375509,2026-09-14T05:49:38.811Z,562,ok,,,,0
Q01743,1,1,get_shipment,SNDU1269773,2026-09-14T05:52:09.512Z,32,ok,,110,,0
Q01743,2,1,carrier_track,SNDU1269773,2026-09-14T05:52:10.426Z,2028,ok,,110,0,0.004
Q01744,1,1,get_shipment,ZNTU6302909,2026-09-14T06:06:59.118Z,67,ok,,125,,0
Q01744,2,1,carrier_track,ZNTU6302909,2026-09-14T06:07:00.095Z,1473,ok,,126,0,0.004
Q01746,1,1,get_shipment,BK638750,2026-09-14T06:17:51.777Z,43,ok,,135,,0
Q01747,1,1,get_shipment,SNDU9217889,2026-09-14T06:18:47.244Z,40,ok,,136,,0
Q01747,2,1,carrier_track,SNDU9217889,2026-09-14T06:18:48.565Z,2673,ok,,136,0,0.004
Q01748,1,1,get_shipment,SNDU4342860,2026-09-14T06:20:03.984Z,38,ok,,140,,0
Q01748,2,1,carrier_track,SNDU4342860,2026-09-14T06:20:04.977Z,2084,ok,,140,0,0.004
Q01749,1,1,get_shipment,CBTU8950025,2026-09-14T06:26:29.180Z,52,ok,,146,,0
Q01750,1,1,get_shipment,ZNTU4284050,2026-09-14T06:53:23.743Z,65,ok,,173,,0
Q01751,1,1,get_shipment,QVRU9513238,2026-09-14T07:09:43.556Z,52,ok,,187,,0
Q01752,1,1,get_shipment,BK882396,2026-09-14T07:22:32.992Z,68,ok,,201,,0
Q01754,1,1,get_shipment,CBTU4857765,2026-09-14T07:44:17.748Z,124,ok,,223,,0
Q01754,2,1,carrier_track,CBTU4857765,2026-09-14T07:44:18.843Z,2461,ok,,223,0,0.004
Q01755,1,1,get_shipment,CBTU9916148,2026-09-14T07:54:51.278Z,81,ok,,233,,0
Q01755,2,1,carrier_track,CBTU9916148,2026-09-14T07:54:52.193Z,1253,ok,,233,0,0.004
Q01756,1,1,get_shipment,KSTU3671211,2026-09-14T08:03:45.703Z,38,ok,,1,,0
Q01757,1,1,search_docs,BK481272,2026-09-14T08:22:47.934Z,402,ok,,,,0
Q01758,1,1,get_shipment,ORBU6645798,2026-09-14T08:42:19.139Z,44,ok,,41,,0
Q01758,2,1,carrier_track,ORBU6645798,2026-09-14T08:42:20.104Z,1303,ok,,41,0,0.004
Q01759,1,1,get_shipment,QVRU3185584,2026-09-14T08:53:57.919Z,73,ok,,51,,0
Q01759,2,1,carrier_track,QVRU3185584,2026-09-14T08:53:59.059Z,1551,ok,,51,0,0.004
Q01761,1,1,search_docs,BK176672,2026-09-14T09:56:13.813Z,304,ok,,,,0
Q01761,2,1,get_shipment,BK176672,2026-09-14T09:56:14.966Z,84,ok,,116,,0
Q01762,1,1,search_docs,BK812608,2026-09-14T10:06:50.527Z,385,ok,,,,0
Q01763,1,1,get_shipment,BK226782,2026-09-15T01:05:01.026Z,58,ok,,64,,0
Q01763,2,1,carrier_track,ZNTU6302909,2026-09-15T01:05:01.973Z,1655,ok,,64,0,0.004
Q01764,1,1,get_shipment,BK129294,2026-09-15T01:09:21.132Z,104,ok,,69,,0
Q01765,1,1,get_shipment,KSTU8582626,2026-09-15T01:11:37.270Z,44,ok,,70,,0
Q01765,2,1,carrier_track,KSTU8582626,2026-09-15T01:11:38.125Z,2278,ok,,70,0,0.004
Q01766,1,1,list_shipments,status=in_transit,2026-09-15T01:16:37.109Z,148,ok,5,,,0
Q01766,2,1,get_shipment,ORBU3428539,2026-09-15T01:16:37.789Z,92,ok,,74,,0
Q01766,3,1,get_shipment,CBTU8201531,2026-09-15T01:16:38.645Z,92,ok,,74,,0
Q01766,4,1,carrier_track,CBTU8201531,2026-09-15T01:16:39.359Z,2619,ok,,74,0,0.004
Q01766,5,1,get_shipment,SNDU1269773,2026-09-15T01:16:42.803Z,55,ok,,74,,0
Q01766,6,1,get_shipment,CBTU8950025,2026-09-15T01:16:43.939Z,118,ok,,76,,0
Q01766,7,1,carrier_track,CBTU8950025,2026-09-15T01:16:44.596Z,1686,ok,,76,0,0.004
Q01766,8,1,get_shipment,CBTU4442978,2026-09-15T01:16:47.430Z,61,ok,,75,,0
Q01766,9,1,carrier_track,CBTU4442978,2026-09-15T01:16:48.224Z,2040,ok,,75,0,0.004
Q01767,1,1,get_shipment,KSTU3708950,2026-09-15T01:19:33.926Z,64,ok,,78,,0
Q01768,1,1,get_shipment,CBTU2467498,2026-09-15T01:21:45.066Z,54,ok,,80,,0
Q01768,2,1,carrier_track,CBTU2467498,2026-09-15T01:21:46.059Z,2099,ok,,80,0,0.004
Q01769,1,1,get_shipment,SNDU9339547,2026-09-15T01:22:07.136Z,73,ok,,81,,0
Q01769,2,1,carrier_track,SNDU9339547,2026-09-15T01:22:08.049Z,2450,ok,,81,0,0.004
Q01770,1,1,get_shipment,SNDU6530860,2026-09-15T01:27:32.964Z,34,ok,,87,,0
Q01770,2,1,carrier_track,SNDU6530860,2026-09-15T01:27:34.173Z,3466,ok,,87,0,0.004
Q01771,1,1,get_shipment,CBTU7535001,2026-09-15T01:27:35.831Z,106,ok,,87,,0
Q01771,2,1,carrier_track,CBTU7535001,2026-09-15T01:27:36.528Z,947,ok,,87,0,0.004
Q01772,1,1,get_shipment,ORBU1486206,2026-09-15T01:28:54.393Z,75,ok,,88,,0
Q01772,2,1,carrier_track,ORBU1486206,2026-09-15T01:28:55.216Z,2947,ok,,88,0,0.004
Q01773,1,1,get_shipment,SNDU7867663,2026-09-15T01:29:07.281Z,45,ok,,89,,0
Q01773,2,1,carrier_track,SNDU7867663,2026-09-15T01:29:08.264Z,2995,ok,,89,0,0.004
Q01774,1,1,get_shipment,SNDU6530860,2026-09-15T01:44:26.907Z,74,ok,,104,,0
Q01774,2,1,carrier_track,SNDU6530860,2026-09-15T01:44:27.932Z,2541,ok,,104,0,0.004
Q01775,1,1,search_docs,BK854526,2026-09-15T01:47:53.033Z,339,ok,,,,0
Q01776,1,1,get_shipment,ZNTU3342033,2026-09-15T01:48:59.905Z,81,ok,,107,,0
Q01776,2,1,carrier_track,ZNTU3342033,2026-09-15T01:49:01.418Z,3102,ok,,108,0,0.004
Q01777,1,1,get_shipment,ZNTU9117398,2026-09-15T01:58:17.888Z,70,ok,,117,,0
Q01778,1,1,search_docs,BK176672,2026-09-15T02:06:27.554Z,408,ok,,,,0
Q01780,1,1,list_shipments,status=in_transit,2026-09-15T02:27:54.636Z,72,ok,131,,,0
Q01780,2,1,get_shipment,ORBU6345416,2026-09-15T02:27:55.530Z,65,ok,,145,,0
Q01780,3,1,get_shipment,CBTU1905850,2026-09-15T02:27:56.349Z,71,ok,,145,,0
Q01780,4,1,get_shipment,SNDU7312081,2026-09-15T02:27:56.981Z,67,ok,,145,,0
Q01780,5,1,carrier_track,SNDU7312081,2026-09-15T02:27:57.832Z,2388,ok,,145,0,0.004
Q01780,6,1,get_shipment,CBTU5441883,2026-09-15T02:28:00.991Z,41,ok,,148,,0
Q01780,7,1,get_shipment,SNDU6001115,2026-09-15T02:28:01.953Z,59,ok,,147,,0
Q01780,8,1,carrier_track,SNDU6001115,2026-09-15T02:28:02.640Z,1297,ok,,147,0,0.004
Q01780,9,1,get_shipment,KSTU7722368,2026-09-15T02:28:04.874Z,50,ok,,147,,0
Q01780,10,1,carrier_track,KSTU7722368,2026-09-15T02:28:05.890Z,1787,ok,,147,0,0.004
Q01780,11,1,get_shipment,ORBU1486206,2026-09-15T02:28:08.533Z,54,ok,,148,,0
Q01780,12,1,get_shipment,CBTU6776075,2026-09-15T02:28:09.415Z,79,ok,,147,,0
Q01780,13,1,get_shipment,ZNTU6771478,2026-09-15T02:28:10.443Z,64,ok,,148,,0
Q01780,14,1,get_shipment,ZNTU4344024,2026-09-15T02:28:11.443Z,43,ok,,146,,0
Q01780,15,1,carrier_track,ZNTU4344024,2026-09-15T02:28:12.519Z,1684,ok,,146,0,0.004
Q01780,16,1,get_shipment,ORBU2455421,2026-09-15T02:28:14.989Z,44,ok,,147,,0
Q01780,17,1,get_shipment,KSTU8807342,2026-09-15T02:28:16.408Z,62,ok,,146,,0
Q01780,18,1,get_shipment,CBTU2724228,2026-09-15T02:28:18.103Z,110,ok,,148,,0
Q01780,19,1,get_shipment,ORBU8686665,2026-09-15T02:28:19.048Z,52,ok,,147,,0
Q01780,20,1,get_shipment,KSTU1065976,2026-09-15T02:28:20.118Z,43,ok,,147,,0
Q01780,21,1,carrier_track,KSTU1065976,2026-09-15T02:28:21.508Z,3702,ok,,147,0,0.004
Q01780,22,1,get_shipment,SNDU9094788,2026-09-15T02:28:25.923Z,44,ok,,148,,0
Q01780,23,1,carrier_track,SNDU9094788,2026-09-15T02:28:26.929Z,2678,ok,,148,0,0.004
Q01780,24,1,get_shipment,SNDU1467509,2026-09-15T02:28:30.730Z,47,ok,,147,,0
Q01780,25,1,get_shipment,SNDU9481774,2026-09-15T02:28:31.754Z,30,ok,,147,,0
Q01782,1,1,get_shipment,ZNTU2797106,2026-09-15T02:56:56.259Z,69,ok,,176,,0
Q01782,2,1,carrier_track,ZNTU2797106,2026-09-15T02:56:56.977Z,2771,ok,,176,0,0.004
Q01783,1,1,get_shipment,ORBU7490238,2026-09-15T02:57:18.765Z,85,ok,,177,,0
Q01783,2,1,carrier_track,ORBU7490238,2026-09-15T02:57:20.082Z,2509,ok,,177,0,0.004
Q01784,1,1,get_shipment,QVRU1663476,2026-09-15T03:03:40.708Z,46,ok,,183,,0
Q01784,2,1,carrier_track,QVRU1663476,2026-09-15T03:03:41.602Z,2543,ok,,183,1,0.004
Q01786,1,1,get_shipment,ZNTU4928817,2026-09-15T03:05:30.924Z,54,ok,,185,,0
Q01786,2,1,carrier_track,ZNTU4928817,2026-09-15T03:05:32.117Z,1708,ok,,185,0,0.004
Q01787,1,1,get_shipment,SNDU6784955,2026-09-15T03:05:59.872Z,97,ok,,184,,0
Q01787,2,1,carrier_track,SNDU6784955,2026-09-15T03:06:00.694Z,2357,ok,,185,0,0.004
Q01788,1,1,get_shipment,CBTU8562502,2026-09-15T03:11:12.876Z,85,ok,,190,,0
Q01788,2,1,carrier_track,CBTU8562502,2026-09-15T03:11:13.829Z,1649,ok,,190,0,0.004
Q01789,1,1,get_shipment,ZNTU9156086,2026-09-15T03:20:24.163Z,78,ok,,199,,0
Q01791,1,1,get_shipment,QVRU8335233,2026-09-15T03:33:23.835Z,66,ok,,213,,0
Q01791,2,1,carrier_track,QVRU8335233,2026-09-15T03:33:24.784Z,1997,ok,,213,1,0.004
Q01792,1,1,get_shipment,ORBU5928846,2026-09-15T03:36:00.349Z,39,ok,,214,,0
Q01792,2,1,carrier_track,ORBU5928846,2026-09-15T03:36:01.353Z,4112,ok,,214,0,0.004
Q01793,1,1,list_shipments,status=in_transit,2026-09-15T03:52:28.542Z,137,ok,131,,,0
Q01793,2,1,get_shipment,ORBU6345416,2026-09-15T03:52:29.539Z,62,ok,,230,,0
Q01793,3,1,get_shipment,CBTU1905850,2026-09-15T03:52:30.434Z,90,ok,,230,,0
Q01793,4,1,get_shipment,SNDU7312081,2026-09-15T03:52:31.293Z,66,ok,,230,,0
Q01793,5,1,carrier_track,SNDU7312081,2026-09-15T03:52:32.042Z,2465,ok,,230,0,0.004
Q01793,6,1,get_shipment,CBTU5441883,2026-09-15T03:52:35.045Z,58,ok,,232,,0
Q01793,7,1,get_shipment,SNDU6001115,2026-09-15T03:52:35.623Z,72,ok,,231,,0
Q01793,8,1,carrier_track,SNDU6001115,2026-09-15T03:52:36.873Z,1433,ok,,231,0,0.004
Q01793,9,1,get_shipment,KSTU7722368,2026-09-15T03:52:38.784Z,40,ok,,231,,0
Q01793,10,1,get_shipment,ORBU1486206,2026-09-15T03:52:39.507Z,70,ok,,232,,0
Q01793,11,1,get_shipment,CBTU6776075,2026-09-15T03:52:40.485Z,54,ok,,231,,0
Q01793,12,1,carrier_track,CBTU6776075,2026-09-15T03:52:41.262Z,1183,ok,,231,0,0.004
Q01793,13,1,get_shipment,ZNTU6771478,2026-09-15T03:52:43.765Z,56,ok,,232,,0
Q01793,14,1,get_shipment,ZNTU4344024,2026-09-15T03:52:44.915Z,47,ok,,230,,0
Q01793,15,1,carrier_track,ZNTU4344024,2026-09-15T03:52:46.366Z,2438,ok,,230,0,0.004
Q01793,16,1,get_shipment,ORBU2455421,2026-09-15T03:52:49.761Z,60,ok,,231,,0
Q01793,17,1,get_shipment,KSTU8807342,2026-09-15T03:52:51.000Z,40,ok,,230,,0
Q01793,18,1,carrier_track,KSTU8807342,2026-09-15T03:52:51.865Z,1736,ok,,230,0,0.004
Q01793,19,1,get_shipment,CBTU2724228,2026-09-15T03:52:54.471Z,97,ok,,232,,0
Q01793,20,1,get_shipment,ORBU8686665,2026-09-15T03:52:55.089Z,62,ok,,231,,0
Q01793,21,1,carrier_track,ORBU8686665,2026-09-15T03:52:56.511Z,4431,ok,,231,0,0.004
Q01793,22,1,get_shipment,KSTU1065976,2026-09-15T03:53:02.002Z,52,ok,,232,,0
Q01793,23,1,get_shipment,SNDU9094788,2026-09-15T03:53:02.787Z,47,ok,,233,,0
Q01793,24,1,carrier_track,SNDU9094788,2026-09-15T03:53:03.764Z,3204,ok,,233,1,0.004
Q01793,25,1,get_shipment,SNDU1467509,2026-09-15T03:53:07.692Z,40,ok,,232,,0
Q01795,1,1,get_shipment,QVRU6705153,2026-09-15T03:55:36.364Z,51,ok,,235,,0
Q01795,2,1,carrier_track,QVRU6705153,2026-09-15T03:55:37.622Z,1223,ok,,235,0,0.004
Q01796,1,1,get_shipment,SNDU9317551,2026-09-15T05:24:41.098Z,31,ok,,83,,0
Q01798,1,1,get_shipment,ZNTU6302909,2026-09-15T05:50:18.964Z,69,ok,,109,,0
Q01798,2,1,carrier_track,ZNTU6302909,2026-09-15T05:50:20.020Z,1631,ok,,109,0,0.004
Q01799,1,1,get_shipment,ZNTU6271400,2026-09-15T06:17:08.818Z,96,ok,,137,,0
Q01799,2,1,carrier_track,ZNTU6271400,2026-09-15T06:17:09.481Z,3423,ok,,137,0,0.004
Q01800,1,1,get_shipment,CBTU5441883,2026-09-15T06:18:33.750Z,46,ok,,138,,0
Q01800,2,1,carrier_track,CBTU5441883,2026-09-15T06:18:34.657Z,2900,ok,,138,0,0.004
Q01801,1,1,search_docs,BK813728,2026-09-15T06:20:59.536Z,354,ok,,,,0
Q01802,1,1,get_shipment,ORBU4341855,2026-09-15T06:28:28.227Z,66,ok,,148,,0
Q01802,2,1,carrier_track,ORBU4341855,2026-09-15T06:28:29.181Z,1467,ok,,148,0,0.004
Q01803,1,1,search_docs,BK157995,2026-09-15T06:47:48.820Z,566,ok,,,,0
Q01803,2,1,search_docs,BK157995,2026-09-15T06:47:50.099Z,280,ok,,,,0
Q01804,1,1,get_shipment,SNDU6752099,2026-09-15T07:00:22.238Z,55,ok,,178,,0
Q01805,1,1,search_docs,BK601871,2026-09-15T07:05:24.688Z,455,ok,,,,0
Q01805,2,1,search_docs,BK601871,2026-09-15T07:05:26.087Z,548,ok,,,,0
Q01806,1,1,get_shipment,ORBU8695218,2026-09-15T07:20:23.284Z,59,ok,,198,,0
Q01807,1,1,list_shipments,status=at_origin,2026-09-15T07:22:12.579Z,166,ok,14,,,0
Q01807,2,1,get_shipment,KSTU9097578,2026-09-15T07:22:13.521Z,54,ok,,202,,0
Q01807,3,1,get_shipment,SNDU5956897,2026-09-15T07:22:14.521Z,41,ok,,202,,0
Q01807,4,1,carrier_track,SNDU5956897,2026-09-15T07:22:15.455Z,1537,ok,,202,0,0.004
Q01807,5,1,get_shipment,CBTU3344092,2026-09-15T07:22:18.289Z,57,ok,,202,,0
Q01807,6,1,carrier_track,CBTU3344092,2026-09-15T07:22:19.143Z,1488,ok,,202,0,0.004
Q01807,7,1,get_shipment,ORBU5101131,2026-09-15T07:22:21.492Z,53,ok,,201,,0
Q01807,8,1,get_shipment,SNDU4342860,2026-09-15T07:22:22.189Z,77,ok,,202,,0
Q01807,9,1,carrier_track,SNDU4342860,2026-09-15T07:22:23.365Z,1343,ok,,202,0,0.004
Q01807,10,1,get_shipment,QVRU4442996,2026-09-15T07:22:25.547Z,53,ok,,202,,0
Q01807,11,1,get_shipment,ZNTU3075480,2026-09-15T07:22:26.926Z,41,ok,,201,,0
Q01807,12,1,get_shipment,ORBU6160600,2026-09-15T07:22:28.216Z,39,ok,,200,,0
Q01807,13,1,get_shipment,QVRU4249869,2026-09-15T07:22:29.013Z,91,ok,,202,,0
Q01807,14,1,get_shipment,ZNTU3942584,2026-09-15T07:22:29.785Z,51,ok,,200,,0
Q01807,15,1,carrier_track,ZNTU3942584,2026-09-15T07:22:30.700Z,2780,ok,,200,0,0.004
Q01807,16,1,get_shipment,QVRU9225729,2026-09-15T07:22:34.556Z,73,ok,,202,,0
Q01807,17,1,get_shipment,KSTU4962997,2026-09-15T07:22:35.354Z,58,ok,,200,,0
Q01807,18,1,get_shipment,CBTU4732128,2026-09-15T07:22:36.390Z,41,ok,,202,,0
Q01807,19,1,carrier_track,CBTU4732128,2026-09-15T07:22:37.738Z,2370,ok,,202,0,0.004
Q01807,20,1,get_shipment,ORBU7933796,2026-09-15T07:22:41.028Z,38,ok,,200,,0
Q01809,1,1,search_docs,BK592299,2026-09-15T08:04:18.682Z,855,ok,,,,0
Q01810,1,1,get_shipment,ZNTU3324861,2026-09-15T08:29:47.264Z,117,ok,,27,,0
Q01812,1,1,get_shipment,CBTU5364912,2026-09-15T08:59:47.814Z,57,ok,,57,,0
Q01813,1,1,get_shipment,CBTU4709891,2026-09-15T09:24:54.776Z,78,ok,,83,,0
Q01813,2,1,carrier_track,CBTU4709891,2026-09-15T09:24:55.562Z,2037,ok,,83,0,0.004
Q01814,1,1,list_shipments,status=in_transit,2026-09-15T09:50:41.199Z,146,ok,131,,,0
Q01814,2,1,get_shipment,ORBU6345416,2026-09-15T09:50:42.095Z,58,ok,,108,,0
Q01814,3,1,carrier_track,ORBU6345416,2026-09-15T09:50:43.029Z,3128,ok,,108,0,0.004
Q01814,4,1,get_shipment,CBTU1905850,2026-09-15T09:50:46.945Z,51,ok,,108,,0
Q01814,5,1,get_shipment,SNDU7312081,2026-09-15T09:50:47.610Z,42,ok,,108,,0
Q01814,6,1,get_shipment,CBTU5441883,2026-09-15T09:50:48.549Z,81,ok,,110,,0
Q01814,7,1,get_shipment,SNDU6001115,2026-09-15T09:50:49.472Z,59,ok,,109,,0
Q01814,8,1,carrier_track,SNDU6001115,2026-09-15T09:50:50.536Z,2178,ok,,109,0,0.004
Q01814,9,1,get_shipment,KSTU7722368,2026-09-15T09:50:53.745Z,63,ok,,109,,0
Q01814,10,1,carrier_track,KSTU7722368,2026-09-15T09:50:54.835Z,2582,ok,,109,0,0.004
Q01814,11,1,get_shipment,ORBU1486206,2026-09-15T09:50:58.973Z,53,ok,,110,,0
Q01814,12,1,carrier_track,ORBU1486206,2026-09-15T09:50:59.737Z,1910,ok,,110,0,0.004
Q01814,13,1,get_shipment,CBTU6776075,2026-09-15T09:51:02.475Z,52,ok,,110,,0
Q01814,14,1,get_shipment,ZNTU6771478,2026-09-15T09:51:03.725Z,39,ok,,111,,0
Q01814,15,1,get_shipment,ZNTU4344024,2026-09-15T09:51:04.458Z,113,ok,,109,,0
Q01814,16,1,carrier_track,ZNTU4344024,2026-09-15T09:51:05.968Z,1843,ok,,109,0,0.004
Q01814,17,1,get_shipment,ORBU2455421,2026-09-15T09:51:08.716Z,44,ok,,110,,0
Q01814,18,1,carrier_track,ORBU2455421,2026-09-15T09:51:10.157Z,5451,ok,,110,1,0.004
Q01814,19,1,get_shipment,KSTU8807342,2026-09-15T09:51:16.487Z,88,ok,,109,,0
Q01814,20,1,carrier_track,KSTU8807342,2026-09-15T09:51:17.690Z,2387,ok,,109,0,0.004
Q01814,21,1,get_shipment,CBTU2724228,2026-09-15T09:51:21.468Z,87,ok,,111,,0
Q01814,22,1,carrier_track,CBTU2724228,2026-09-15T09:51:22.412Z,3363,ok,,111,0,0.004
Q01814,23,1,get_shipment,ORBU8686665,2026-09-15T09:51:26.680Z,80,ok,,110,,0
Q01814,24,1,carrier_track,ORBU8686665,2026-09-15T09:51:27.926Z,1631,ok,,110,0,0.004
Q01814,25,1,get_shipment,KSTU1065976,2026-09-15T09:51:30.682Z,38,ok,,110,,0
Q01817,1,1,get_shipment,CBTU8562502,2026-09-16T00:16:38.959Z,58,ok,,15,,0
Q01817,2,1,carrier_track,CBTU8562502,2026-09-16T00:16:40.146Z,2325,ok,,15,0,0.004
Q01818,1,1,get_shipment,KSTU5276741,2026-09-16T00:56:01.638Z,70,ok,,56,,0
Q01818,2,1,carrier_track,KSTU5276741,2026-09-16T00:56:02.539Z,2490,ok,,56,0,0.004
Q01819,1,1,get_shipment,QVRU2137959,2026-09-16T01:06:55.783Z,47,ok,,65,,0
Q01819,2,1,carrier_track,QVRU2137959,2026-09-16T01:06:56.546Z,1576,ok,,65,0,0.004
Q01820,1,1,search_docs,BK592299,2026-09-16T01:17:11.676Z,469,ok,,,,0
Q01821,1,1,get_shipment,CBTU9998559,2026-09-16T01:18:42.028Z,58,ok,,78,,0
Q01821,2,1,carrier_track,CBTU9998559,2026-09-16T01:18:42.896Z,1713,ok,,78,0,0.004
Q01822,1,1,get_shipment,CBTU7535001,2026-09-16T01:19:50.509Z,80,ok,,79,,0
Q01822,2,1,carrier_track,CBTU7535001,2026-09-16T01:19:51.344Z,2204,ok,,79,0,0.004
Q01823,1,1,get_shipment,ZNTU5211866,2026-09-16T01:22:03.527Z,65,ok,,81,,0
Q01823,2,1,carrier_track,ZNTU5211866,2026-09-16T01:22:04.207Z,2124,ok,,81,0,0.004
Q01824,1,1,get_shipment,ORBU5358856,2026-09-16T01:23:59.451Z,59,ok,,83,,0
Q01824,2,1,carrier_track,ORBU5358856,2026-09-16T01:24:00.504Z,2680,ok,,84,0,0.004
Q01825,1,1,list_shipments,status=in_transit,2026-09-16T01:26:04.668Z,92,ok,130,,,0
Q01825,2,1,get_shipment,ORBU6345416,2026-09-16T01:26:05.837Z,77,ok,,84,,0
Q01825,3,1,carrier_track,ORBU6345416,2026-09-16T01:26:06.895Z,1448,ok,,84,0,0.004
Q01825,4,1,get_shipment,CBTU1905850,2026-09-16T01:26:09.105Z,62,ok,,84,,0
Q01825,5,1,carrier_track,CBTU1905850,2026-09-16T01:26:09.922Z,1611,ok,,84,0,0.004
Q01825,6,1,get_shipment,SNDU7312081,2026-09-16T01:26:12.449Z,84,ok,,84,,0
Q01825,7,1,carrier_track,SNDU7312081,2026-09-16T01:26:13.558Z,1478,ok,,84,0,0.004
Q01825,8,1,get_shipment,CBTU5441883,2026-09-16T01:26:15.695Z,80,ok,,86,,0
Q01825,9,1,carrier_track,CBTU5441883,2026-09-16T01:26:16.712Z,2025,ok,,86,0,0.004
Q01825,10,1,get_shipment,SNDU6001115,2026-09-16T01:26:19.715Z,42,ok,,85,,0
Q01825,11,1,carrier_track,SNDU6001115,2026-09-16T01:26:20.703Z,3420,ok,,85,0,0.004
Q01825,12,1,get_shipment,KSTU7722368,2026-09-16T01:26:25.494Z,79,ok,,85,,0
Q01825,13,1,carrier_track,KSTU7722368,2026-09-16T01:26:26.658Z,1325,ok,,85,0,0.004
Q01825,14,1,get_shipment,ORBU1486206,2026-09-16T01:26:28.581Z,100,ok,,86,,0
Q01825,15,1,get_shipment,CBTU6776075,2026-09-16T01:26:29.936Z,50,ok,,85,,0
Q01825,16,1,get_shipment,ZNTU6771478,2026-09-16T01:26:30.925Z,61,ok,,86,,0
Q01825,17,1,carrier_track,ZNTU6771478,2026-09-16T01:26:31.987Z,2692,ok,,86,0,0.004
Q01825,18,1,get_shipment,ZNTU4344024,2026-09-16T01:26:35.950Z,67,ok,,84,,0
Q01825,19,1,carrier_track,ZNTU4344024,2026-09-16T01:26:37.120Z,2057,ok,,84,1,0.004
Q01825,20,1,get_shipment,ORBU2455421,2026-09-16T01:26:39.996Z,46,ok,,85,,0
Q01825,21,1,carrier_track,ORBU2455421,2026-09-16T01:26:40.757Z,2004,ok,,85,0,0.004
Q01825,22,1,get_shipment,KSTU8807342,2026-09-16T01:26:43.594Z,36,ok,,84,,0
Q01825,23,1,carrier_track,KSTU8807342,2026-09-16T01:26:44.886Z,1876,ok,,84,0,0.004
Q01825,24,1,get_shipment,CBTU2724228,2026-09-16T01:26:47.775Z,55,ok,,86,,0
Q01825,25,1,get_shipment,ORBU8686665,2026-09-16T01:26:48.863Z,73,ok,,85,,0
Q01827,1,1,get_shipment,SNDU6841952,2026-09-16T01:43:27.483Z,70,ok,,103,,0
Q01828,1,1,get_shipment,SNDU7152201,2026-09-16T01:43:51.472Z,45,ok,,101,,0
Q01828,2,1,carrier_track,SNDU7152201,2026-09-16T01:43:52.186Z,2599,ok,,101,0,0.004
Q01830,1,1,search_docs,BK525112,2026-09-16T01:52:07.227Z,422,ok,,,,0
Q01831,1,1,get_shipment,SNDU9339547,2026-09-16T01:52:12.667Z,51,ok,,111,,0
Q01831,2,1,carrier_track,SNDU9339547,2026-09-16T01:52:13.183Z,2811,ok,,111,0,0.004
Q01832,1,1,get_shipment,KSTU7722368,2026-09-16T01:56:12.264Z,37,ok,,115,,0
Q01832,2,1,carrier_track,KSTU7722368,2026-09-16T01:56:13.217Z,1808,ok,,115,0,0.004
Q01833,1,1,get_shipment,ORBU8695218,2026-09-16T02:12:01.657Z,91,ok,,130,,0
Q01834,1,1,get_shipment,KSTU7143536,2026-09-16T02:47:28.925Z,88,ok,,166,,0
Q01834,2,1,carrier_track,KSTU7143536,2026-09-16T02:47:30.238Z,933,ok,,166,0,0.004
Q01835,1,1,get_shipment,QVRU4028605,2026-09-16T02:58:54.342Z,135,ok,,178,,0
Q01836,1,1,get_shipment,QVRU4249869,2026-09-16T03:08:01.373Z,60,ok,,188,,0
Q01837,1,1,list_shipments,status=in_transit,2026-09-16T03:11:53.872Z,98,ok,2,,,0
Q01837,2,1,get_shipment,ZNTU3324861,2026-09-16T03:11:55.425Z,61,ok,,189,,0
Q01837,3,1,carrier_track,ZNTU3324861,2026-09-16T03:11:56.482Z,1944,ok,,189,1,0.004
Q01837,4,1,get_shipment,CBTU5364912,2026-09-16T03:11:59.472Z,78,ok,,189,,0
Q01839,1,1,get_shipment,ZNTU2607335,2026-09-16T03:58:22.688Z,63,ok,,237,,0
Q01839,2,1,carrier_track,ZNTU2607335,2026-09-16T03:58:23.770Z,2565,ok,,237,0,0.004
Q01840,1,1,get_shipment,KSTU9862688,2026-09-16T04:44:01.969Z,55,ok,,44,,0
Q01840,2,1,carrier_track,KSTU9862688,2026-09-16T04:44:02.951Z,2200,ok,,44,0,0.004
Q01841,1,1,search_docs,BK497881,2026-09-16T04:55:49.067Z,553,ok,,,,0
Q01841,2,1,search_docs,BK497881,2026-09-16T04:55:50.591Z,721,ok,,,,0
Q01842,1,1,search_docs,BK320030,2026-09-16T05:02:09.467Z,468,ok,,,,0
Q01843,1,1,get_shipment,BK854526,2026-09-16T05:20:50.481Z,57,ok,,79,,0
Q01843,2,1,carrier_track,SNDU4413086,2026-09-16T05:20:51.351Z,1993,ok,,79,0,0.004
Q01844,1,1,get_shipment,SNDU2529286,2026-09-16T06:01:15.221Z,51,ok,,120,,0
Q01844,2,1,carrier_track,SNDU2529286,2026-09-16T06:01:16.062Z,1638,ok,,120,0,0.004
Q01845,1,1,search_docs,BK360060,2026-09-16T06:04:27.421Z,443,ok,,,,0
Q01846,1,1,get_shipment,BK922369,2026-09-16T06:08:28.438Z,54,ok,,128,,0
Q01847,1,1,get_shipment,SNDU5956897,2026-09-16T06:24:22.626Z,46,ok,,144,,0
Q01848,1,1,get_shipment,CBTU9998559,2026-09-16T06:33:40.885Z,96,ok,,153,,0
Q01849,1,1,get_shipment,CBTU2724228,2026-09-16T06:53:15.480Z,45,ok,,173,,0
Q01849,2,1,carrier_track,CBTU2724228,2026-09-16T06:53:16.322Z,2238,ok,,173,0,0.004
Q01850,1,1,get_shipment,SNDU2826877,2026-09-16T07:05:10.017Z,50,ok,,184,,0
Q01850,2,1,carrier_track,SNDU2826877,2026-09-16T07:05:11.019Z,2173,ok,,184,0,0.004
Q01851,1,1,get_shipment,ORBU1063277,2026-09-16T07:07:18.279Z,53,ok,,185,,0
Q01851,2,1,carrier_track,ORBU1063277,2026-09-16T07:07:19.131Z,3750,ok,,185,0,0.004
Q01852,1,1,get_shipment,SNDU6841952,2026-09-16T07:18:38.679Z,52,ok,,198,,0
Q01853,1,1,list_shipments,status=in_transit,2026-09-16T07:19:54.875Z,54,ok,4,,,0
Q01853,2,1,get_shipment,CBTU5441883,2026-09-16T07:19:55.693Z,79,ok,,199,,0
Q01853,3,1,carrier_track,CBTU5441883,2026-09-16T07:19:56.753Z,1893,ok,,199,0,0.004
Q01853,4,1,get_shipment,SNDU6001115,2026-09-16T07:19:59.707Z,63,ok,,198,,0
Q01853,5,1,carrier_track,SNDU6001115,2026-09-16T07:20:00.773Z,3197,ok,,199,0,0.004
Q01853,6,1,get_shipment,KSTU7722368,2026-09-16T07:20:04.894Z,145,ok,,199,,0
Q01853,7,1,carrier_track,KSTU7722368,2026-09-16T07:20:05.903Z,3148,ok,,199,0,0.004
Q01853,8,1,get_shipment,ORBU1486206,2026-09-16T07:20:09.809Z,59,ok,,200,,0
Q01853,9,1,carrier_track,ORBU1486206,2026-09-16T07:20:11.002Z,1898,ok,,200,0,0.004
Q01854,1,1,get_shipment,BK364444,2026-09-16T07:39:10.541Z,76,ok,,219,,0
Q01854,2,1,carrier_track,CBTU8950025,2026-09-16T07:39:11.683Z,1559,ok,,219,0,0.004
Q01855,1,1,get_shipment,SNDU9217889,2026-09-16T07:49:46.451Z,112,ok,,227,,0
Q01856,1,1,get_shipment,ZNTU3324861,2026-09-16T07:57:00.771Z,73,ok,,235,,0
Q01856,2,1,carrier_track,ZNTU3324861,2026-09-16T07:57:01.662Z,1774,ok,,235,1,0.004
Q01857,1,1,get_shipment,ORBU8700252,2026-09-16T08:03:36.122Z,49,ok,,2,,0
Q01857,2,1,carrier_track,ORBU8700252,2026-09-16T08:03:36.709Z,1711,ok,,2,0,0.004
Q01858,1,1,get_shipment,CBTU4857765,2026-09-16T08:50:02.290Z,69,ok,,49,,0
Q01860,1,1,get_shipment,ZNTU3839727,2026-09-16T09:19:08.596Z,72,ok,,78,,0
Q01861,1,1,search_docs,BK796705,2026-09-16T09:29:12.566Z,388,ok,,,,0
Q01862,1,1,get_shipment,ORBU5012569,2026-09-16T09:49:13.279Z,81,ok,,107,,0
Q01862,2,1,carrier_track,ORBU5012569,2026-09-16T09:49:13.898Z,2485,ok,,107,0,0.004
Q01863,1,1,get_shipment,QVRU7318605,2026-09-17T00:05:26.678Z,72,ok,,5,,0
Q01863,2,1,carrier_track,QVRU7318605,2026-09-17T00:05:27.710Z,1286,ok,,5,0,0.004
Q01864,1,1,get_shipment,QVRU7174423,2026-09-17T00:06:55.937Z,63,ok,,5,,0
Q01864,2,1,carrier_track,QVRU7174423,2026-09-17T00:06:56.911Z,985,ok,,5,0,0.004
Q01865,1,1,get_shipment,ZNTU9408575,2026-09-17T00:16:31.653Z,47,ok,,16,,0
Q01866,1,1,list_shipments,status=at_origin,2026-09-17T01:04:17.108Z,102,ok,8,,,0
Q01866,2,1,get_shipment,KSTU9097578,2026-09-17T01:04:17.943Z,33,ok,,64,,0
Q01866,3,1,carrier_track,KSTU9097578,2026-09-17T01:04:18.586Z,2871,ok,,64,0,0.004
Q01866,4,1,get_shipment,CBTU3344092,2026-09-17T01:04:22.609Z,62,ok,,64,,0
Q01866,5,1,carrier_track,CBTU3344092,2026-09-17T01:04:23.714Z,2220,ok,,64,0,0.004
Q01866,6,1,get_shipment,SNDU4342860,2026-09-17T01:04:26.996Z,46,ok,,64,,0
Q01866,7,1,carrier_track,SNDU4342860,2026-09-17T01:04:27.751Z,2069,ok,,64,0,0.004
Q01866,8,1,get_shipment,QVRU4249869,2026-09-17T01:04:30.453Z,75,ok,,64,,0
Q01866,9,1,carrier_track,QVRU4249869,2026-09-17T01:04:31.348Z,2166,ok,,64,0,0.004
Q01866,10,1,get_shipment,ZNTU3942584,2026-09-17T01:04:34.478Z,46,ok,,62,,0
Q01866,11,1,carrier_track,ZNTU3942584,2026-09-17T01:04:35.456Z,3018,ok,,62,0,0.004
Q01866,12,1,get_shipment,QVRU9225729,2026-09-17T01:04:39.510Z,73,ok,,64,,0
Q01866,13,1,carrier_track,QVRU9225729,2026-09-17T01:04:40.580Z,2918,ok,,64,0,0.004
Q01866,14,1,get_shipment,CBTU4732128,2026-09-17T01:04:44.436Z,47,ok,,64,,0
Q01866,15,1,get_shipment,ORBU7933796,2026-09-17T01:04:45.784Z,52,ok,,62,,0
Q01866,16,1,carrier_track,ORBU7933796,2026-09-17T01:04:46.579Z,1772,ok,,62,0,0.004
Q01867,1,1,list_shipments,status=in_transit,2026-09-17T01:17:27.999Z,90,ok,132,,,0
Q01867,2,1,get_shipment,ORBU6345416,2026-09-17T01:17:28.625Z,59,ok,,75,,0
Q01867,3,1,carrier_track,ORBU6345416,2026-09-17T01:17:29.197Z,1433,ok,,75,0,0.004
Q01867,4,1,get_shipment,CBTU1905850,2026-09-17T01:17:31.522Z,71,ok,,75,,0
Q01867,5,1,carrier_track,CBTU1905850,2026-09-17T01:17:32.342Z,1944,ok,,75,0,0.004
Q01867,6,1,get_shipment,SNDU7312081,2026-09-17T01:17:35.146Z,50,ok,,75,,0
Q01867,7,1,carrier_track,SNDU7312081,2026-09-17T01:17:36.406Z,2460,ok,,75,0,0.004
Q01867,8,1,get_shipment,CBTU5441883,2026-09-17T01:17:40.726Z,76,ok,,77,,0
Q01867,9,1,get_shipment,SNDU6001115,2026-09-17T01:17:41.878Z,73,ok,,76,,0
Q01867,10,1,carrier_track,SNDU6001115,2026-09-17T01:17:42.957Z,1959,ok,,76,0,0.004
Q01867,11,1,get_shipment,KSTU7722368,2026-09-17T01:17:46.133Z,60,ok,,76,,0
Q01867,12,1,carrier_track,KSTU7722368,2026-09-17T01:17:46.716Z,2322,ok,,76,0,0.004
Q01867,13,1,get_shipment,ORBU1486206,2026-09-17T01:17:49.950Z,36,ok,,77,,0
Q01867,14,1,get_shipment,CBTU6776075,2026-09-17T01:17:50.595Z,79,ok,,76,,0
Q01867,15,1,get_shipment,ZNTU6771478,2026-09-17T01:17:51.613Z,98,ok,,77,,0
Q01867,16,1,carrier_track,ZNTU6771478,2026-09-17T01:17:52.880Z,1746,ok,,77,0,0.004
Q01867,17,1,get_shipment,ZNTU4344024,2026-09-17T01:17:55.773Z,64,ok,,75,,0
Q01867,18,1,get_shipment,ORBU2455421,2026-09-17T01:17:56.762Z,47,ok,,76,,0
Q01867,19,1,carrier_track,ORBU2455421,2026-09-17T01:17:57.616Z,1660,ok,,76,0,0.004
Q01867,20,1,get_shipment,KSTU8807342,2026-09-17T01:18:00.298Z,36,ok,,76,,0
Q01867,21,1,get_shipment,CBTU2724228,2026-09-17T01:18:01.419Z,51,ok,,78,,0
Q01867,22,1,carrier_track,CBTU2724228,2026-09-17T01:18:02.215Z,3203,ok,,78,0,0.004
Q01867,23,1,get_shipment,ORBU8686665,2026-09-17T01:18:06.207Z,69,ok,,77,,0
Q01867,24,1,get_shipment,KSTU1065976,2026-09-17T01:18:06.822Z,60,ok,,77,,0
Q01867,25,1,get_shipment,SNDU9094788,2026-09-17T01:18:07.756Z,97,ok,,78,,0
Q01869,1,1,search_docs,BK509711,2026-09-17T01:24:47.690Z,429,ok,,,,0
Q01869,2,1,get_shipment,BK509711,2026-09-17T01:24:49.123Z,72,ok,,84,,0
Q01870,1,1,get_shipment,SNDU9829995,2026-09-17T01:35:03.833Z,65,ok,,94,,0
Q01870,2,1,carrier_track,SNDU9829995,2026-09-17T01:35:04.569Z,2150,ok,,94,0,0.004
Q01871,1,1,get_shipment,ORBU7933796,2026-09-17T01:46:36.951Z,43,ok,,104,,0
Q01871,2,1,carrier_track,ORBU7933796,2026-09-17T01:46:37.636Z,2105,ok,,104,0,0.004
Q01872,1,1,get_shipment,CBTU6424642,2026-09-17T01:56:46.768Z,66,ok,,115,,0
Q01874,1,1,get_shipment,CBTU4857765,2026-09-17T02:08:41.373Z,48,ok,,127,,0
Q01875,1,1,get_shipment,QVRU2825241,2026-09-17T02:12:45.805Z,83,ok,,132,,0
Q01875,2,1,carrier_track,QVRU2825241,2026-09-17T02:12:46.807Z,2050,ok,,132,0,0.004
Q01876,1,1,search_docs,BK202615,2026-09-17T02:12:50.547Z,458,ok,,,,0
Q01876,2,1,search_docs,BK202615,2026-09-17T02:12:51.920Z,416,ok,,,,0
Q01877,1,1,get_shipment,ORBU5012569,2026-09-17T02:20:44.838Z,51,ok,,138,,0
Q01877,2,1,carrier_track,ORBU5012569,2026-09-17T02:20:45.707Z,2112,ok,,138,0,0.004
Q01878,1,1,get_shipment,SNDU4413086,2026-09-17T02:24:39.167Z,70,ok,,143,,0
Q01878,2,1,carrier_track,SNDU4413086,2026-09-17T02:24:40.277Z,2831,ok,,143,1,0.004
Q01879,1,1,get_shipment,ORBU1486206,2026-09-17T02:44:22.473Z,63,ok,,164,,0
Q01879,2,1,carrier_track,ORBU1486206,2026-09-17T02:44:23.409Z,1246,ok,,164,0,0.004
Q01880,1,1,search_docs,BK637071,2026-09-17T02:52:16.145Z,616,ok,,,,0
Q01880,2,1,get_shipment,BK637071,2026-09-17T02:52:17.576Z,68,ok,,171,,0
Q01881,1,1,get_shipment,KSTU6353232,2026-09-17T02:53:09.231Z,52,ok,,173,,0
Q01882,1,1,get_shipment,ZNTU5253848,2026-09-17T03:09:25.833Z,37,ok,,187,,0
Q01882,2,1,carrier_track,ZNTU5253848,2026-09-17T03:09:26.611Z,3910,ok,,187,0,0.004
Q01885,1,1,get_shipment,ZNTU3013959,2026-09-17T03:59:36.130Z,52,ok,,238,,0
Q01885,2,1,carrier_track,ZNTU3013959,2026-09-17T03:59:37.013Z,1782,ok,,238,0,0.004
Q01886,1,1,search_docs,BK145915,2026-09-17T05:05:50.516Z,797,ok,,,,0
Q01887,1,1,get_shipment,ZNTU9156086,2026-09-17T05:15:40.870Z,51,ok,,74,,0
Q01887,2,1,carrier_track,ZNTU9156086,2026-09-17T05:15:41.915Z,1200,ok,,74,0,0.004
Q01888,1,1,get_shipment,CBTU8950025,2026-09-17T05:30:06.894Z,70,ok,,90,,0
Q01888,2,1,carrier_track,CBTU8950025,2026-09-17T05:30:07.571Z,1654,ok,,90,0,0.004
Q01889,1,1,get_shipment,CBTU8950025,2026-09-17T05:33:05.041Z,73,ok,,93,,0
Q01889,2,1,carrier_track,CBTU8950025,2026-09-17T05:33:06.178Z,2674,ok,,93,1,0.004
Q01890,1,1,get_shipment,QVRU9438453,2026-09-17T05:50:08.780Z,32,ok,,108,,0
Q01890,2,1,carrier_track,QVRU9438453,2026-09-17T05:50:09.493Z,3100,ok,,108,0,0.004
Q01891,1,1,get_shipment,KSTU2579162,2026-09-17T05:52:06.823Z,58,ok,,110,,0
Q01892,1,1,get_shipment,CBTU5364912,2026-09-17T06:08:06.646Z,45,ok,,126,,0
Q01892,2,1,carrier_track,CBTU5364912,2026-09-17T06:08:07.431Z,2453,ok,,126,0,0.004
Q01893,1,1,get_shipment,ORBU6345416,2026-09-17T06:12:25.242Z,49,ok,,130,,0
Q01893,2,1,carrier_track,ORBU6345416,2026-09-17T06:12:26.432Z,1153,ok,,130,0,0.004
Q01894,1,1,get_shipment,SNDU2341639,2026-09-17T06:45:46.958Z,53,ok,,163,,0
Q01894,2,1,carrier_track,SNDU2341639,2026-09-17T06:45:47.597Z,1194,ok,,163,0,0.004
Q01895,1,1,search_docs,BK513223,2026-09-17T06:46:33.960Z,296,ok,,,,0
Q01895,2,1,get_shipment,BK513223,2026-09-17T06:46:34.872Z,78,ok,,165,,0
Q01896,1,1,search_docs,BK813728,2026-09-17T07:02:08.658Z,669,ok,,,,0
Q01896,2,1,search_docs,BK813728,2026-09-17T07:02:09.927Z,609,ok,,,,0
Q01897,1,1,search_docs,BK268146,2026-09-17T07:43:34.071Z,485,ok,,,,0
Q01898,1,1,get_shipment,KSTU3864924,2026-09-17T07:58:04.044Z,64,ok,,237,,0
Q01898,2,1,carrier_track,KSTU3864924,2026-09-17T07:58:05.101Z,2520,ok,,237,0,0.004
Q01899,1,1,get_shipment,QVRU9588001,2026-09-17T08:03:02.592Z,47,ok,,2,,0
Q01899,2,1,carrier_track,QVRU9588001,2026-09-17T08:03:03.563Z,1397,ok,,2,0,0.004
Q01900,1,1,search_docs,BK114797,2026-09-17T08:45:36.383Z,326,ok,,,,0
Q01901,1,1,get_shipment,ORBU5101131,2026-09-17T08:49:14.422Z,45,ok,,48,,0
Q01902,1,1,search_docs,BK513223,2026-09-17T08:56:14.971Z,413,ok,,,,0
Q01903,1,1,get_shipment,SNDU4342860,2026-09-17T09:58:05.472Z,45,ok,,118,,0
Q01903,2,1,carrier_track,SNDU4342860,2026-09-17T09:58:06.132Z,1926,ok,,118,0,0.004
Q01904,1,1,list_shipments,status=in_transit,2026-09-17T10:14:52.848Z,69,ok,5,,,0
Q01904,2,1,get_shipment,ORBU3428539,2026-09-17T10:14:53.855Z,78,ok,,132,,0
Q01904,3,1,carrier_track,ORBU3428539,2026-09-17T10:14:55.172Z,3371,ok,,132,0,0.004
Q01904,4,1,get_shipment,CBTU8201531,2026-09-17T10:14:59.441Z,67,ok,,132,,0
Q01904,5,1,carrier_track,CBTU8201531,2026-09-17T10:15:00.132Z,2078,ok,,133,0,0.004
Q01904,6,1,get_shipment,SNDU1269773,2026-09-17T10:15:02.916Z,70,ok,,133,,0
Q01904,7,1,get_shipment,CBTU8950025,2026-09-17T10:15:03.867Z,98,ok,,135,,0
Q01904,8,1,carrier_track,CBTU8950025,2026-09-17T10:15:05.269Z,2120,ok,,135,0,0.004
Q01904,9,1,get_shipment,CBTU4442978,2026-09-17T10:15:08.106Z,60,ok,,134,,0
Q01905,1,1,get_shipment,ORBU8047636,2026-09-18T00:46:33.099Z,61,ok,,44,,0
Q01905,2,1,carrier_track,ORBU8047636,2026-09-18T00:46:33.755Z,2324,ok,,44,0,0.004
Q01906,1,1,get_shipment,KSTU8582626,2026-09-18T01:12:48.850Z,51,ok,,71,,0
Q01906,2,1,carrier_track,KSTU8582626,2026-09-18T01:12:49.796Z,3174,ok,,71,0,0.004
Q01907,1,1,get_shipment,QVRU4442996,2026-09-18T01:13:30.813Z,54,ok,,73,,0
Q01908,1,1,get_shipment,QVRU4028605,2026-09-18T01:20:38.936Z,50,ok,,80,,0
Q01908,2,1,carrier_track,QVRU4028605,2026-09-18T01:20:39.819Z,2371,ok,,80,0,0.004
Q01910,1,1,get_shipment,SNDU4731386,2026-09-18T01:26:41.343Z,52,ok,,86,,0
Q01910,2,1,carrier_track,SNDU4731386,2026-09-18T01:26:41.875Z,3320,ok,,86,0,0.004
Q01911,1,1,list_shipments,status=in_transit,2026-09-18T01:31:54.527Z,110,ok,131,,,0
Q01911,2,1,get_shipment,ORBU6345416,2026-09-18T01:31:55.336Z,71,ok,,89,,0
Q01911,3,1,carrier_track,ORBU6345416,2026-09-18T01:31:56.235Z,1825,ok,,89,0,0.004
Q01911,4,1,get_shipment,CBTU1905850,2026-09-18T01:31:58.723Z,51,ok,,89,,0
Q01911,5,1,carrier_track,CBTU1905850,2026-09-18T01:31:59.491Z,2236,ok,,89,0,0.004
Q01911,6,1,get_shipment,SNDU7312081,2026-09-18T01:32:02.598Z,43,ok,,90,,0
Q01911,7,1,get_shipment,CBTU5441883,2026-09-18T01:32:03.653Z,67,ok,,92,,0
Q01911,8,1,carrier_track,CBTU5441883,2026-09-18T01:32:05.028Z,948,ok,,92,0,0.004
Q01911,9,1,get_shipment,SNDU6001115,2026-09-18T01:32:06.881Z,37,ok,,91,,0
Q01911,10,1,get_shipment,KSTU7722368,2026-09-18T01:32:07.973Z,54,ok,,91,,0
Q01911,11,1,carrier_track,KSTU7722368,2026-09-18T01:32:08.736Z,3285,ok,,91,0,0.004
Q01911,12,1,get_shipment,ORBU1486206,2026-09-18T01:32:12.690Z,102,ok,,92,,0
Q01911,13,1,get_shipment,CBTU6776075,2026-09-18T01:32:13.834Z,66,ok,,91,,0
Q01911,14,1,get_shipment,KSTU9097578,2026-09-18T01:32:15.339Z,135,ok,,92,,0
Q01911,15,1,get_shipment,ZNTU6771478,2026-09-18T01:32:16.320Z,34,ok,,92,,0
Q01911,16,1,carrier_track,ZNTU6771478,2026-09-18T01:32:17.509Z,2457,ok,,92,0,0.004
Q01911,17,1,get_shipment,ZNTU4344024,2026-09-18T01:32:20.768Z,63,ok,,90,,0
Q01911,18,1,carrier_track,ZNTU4344024,2026-09-18T01:32:21.671Z,1738,ok,,90,0,0.004
Q01911,19,1,get_shipment,ORBU2455421,2026-09-18T01:32:24.528Z,64,ok,,91,,0
Q01911,20,1,get_shipment,KSTU8807342,2026-09-18T01:32:25.570Z,89,ok,,90,,0
Q01911,21,1,get_shipment,CBTU2724228,2026-09-18T01:32:26.880Z,66,ok,,92,,0
Q01911,22,1,get_shipment,ORBU8686665,2026-09-18T01:32:27.905Z,26,ok,,91,,0
Q01911,23,1,carrier_track,ORBU8686665,2026-09-18T01:32:29.114Z,1671,ok,,91,0,0.004
Q01911,24,1,get_shipment,KSTU1065976,2026-09-18T01:32:31.463Z,53,ok,,91,,0
Q01911,25,1,get_shipment,SNDU9094788,2026-09-18T01:32:32.249Z,43,ok,,92,,0
Q01912,1,1,get_shipment,CBTU9998559,2026-09-18T01:32:39.803Z,57,ok,,92,,0
Q01912,2,1,carrier_track,CBTU9998559,2026-09-18T01:32:40.511Z,1916,ok,,92,0,0.004
Q01914,1,1,list_shipments,status=in_transit,2026-09-18T01:51:54.841Z,122,ok,131,,,0
Q01914,2,1,get_shipment,ORBU6345416,2026-09-18T01:51:56.417Z,58,ok,,109,,0
Q01914,3,1,carrier_track,ORBU6345416,2026-09-18T01:51:56.968Z,3079,ok,,109,0,0.004
Q01914,4,1,get_shipment,CBTU1905850,2026-09-18T01:52:00.890Z,62,ok,,110,,0
Q01914,5,1,carrier_track,CBTU1905850,2026-09-18T01:52:01.799Z,3151,ok,,110,0,0.004
Q01914,6,1,get_shipment,SNDU7312081,2026-09-18T01:52:05.891Z,52,ok,,110,,0
Q01914,7,1,carrier_track,SNDU7312081,2026-09-18T01:52:06.686Z,1685,ok,,110,0,0.004
Q01914,8,1,get_shipment,CBTU5441883,2026-09-18T01:52:09.173Z,61,ok,,112,,0
Q01914,9,1,carrier_track,CBTU5441883,2026-09-18T01:52:09.963Z,2758,ok,,112,0,0.004
Q01914,10,1,get_shipment,SNDU6001115,2026-09-18T01:52:13.541Z,44,ok,,111,,0
Q01914,11,1,carrier_track,SNDU6001115,2026-09-18T01:52:14.571Z,2114,ok,,111,0,0.004
Q01914,12,1,get_shipment,KSTU7722368,2026-09-18T01:52:17.246Z,77,ok,,111,,0
Q01914,13,1,carrier_track,KSTU7722368,2026-09-18T01:52:17.979Z,1262,ok,,111,0,0.004
Q01914,14,1,get_shipment,ORBU1486206,2026-09-18T01:52:20.046Z,62,ok,,112,,0
Q01914,15,1,carrier_track,ORBU1486206,2026-09-18T01:52:20.698Z,2208,ok,,112,0,0.004
Q01914,16,1,get_shipment,CBTU6776075,2026-09-18T01:52:23.907Z,47,ok,,111,,0
Q01914,17,1,carrier_track,CBTU6776075,2026-09-18T01:52:24.532Z,1859,ok,,111,0,0.004
Q01914,18,1,get_shipment,KSTU9097578,2026-09-18T01:52:27.268Z,64,ok,,112,,0
Q01914,19,1,carrier_track,KSTU9097578,2026-09-18T01:52:27.984Z,1962,ok,,112,0,0.004
Q01914,20,1,get_shipment,ZNTU6771478,2026-09-18T01:52:31.239Z,52,ok,,112,,0
Q01914,21,1,carrier_track,ZNTU6771478,2026-09-18T01:52:32.203Z,1554,ok,,112,0,0.004
Q01914,22,1,get_shipment,ZNTU4344024,2026-09-18T01:52:34.732Z,55,ok,,110,,0
Q01914,23,1,carrier_track,ZNTU4344024,2026-09-18T01:52:35.770Z,2350,ok,,110,0,0.004
Q01914,24,1,get_shipment,ORBU2455421,2026-09-18T01:52:39.264Z,33,ok,,111,,0
Q01914,25,1,get_shipment,KSTU8807342,2026-09-18T01:52:40.272Z,47,ok,,110,,0
Q01915,1,1,get_shipment,BK204275,2026-09-18T02:16:24.092Z,64,ok,,134,,0
Q01915,2,1,carrier_track,CBTU2881274,2026-09-18T02:16:25.176Z,1726,ok,,134,0,0.004
Q01916,1,1,get_shipment,ZNTU6302909,2026-09-18T02:18:31.494Z,91,ok,,137,,0
Q01916,2,1,carrier_track,ZNTU6302909,2026-09-18T02:18:32.812Z,2139,ok,,137,0,0.004
Q01917,1,1,get_shipment,SNDU6530860,2026-09-18T02:26:20.949Z,52,ok,,146,,0
Q01917,2,1,carrier_track,SNDU6530860,2026-09-18T02:26:21.682Z,1257,ok,,146,0,0.004
Q01918,1,1,search_docs,BK331171,2026-09-18T02:38:06.136Z,370,ok,,,,0
Q01919,1,1,list_shipments,status=in_transit,2026-09-18T02:48:58.222Z,114,ok,131,,,0
Q01919,2,1,get_shipment,ORBU6345416,2026-09-18T02:48:59.143Z,54,ok,,166,,0
Q01919,3,1,carrier_track,ORBU6345416,2026-09-18T02:49:00.210Z,2293,ok,,167,0,0.004
Q01919,4,1,get_shipment,CBTU1905850,2026-09-18T02:49:03.272Z,43,ok,,167,,0
Q01919,5,1,get_shipment,SNDU7312081,2026-09-18T02:49:04.242Z,82,ok,,167,,0
Q01919,6,1,get_shipment,CBTU5441883,2026-09-18T02:49:04.955Z,73,ok,,169,,0
Q01919,7,1,carrier_track,CBTU5441883,2026-09-18T02:49:05.929Z,2174,ok,,169,0,0.004
Q01919,8,1,get_shipment,SNDU6001115,2026-09-18T02:49:09.053Z,54,ok,,168,,0
Q01919,9,1,carrier_track,SNDU6001115,2026-09-18T02:49:10.458Z,2354,ok,,168,0,0.004
Q01919,10,1,get_shipment,KSTU7722368,2026-09-18T02:49:13.636Z,70,ok,,168,,0
Q01919,11,1,carrier_track,KSTU7722368,2026-09-18T02:49:14.493Z,2213,ok,,168,0,0.004
Q01919,12,1,get_shipment,ORBU1486206,2026-09-18T02:49:17.579Z,43,ok,,169,,0
Q01919,13,1,get_shipment,CBTU6776075,2026-09-18T02:49:18.616Z,72,ok,,168,,0
Q01919,14,1,get_shipment,KSTU9097578,2026-09-18T02:49:19.219Z,68,ok,,169,,0
Q01919,15,1,carrier_track,KSTU9097578,2026-09-18T02:49:20.089Z,1514,ok,,169,0,0.004
Q01919,16,1,get_shipment,ZNTU6771478,2026-09-18T02:49:22.974Z,50,ok,,169,,0
Q01919,17,1,get_shipment,ZNTU4344024,2026-09-18T02:49:23.857Z,62,ok,,167,,0
Q01919,18,1,get_shipment,ORBU2455421,2026-09-18T02:49:25.054Z,26,ok,,168,,0
Q01919,19,1,carrier_track,ORBU2455421,2026-09-18T02:49:26.095Z,1128,ok,,168,0,0.004
Q01919,20,1,get_shipment,KSTU8807342,2026-09-18T02:49:28.142Z,58,ok,,167,,0
Q01919,21,1,get_shipment,CBTU2724228,2026-09-18T02:49:29.240Z,67,ok,,169,,0
Q01919,22,1,carrier_track,CBTU2724228,2026-09-18T02:49:30.734Z,1701,ok,,169,0,0.004
Q01919,23,1,get_shipment,ORBU8686665,2026-09-18T02:49:33.027Z,29,ok,,168,,0
Q01919,24,1,carrier_track,ORBU8686665,2026-09-18T02:49:33.730Z,2046,ok,,168,0,0.004
Q01919,25,1,get_shipment,KSTU1065976,2026-09-18T02:49:36.437Z,50,ok,,168,,0
Q01921,1,1,get_shipment,BK859489,2026-09-18T02:55:35.167Z,30,ok,,175,,0
Q01921,2,1,carrier_track,ORBU1813540,2026-09-18T02:55:36.191Z,5338,ok,,175,0,0.004
Q01922,1,1,list_shipments,status=at_origin,2026-09-18T02:56:10.378Z,111,ok,4,,,0
Q01922,2,1,get_shipment,CBTU3344092,2026-09-18T02:56:11.234Z,83,ok,,176,,0
Q01922,3,1,get_shipment,ZNTU3942584,2026-09-18T02:56:12.248Z,52,ok,,174,,0
Q01922,4,1,carrier_track,ZNTU3942584,2026-09-18T02:56:13.278Z,2280,ok,,174,0,0.004
Q01922,5,1,get_shipment,QVRU9225729,2026-09-18T02:56:16.386Z,85,ok,,176,,0
Q01922,6,1,carrier_track,QVRU9225729,2026-09-18T02:56:17.524Z,3063,ok,,176,0,0.004
Q01922,7,1,get_shipment,ORBU7933796,2026-09-18T02:56:21.512Z,106,ok,,174,,0
Q01923,1,1,get_shipment,SNDU4413086,2026-09-18T03:07:48.250Z,63,ok,,186,,0
Q01923,2,1,carrier_track,SNDU4413086,2026-09-18T03:07:49.021Z,2725,ok,,186,0,0.004
Q01925,1,1,get_shipment,KSTU8186330,2026-09-18T03:18:44.645Z,56,ok,,198,,0
Q01925,2,1,carrier_track,KSTU8186330,2026-09-18T03:18:45.923Z,2357,ok,,198,0,0.004
Q01928,1,1,get_shipment,SNDU9339547,2026-09-18T03:49:55.357Z,93,ok,,228,,0
Q01928,2,1,carrier_track,SNDU9339547,2026-09-18T03:49:56.273Z,1627,ok,,228,0,0.004
Q01930,1,1,get_shipment,CBTU3984664,2026-09-18T04:13:49.084Z,64,ok,,12,,0
Q01930,2,1,carrier_track,CBTU3984664,2026-09-18T04:13:49.920Z,1238,ok,,12,0,0.004
Q01931,1,1,search_docs,BK341944,2026-09-18T04:24:15.283Z,406,ok,,,,0
Q01931,2,1,search_docs,BK341944,2026-09-18T04:24:16.593Z,758,ok,,,,0
Q01932,1,1,list_shipments,status=in_transit,2026-09-18T04:38:09.685Z,126,ok,131,,,0
Q01932,2,1,get_shipment,ORBU6345416,2026-09-18T04:38:10.636Z,44,ok,,36,,0
Q01932,3,1,get_shipment,CBTU1905850,2026-09-18T04:38:11.773Z,112,ok,,36,,0
Q01932,4,1,carrier_track,CBTU1905850,2026-09-18T04:38:12.814Z,1655,ok,,36,0,0.004
Q01932,5,1,get_shipment,SNDU7312081,2026-09-18T04:38:15.423Z,57,ok,,36,,0
Q01932,6,1,carrier_track,SNDU7312081,2026-09-18T04:38:16.235Z,1661,ok,,36,0,0.004
Q01932,7,1,get_shipment,CBTU5441883,2026-09-18T04:38:19.135Z,93,ok,,38,,0
Q01932,8,1,get_shipment,SNDU6001115,2026-09-18T04:38:19.866Z,69,ok,,37,,0
Q01932,9,1,carrier_track,SNDU6001115,2026-09-18T04:38:21.237Z,3406,ok,,37,0,0.004
Q01932,10,1,get_shipment,KSTU7722368,2026-09-18T04:38:25.507Z,42,ok,,37,,0
Q01932,11,1,carrier_track,KSTU7722368,2026-09-18T04:38:26.013Z,2740,ok,,37,0,0.004
Q01932,12,1,get_shipment,ORBU1486206,2026-09-18T04:38:30.199Z,43,ok,,38,,0
Q01932,13,1,carrier_track,ORBU1486206,2026-09-18T04:38:31.269Z,1222,ok,,38,0,0.004
Q01932,14,1,get_shipment,CBTU6776075,2026-09-18T04:38:33.669Z,52,ok,,37,,0
Q01932,15,1,carrier_track,CBTU6776075,2026-09-18T04:38:35.029Z,1041,ok,,37,0,0.004
Q01932,16,1,get_shipment,KSTU9097578,2026-09-18T04:38:36.708Z,52,ok,,38,,0
Q01932,17,1,carrier_track,KSTU9097578,2026-09-18T04:38:37.739Z,3096,ok,,38,0,0.004
Q01932,18,1,get_shipment,ZNTU6771478,2026-09-18T04:38:41.636Z,47,ok,,38,,0
Q01932,19,1,get_shipment,ZNTU4344024,2026-09-18T04:38:42.875Z,86,ok,,36,,0
Q01932,20,1,get_shipment,ORBU2455421,2026-09-18T04:38:44.111Z,63,ok,,37,,0
Q01932,21,1,get_shipment,KSTU8807342,2026-09-18T04:38:45.483Z,54,ok,,36,,0
Q01932,22,1,carrier_track,KSTU8807342,2026-09-18T04:38:46.408Z,2174,ok,,36,0,0.004
Q01932,23,1,get_shipment,CBTU2724228,2026-09-18T04:38:50.071Z,78,ok,,38,,0
Q01932,24,1,get_shipment,ORBU8686665,2026-09-18T04:38:51.642Z,44,ok,,37,,0
Q01932,25,1,get_shipment,KSTU1065976,2026-09-18T04:38:52.617Z,59,ok,,37,,0
Q01934,1,1,search_docs,BK662664,2026-09-18T05:02:52.681Z,421,ok,,,,0
Q01934,2,1,get_shipment,BK662664,2026-09-18T05:02:53.744Z,74,ok,,60,,0
Q01935,1,1,get_shipment,SNDU3452752,2026-09-18T05:22:59.765Z,66,ok,,82,,0
Q01935,2,1,carrier_track,SNDU3452752,2026-09-18T05:23:00.470Z,2694,ok,,83,0,0.004
Q01936,1,1,search_docs,BK751323,2026-09-18T05:35:59.611Z,398,ok,,,,0
Q01936,2,1,search_docs,BK751323,2026-09-18T05:36:00.681Z,367,ok,,,,0
Q01937,1,1,get_shipment,ZNTU6302909,2026-09-18T05:44:21.461Z,56,ok,,103,,0
Q01937,2,1,carrier_track,ZNTU6302909,2026-09-18T05:44:22.265Z,2781,ok,,103,0,0.004
Q01939,1,1,get_shipment,BK192023,2026-09-18T05:53:37.616Z,57,ok,,112,,0
Q01939,2,1,carrier_track,ORBU8255295,2026-09-18T05:53:38.481Z,2314,ok,,112,0,0.004
Q01940,1,1,get_shipment,QVRU3380872,2026-09-18T06:05:27.958Z,72,ok,,124,,0
Q01940,2,1,carrier_track,QVRU3380872,2026-09-18T06:05:28.596Z,2571,ok,,124,0,0.004
Q01941,1,1,get_shipment,SNDU6001115,2026-09-18T06:25:36.017Z,81,ok,,144,,0
Q01941,2,1,carrier_track,SNDU6001115,2026-09-18T06:25:36.796Z,1824,ok,,144,0,0.004
Q01943,1,1,get_shipment,QVRU2210728,2026-09-18T06:41:56.509Z,48,ok,,160,,0
Q01943,2,1,carrier_track,QVRU2210728,2026-09-18T06:41:57.524Z,2828,ok,,160,0,0.004
Q01944,1,1,get_shipment,KSTU3260708,2026-09-18T06:59:49.731Z,119,ok,,179,,0
Q01944,2,1,carrier_track,KSTU3260708,2026-09-18T06:59:50.946Z,1449,ok,,179,1,0.004
Q01945,1,1,get_shipment,ORBU5012569,2026-09-18T07:07:39.513Z,40,ok,,185,,0
Q01946,1,1,search_docs,BK157995,2026-09-18T07:32:33.652Z,484,ok,,,,0
Q01947,1,1,get_shipment,ORBU3173581,2026-09-18T08:15:11.467Z,105,ok,,14,,0
Q01947,2,1,carrier_track,ORBU3173581,2026-09-18T08:15:12.465Z,2741,ok,,14,0,0.004
Q01948,1,1,search_docs,BK946580,2026-09-18T09:01:56.997Z,416,ok,,,,0
Q01948,2,1,search_docs,BK946580,2026-09-18T09:01:58.334Z,373,ok,,,,0
Q01948,3,1,get_shipment,BK946580,2026-09-18T09:01:59.930Z,62,ok,,59,,0
Q01949,1,1,search_docs,BK249924,2026-09-18T09:29:42.096Z,448,ok,,,,0
Q01950,1,1,get_shipment,ORBU7490238,2026-09-18T09:35:57.276Z,47,ok,,95,,0
Q01951,1,1,get_shipment,SNDU5956897,2026-09-18T10:40:07.632Z,87,ok,,160,,0
Q01952,1,1,get_shipment,ORBU1365919,2026-09-19T04:50:58.390Z,70,ok,,49,,0
Q01952,2,1,carrier_track,ORBU1365919,2026-09-19T04:50:59.384Z,1710,ok,,49,0,0.004
